road,direction,km,milestone,lat,lng,elevation
南港聯絡道,M,0,000K+000,25.04680111,121.6233197,40.5
南港聯絡道,M,100,000K+100,25.04736788,121.6225496,42.05
南港聯絡道,M,200,000K+200,25.04803847,121.6218877,43.3
南港聯絡道,M,300,000K+300,25.04879394,121.6213472,44.55
南港聯絡道,M,400,000K+400,25.04961585,121.6209406,45.77
南港聯絡道,M,500,000K+500,25.0504849,121.6206767,47.0
南港聯絡道,M,600,000K+600,25.0513809,121.6205656,48.25
南港聯絡道,M,700,000K+700,25.05228177,121.6206041,49.52
南港聯絡道,M,800,000K+800,25.05316649,121.6207947,50.75
南港聯絡道,M,900,000K+900,25.05401689,121.6211246,51.42
南港聯絡道,M,1000,001K+000,25.05483895,121.6215331,49.71
南港聯絡道,M,1100,001K+100,25.05564228,121.6219833,45.4
南港聯絡道,M,1200,001K+200,25.0564793,121.6223458,43.65
南港聯絡道,M,1300,001K+300,25.05737584,121.6223736,44.24
南港聯絡道,M,1400,001K+400,25.05822154,121.622043,44.82
南港聯絡道,M,1408,001K+408,25.05828323,121.6220063,44.88
台26,M,0,000K+000,25.15133196,121.7419578,37.26
台26,M,100,000K+100,25.15159348,121.7410089,39.97
台26,M,200,000K+200,25.151855,121.7400599,42.69
台26,M,300,000K+300,25.15211651,121.739111,45.41
台26,M,400,000K+400,25.15237801,121.7381621,48.12
台26,M,500,000K+500,25.15263951,121.7372131,50.84
台26,M,600,000K+600,25.15285333,121.7362506,54.38
台26,M,700,000K+700,25.15304969,121.7352835,58.35
台26,M,800,000K+800,25.1534456,121.7343979,62.27
台26,M,900,000K+900,25.15377858,121.733491,66.35
台26,M,1000,001K+000,25.15346708,121.7325843,70.31
台26,M,1100,001K+100,25.15289264,121.7318202,74.3
台26,M,1200,001K+200,25.15234485,121.7310344,78.32
台26,M,1300,001K+300,25.1520452,121.7301073,82.09
台26,M,1400,001K+400,25.15209677,121.7291242,83.46
台26,M,1500,001K+500,25.15230803,121.7281612,82.23
台26,M,1600,001K+600,25.15216323,121.7271952,80.26
台26,M,1700,001K+700,25.15158766,121.726443,78.14
台26,M,1800,001K+800,25.15088984,121.725816,75.68
台26,M,1900,001K+900,25.15041923,121.7249745,73.38
台26,M,2000,002K+000,25.14990707,121.7241653,72.69
台26,M,2100,002K+100,25.14914136,121.7236463,74.31
台26,M,2200,002K+200,25.14833791,121.7231948,76.71
台26,M,2300,002K+300,25.14752615,121.7227613,78.7
台26,M,2400,002K+400,25.14671852,121.7223185,80.56
台26,M,2500,002K+500,25.14592036,121.7218559,81.34
台26,M,2600,002K+600,25.14524188,121.7212106,80.75
台26,M,2700,002K+700,25.14468326,121.7204319,79.34
台26,M,2800,002K+800,25.14404008,121.7197511,78.7
台26,M,2900,002K+900,25.14324676,121.719283,79.51
台26,M,3000,003K+000,25.14247461,121.7187717,79.88
台26,M,3100,003K+100,25.14179927,121.7181171,79.61
台26,M,3200,003K+200,25.14124882,121.7173329,78.68
台26,M,3300,003K+300,25.14075573,121.7165022,77.7
台26,M,3400,003K+400,25.14028717,121.7156547,78.76
台26,M,3500,003K+500,25.13979634,121.7148227,80.99
台26,M,3517,003K+517,25.13971242,121.7146816,81.37
國3甲,M,0,000K+000,25.01628722,121.5499967,33.14
國3甲,M,100,000K+100,25.01575499,121.5507964,36.48
國3甲,M,200,000K+200,25.01522277,121.551596,39.82
國3甲,M,300,000K+300,25.01471113,121.5524107,44.23
國3甲,M,400,000K+400,25.01432034,121.5533011,48.35
國3甲,M,500,000K+500,25.01407855,121.5542535,51.72
國3甲,M,600,000K+600,25.01399824,121.5552386,54.3
國3甲,M,700,000K+700,25.01403251,121.5562283,56.12
國3甲,M,800,000K+800,25.01408494,121.5572172,57.9
國3甲,M,900,000K+900,25.01411239,121.5582069,59.72
國3甲,M,1000,001K+000,25.0140081,121.559189,61.54
國3甲,M,1100,001K+100,25.01371717,121.5601244,63.32
國3甲,M,1200,001K+200,25.01325052,121.5609698,65.11
國3甲,M,1300,001K+300,25.01262891,121.5616854,66.9
國3甲,M,1400,001K+400,25.0119207,121.562299,68.67
國3甲,M,1500,001K+500,25.01120138,121.5628972,70.36
國3甲,M,1600,001K+600,25.01053897,121.5635685,72.07
國3甲,M,1700,001K+700,25.00997964,121.5643444,73.88
國3甲,M,1800,001K+800,25.00954863,121.5652134,75.7
國3甲,M,1900,001K+900,25.0092394,121.5661434,77.28
國3甲,M,2000,002K+000,25.00899345,121.5670965,78.02
國3甲,M,2100,002K+100,25.00875378,121.5680516,78.58
國3甲,M,2200,002K+200,25.0085141,121.5690068,79.14
國3甲,M,2300,002K+300,25.00827442,121.5699619,79.7
國3甲,M,2400,002K+400,25.00803474,121.5709171,80.26
國3甲,M,2500,002K+500,25.00779504,121.5718722,80.82
國3甲,M,2600,002K+600,25.00755534,121.5728273,81.38
國3甲,M,2700,002K+700,25.00731564,121.5737825,81.94
國3甲,M,2800,002K+800,25.00706265,121.5747334,81.81
國3甲,M,2900,002K+900,25.00676826,121.5756695,81.25
國3甲,M,3000,003K+000,25.0063626,121.5765533,80.5
國3甲,M,3100,003K+100,25.00585504,121.5773718,79.52
國3甲,M,3200,003K+200,25.0053043,121.5781568,78.41
國3甲,M,3300,003K+300,25.00482332,121.5789933,77.24
國3甲,M,3400,003K+400,25.00450261,121.5799175,76.06
國3甲,M,3500,003K+500,25.00433617,121.58089,74.93
國3甲,M,3600,003K+600,25.00427713,121.5818782,73.76
國3甲,M,3700,003K+700,25.00424405,121.5828681,72.63
國3甲,M,3800,003K+800,25.00419255,121.5838571,71.48
國3甲,M,3900,003K+900,25.00409089,121.5848412,70.69
國3甲,M,4000,004K+000,25.00392641,121.585815,70.46
國3甲,M,4100,004K+100,25.0037152,121.586778,70.7
國3甲,M,4200,004K+200,25.00347778,121.5877337,71.43
國3甲,M,4300,004K+300,25.00322595,121.588685,72.38
國3甲,M,4400,004K+400,25.0029741,121.5896363,73.32
國3甲,M,4500,004K+500,25.00273089,121.5905903,73.63
國3甲,M,4600,004K+600,25.00250501,121.5915494,72.91
國3甲,M,4700,004K+700,25.00230999,121.5925165,71.24
國3甲,M,4800,004K+800,25.00214249,121.5934896,69.24
國3甲,M,4900,004K+900,25.00200997,121.5944693,67.21
國3甲,M,5000,005K+000,25.00190411,121.5954528,65.3
國3甲,M,5100,005K+100,25.00183905,121.5964406,63.3
國3甲,M,5200,005K+200,25.00182235,121.5974306,61.24
國3甲,M,5300,005K+300,25.00185533,121.5984202,59.26
國3甲,M,5400,005K+400,25.00197229,121.5994017,57.49
國3甲,M,5447,005K+447,25.0020176,121.5998635,56.92
國10,M,0,000K+000,22.68015865,120.3118985,41.49
國10,M,100,000K+100,22.67973756,120.3127592,41.3
國10,M,200,000K+200,22.67938404,120.3136539,41.41
國10,M,300,000K+300,22.67918304,120.3146006,41.69
國10,M,400,000K+400,22.67914788,120.3155717,41.82
國10,M,500,000K+500,22.67917963,120.3165442,42.01
國10,M,600,000K+600,22.67915053,120.3175162,42.22
國10,M,700,000K+700,22.67901351,120.3184776,42.41
國10,M,800,000K+800,22.67876157,120.3194111,42.13
國10,M,900,000K+900,22.67839032,120.3202972,41.71
國10,M,1000,001K+000,22.67792918,120.3211335,41.38
國10,M,1100,001K+100,22.67744388,120.3219542,41.31
國10,M,1200,001K+200,22.67695858,120.3227748,41.23
國10,M,1300,001K+300,22.67648716,120.3236047,41.38
國10,M,1400,001K+400,22.6760607,120.3244622,41.62
國10,M,1500,001K+500,22.67569985,120.3253536,41.86
國10,M,1600,001K+600,22.67543288,120.3262822,42.35
國10,M,1700,001K+700,22.67527126,120.3272385,43.15
國10,M,1800,001K+800,22.67520033,120.328208,43.98
國10,M,1900,001K+900,22.67523796,120.3291795,44.57
國10,M,2000,002K+000,22.67537815,120.3301399,44.84
國10,M,2100,002K+100,22.67561929,120.3310772,45.04
國10,M,2200,002K+200,22.67595888,120.3319784,45.2
國10,M,2300,002K+300,22.67635732,120.3328515,45.32
國10,M,2400,002K+400,22.67676625,120.3337192,45.49
國10,M,2500,002K+500,22.67717895,120.3345847,45.67
國10,M,2600,002K+600,22.67759401,120.335449,45.85
國10,M,2700,002K+700,22.67800906,120.3363133,46.03
國10,M,2800,002K+800,22.67842411,120.3371775,46.21
國10,M,2900,002K+900,22.67883915,120.3380418,46.39
國10,M,3000,003K+000,22.67925419,120.3389061,46.58
國10,M,3100,003K+100,22.67966923,120.3397704,46.76
國10,M,3200,003K+200,22.68007715,120.3406385,46.9
國10,M,3300,003K+300,22.68047448,120.3415124,47.01
國10,M,3400,003K+400,22.68087182,120.3423863,47.11
國10,M,3500,003K+500,22.68126915,120.3432602,47.21
國10,M,3600,003K+600,22.68166647,120.3441342,47.31
國10,M,3700,003K+700,22.68206379,120.3450081,47.41
國10,M,3800,003K+800,22.6824611,120.345882,47.51
國10,M,3900,003K+900,22.68285841,120.3467559,47.61
國10,M,4000,004K+000,22.68325572,120.3476299,47.72
國10,M,4100,004K+100,22.68365302,120.3485038,47.82
國10,M,4200,004K+200,22.68405032,120.3493778,47.92
國10,M,4300,004K+300,22.68444761,120.3502517,48.02
國10,M,4400,004K+400,22.68484489,120.3511257,48.12
國10,M,4500,004K+500,22.68524218,120.3519996,48.22
國10,M,4600,004K+600,22.68564411,120.3528711,48.29
國10,M,4700,004K+700,22.68609726,120.3537122,48.6
國10,M,4800,004K+800,22.68664376,120.3544858,49.67
國10,M,4900,004K+900,22.68726465,120.3551914,51.57
國10,M,5000,005K+000,22.68794809,120.3558265,52.82
國10,M,5100,005K+100,22.68869223,120.3563768,53.41
國10,M,5200,005K+200,22.6894851,120.3568411,54.59
國10,M,5300,005K+300,22.69032149,120.3572061,56.67
國10,M,5400,005K+400,22.69118798,120.3574775,58.4
國10,M,5500,005K+500,22.69207268,120.3576721,58.68
國10,M,5600,005K+600,22.6929606,120.3578496,58.79
國10,M,5700,005K+700,22.69384872,120.3580259,58.99
國10,M,5800,005K+800,22.69473685,120.3582021,59.19
國10,M,5900,005K+900,22.69562497,120.3583784,59.39
國10,M,6000,006K+000,22.6965131,120.3585546,59.59
國10,M,6100,006K+100,22.69740122,120.3587309,59.79
國10,M,6200,006K+200,22.69828935,120.3589072,59.99
國10,M,6300,006K+300,22.69917747,120.3590835,60.19
國10,M,6400,006K+400,22.70006559,120.3592597,60.39
國10,M,6500,006K+500,22.70095372,120.359436,60.59
國10,M,6600,006K+600,22.70184184,120.3596123,60.79
國10,M,6700,006K+700,22.70273008,120.3597878,61.02
國10,M,6800,006K+800,22.70362004,120.3599528,61.68
國10,M,6900,006K+900,22.70451305,120.3600971,62.48
國10,M,7000,007K+000,22.70540946,120.3602144,63.14
國10,M,7100,007K+100,22.70630897,120.3603001,63.52
國10,M,7200,007K+200,22.70721038,120.3603575,63.84
國10,M,7300,007K+300,22.70811306,120.3603817,63.96
國10,M,7400,007K+400,22.70901599,120.3603759,63.85
國10,M,7500,007K+500,22.70991851,120.3603448,63.56
國10,M,7600,007K+600,22.71081952,120.3602804,62.96
國10,M,7700,007K+700,22.71171909,120.3601952,62.28
國10,M,7800,007K+800,22.71261866,120.36011,61.6
國10,M,7900,007K+900,22.71351824,120.3600248,60.92
國10,M,8000,008K+000,22.71441781,120.3599397,60.24
國10,M,8100,008K+100,22.71531743,120.3598551,59.59
國10,M,8200,008K+200,22.71621775,120.3597794,59.35
國10,M,8300,008K+300,22.71711881,120.3597182,59.09
國10,M,8400,008K+400,22.71802163,120.3596984,58.8
國10,M,8500,008K+500,22.71892463,120.3596874,58.52
國10,M,8600,008K+600,22.71982762,120.3596764,58.24
國10,M,8700,008K+700,22.72073064,120.3596718,57.97
國10,M,8800,008K+800,22.72163267,120.3597141,57.73
國10,M,8900,008K+900,22.72253231,120.3597981,57.78
國10,M,9000,009K+000,22.72343024,120.3599014,58.06
國10,M,9100,009K+100,22.72432786,120.3600081,58.37
國10,M,9200,009K+200,22.72522548,120.3601147,58.68
國10,M,9300,009K+300,22.7261231,120.3602213,59.0
國10,M,9400,009K+400,22.72702072,120.3603279,59.31
國10,M,9500,009K+500,22.72791834,120.3604345,59.63
國10,M,9600,009K+600,22.72881596,120.3605411,59.94
國10,M,9700,009K+700,22.72971358,120.3606478,60.26
國10,M,9800,009K+800,22.73061361,120.3607243,60.57
國10,M,9900,009K+900,22.73151638,120.3607481,60.87
國10,M,10000,010K+000,22.73241897,120.3607759,61.16
國10,M,10100,010K+100,22.7333159,120.3608857,61.39
國10,M,10200,010K+200,22.73421049,120.3610186,61.58
國10,M,10300,010K+300,22.73510508,120.3611516,61.78
國10,M,10400,010K+400,22.7360004,120.3612786,61.87
國10,M,10500,010K+500,22.73689646,120.3613995,61.85
國10,M,10600,010K+600,22.73779253,120.3615205,61.83
國10,M,10700,010K+700,22.73868859,120.3616414,61.81
國10,M,10800,010K+800,22.73958465,120.3617623,61.79
國10,M,10900,010K+900,22.74048072,120.3618832,61.77
國10,M,11000,011K+000,22.74137678,120.3620041,61.75
國10,M,11100,011K+100,22.74227284,120.3621251,61.73
國10,M,11200,011K+200,22.7431689,120.362246,61.71
國10,M,11300,011K+300,22.74406456,120.3623703,61.77
國10,M,11400,011K+400,22.74495763,120.3625141,62.09
國10,M,11500,011K+500,22.74584633,120.3626861,62.43
國10,M,11600,011K+600,22.74672753,120.3628979,62.68
國10,M,11700,011K+700,22.74759512,120.3631674,62.7
國10,M,11800,011K+800,22.74844246,120.363503,62.54
國10,M,11900,011K+900,22.74926656,120.3639004,62.32
國10,M,12000,012K+000,22.75006127,120.3643622,62.14
國10,M,12100,012K+100,22.75082532,120.3648806,61.97
國10,M,12200,012K+200,22.75155225,120.3654579,61.79
國10,M,12300,012K+300,22.75224552,120.3660817,61.57
國10,M,12400,012K+400,22.7529141,120.366736,61.36
國10,M,12500,012K+500,22.75355227,120.3674246,61.1
國10,M,12600,012K+600,22.75416435,120.3681402,60.85
國10,M,12700,012K+700,22.75474646,120.3688844,60.78
國10,M,12800,012K+800,22.75529398,120.3696585,61.1
國10,M,12900,012K+900,22.75581129,120.3704565,61.73
國10,M,13000,013K+000,22.75629391,120.3712792,62.68
國10,M,13100,013K+100,22.75674285,120.3721238,64.02
國10,M,13200,013K+200,22.75715767,120.3729885,65.53
國10,M,13300,013K+300,22.75753651,120.3738722,66.85
國10,M,13400,013K+400,22.75787796,120.3747735,67.94
國10,M,13500,013K+500,22.75818246,120.3756901,68.76
國10,M,13600,013K+600,22.7584477,120.3766207,69.3
國10,M,13700,013K+700,22.75868198,120.3775611,69.57
國10,M,13800,013K+800,22.75888769,120.3785091,69.6
國10,M,13900,013K+900,22.75907554,120.3794615,69.38
國10,M,14000,014K+000,22.75924418,120.380418,68.72
國10,M,14100,014K+100,22.7594001,120.3813771,68.1
國10,M,14200,014K+200,22.75955394,120.3823366,67.55
國10,M,14300,014K+300,22.75970778,120.3832961,67.01
國10,M,14400,014K+400,22.75986161,120.3842556,66.47
國10,M,14500,014K+500,22.76003091,120.385212,66.33
國10,M,14600,014K+600,22.76022378,120.3861632,66.6
國10,M,14700,014K+700,22.76045266,120.3871051,67.07
國10,M,14800,014K+800,22.76071981,120.3880351,67.91
國10,M,14900,014K+900,22.76103082,120.3889491,69.04
國10,M,15000,015K+000,22.76138411,120.389845,70.39
國10,M,15100,015K+100,22.76177902,120.3907205,71.76
國10,M,15200,015K+200,22.76221463,120.3915732,73.12
國10,M,15300,015K+300,22.76268738,120.3924025,74.56
國10,M,15400,015K+400,22.76319774,120.3932056,75.93
國10,M,15500,015K+500,22.76374842,120.393977,77.33
國10,M,15600,015K+600,22.76432213,120.3947287,78.76
國10,M,15700,015K+700,22.76491212,120.3954658,80.16
國10,M,15800,015K+800,22.76550294,120.3962021,81.56
國10,M,15900,015K+900,22.76608861,120.3969432,82.9
國10,M,16000,016K+000,22.76665612,120.3977004,84.1
國10,M,16100,016K+100,22.76718909,120.3984864,85.27
國10,M,16200,016K+200,22.76768463,120.3993003,86.31
國10,M,16300,016K+300,22.76814502,120.4001377,87.26
國10,M,16400,016K+400,22.7685734,120.4009948,88.2
國10,M,16500,016K+500,22.7689548,120.4018773,89.27
國10,M,16600,016K+600,22.76931442,120.4027704,90.51
國10,M,16700,016K+700,22.76965348,120.4036728,92.39
國10,M,16800,016K+800,22.7699914,120.4045757,94.32
國10,M,16900,016K+900,22.77032931,120.4054785,96.24
國10,M,17000,017K+000,22.77066722,120.4063814,98.17
國10,M,17100,017K+100,22.77100512,120.4072843,100.09
國10,M,17200,017K+200,22.77134302,120.4081872,102.02
國10,M,17300,017K+300,22.77167958,120.4090905,104.6
國10,M,17400,017K+400,22.77201583,120.4099939,107.34
國10,M,17500,017K+500,22.77235207,120.4108973,110.08
國10,M,17600,017K+600,22.77268831,120.4118007,112.82
國10,M,17700,017K+700,22.77302454,120.4127041,115.56
國10,M,17800,017K+800,22.77336323,120.4136064,118.31
國10,M,17900,017K+900,22.77371026,120.4145051,121.08
國10,M,18000,018K+000,22.77408756,120.4153894,123.82
國10,M,18100,018K+100,22.77448683,120.4162624,126.63
國10,M,18200,018K+200,22.77492858,120.4171112,129.34
國10,M,18300,018K+300,22.77540786,120.4179359,132.13
國10,M,18400,018K+400,22.77592525,120.4187335,134.8
國10,M,18500,018K+500,22.77647693,120.4195039,136.97
國10,M,18600,018K+600,22.77706243,120.4202448,138.77
國10,M,18700,018K+700,22.77767756,120.4209574,140.21
國10,M,18800,018K+800,22.77832328,120.4216379,141.24
國10,M,18900,018K+900,22.77900423,120.4222773,141.86
國10,M,19000,019K+000,22.77971073,120.4228837,142.29
國10,M,19100,019K+100,22.78043788,120.4234609,142.76
國10,M,19200,019K+200,22.78118788,120.4240031,143.25
國10,M,19300,019K+300,22.78195742,120.4245125,143.73
國10,M,19400,019K+400,22.7827409,120.4249966,144.23
國10,M,19500,019K+500,22.78353102,120.4254682,144.74
國10,M,19600,019K+600,22.78432809,120.4259259,145.2
國10,M,19700,019K+700,22.78512516,120.4263837,145.66
國10,M,19800,019K+800,22.78592223,120.4268415,146.13
國10,M,19900,019K+900,22.78671632,120.4273052,146.64
國10,M,20000,020K+000,22.78750151,120.4277861,147.21
國10,M,20100,020K+100,22.78827163,120.4282945,147.59
國10,M,20200,020K+200,22.78902794,120.4288265,147.71
國10,M,20300,020K+300,22.78975875,120.4293983,147.38
國10,M,20400,020K+400,22.7904642,120.4300059,146.67
國10,M,20500,020K+500,22.79114674,120.4306434,145.66
國10,M,20600,020K+600,22.79179721,120.4313186,144.15
國10,M,20700,020K+700,22.79241545,120.4320281,142.21
國10,M,20800,020K+800,22.79300237,120.4327678,139.85
國10,M,20900,020K+900,22.79355683,120.4335359,137.19
國10,M,21000,021K+000,22.79407853,120.4343304,134.52
國10,M,21100,021K+100,22.79456196,120.4351525,131.79
國10,M,21200,021K+200,22.79500982,120.4359978,129.18
國10,M,21300,021K+300,22.79542086,120.4368646,126.51
國10,M,21400,021K+400,22.79578725,120.4377542,123.73
國10,M,21500,021K+500,22.79610608,120.4386649,120.92
國10,M,21600,021K+600,22.79637694,120.4395934,118.2
國10,M,21700,021K+700,22.7965863,120.4405403,115.49
國10,M,21800,021K+800,22.79674623,120.4414983,112.78
國10,M,21900,021K+900,22.79684883,120.4424655,110.08
國10,M,22000,022K+000,22.79689382,120.4434377,107.37
國10,M,22100,022K+100,22.79688406,120.4444112,104.68
國10,M,22200,022K+200,22.79681687,120.4453821,101.98
國10,M,22300,022K+300,22.79671856,120.4463499,99.28
國10,M,22400,022K+400,22.79661906,120.4473175,96.55
國10,M,22500,022K+500,22.79655826,120.4482887,93.9
國10,M,22600,022K+600,22.7965744,120.449262,91.31
國10,M,22700,022K+700,22.79666583,120.4502303,88.89
國10,M,22800,022K+800,22.79682953,120.4511876,86.59
國10,M,22900,022K+900,22.79704851,120.4521323,84.45
國10,M,23000,023K+000,22.79726522,120.4530776,82.34
國10,M,23100,023K+100,22.79743529,120.4540336,80.46
國10,M,23200,023K+200,22.79752947,120.4550018,78.7
國10,M,23300,023K+300,22.79755003,120.455975,77.04
國10,M,23400,023K+400,22.79750375,120.4569475,75.53
國10,M,23500,023K+500,22.79742545,120.4579177,74.19
國10,M,23600,023K+600,22.79733832,120.458887,72.97
國10,M,23700,023K+700,22.7972551,120.4598568,71.84
國10,M,23800,023K+800,22.7971849,120.4608277,70.86
國10,M,23900,023K+900,22.79714134,120.4618006,69.98
國10,M,24000,024K+000,22.7971346,120.4627745,69.27
國10,M,24100,024K+100,22.79716668,120.4637477,68.71
國10,M,24200,024K+200,22.79723087,120.4647192,68.25
國10,M,24300,024K+300,22.79733301,120.4656868,67.91
國10,M,24400,024K+400,22.79746909,120.4666496,67.59
國10,M,24500,024K+500,22.79764533,120.4676048,67.26
國10,M,24600,024K+600,22.79785437,120.4685522,66.84
國10,M,24700,024K+700,22.79809415,120.4694911,66.47
國10,M,24800,024K+800,22.79837112,120.4704181,66.16
國10,M,24900,024K+900,22.7986848,120.4713315,65.88
國10,M,25000,025K+000,22.79903002,120.4722314,65.54
國10,M,25100,025K+100,22.79940948,120.4731152,65.28
國10,M,25200,025K+200,22.79982043,120.4739825,65.08
國10,M,25300,025K+300,22.80026461,120.4748304,64.97
國10,M,25400,025K+400,22.80073841,120.4756594,65.05
國10,M,25500,025K+500,22.80124138,120.4764683,65.05
國10,M,25600,025K+600,22.80177555,120.4772535,65.05
國10,M,25700,025K+700,22.8023419,120.478012,65.16
國10,M,25800,025K+800,22.80293172,120.4787494,65.35
國10,M,25900,025K+900,22.80354845,120.4794607,65.59
國10,M,26000,026K+000,22.80419142,120.4801444,65.85
國10,M,26100,026K+100,22.80485799,120.4808014,66.07
國10,M,26200,026K+200,22.80554873,120.4814287,66.33
國10,M,26300,026K+300,22.80626416,120.4820229,66.56
國10,M,26400,026K+400,22.80699896,120.482589,66.82
國10,M,26500,026K+500,22.80775459,120.4831223,67.04
國10,M,26600,026K+600,22.80853141,120.4836189,67.24
國10,M,26700,026K+700,22.80932436,120.4840848,67.4
國10,M,26800,026K+800,22.81013421,120.4845155,67.48
國10,M,26900,026K+900,22.81095876,120.4849126,67.51
國10,M,27000,027K+000,22.81179827,120.4852714,67.6
國10,M,27100,027K+100,22.81265068,120.4855927,67.51
國10,M,27200,027K+200,22.81351375,120.485879,67.36
國10,M,27300,027K+300,22.81438676,120.4861277,67.24
國10,M,27400,027K+400,22.81526732,120.4863437,67.13
國10,M,27500,027K+500,22.81615412,120.4865274,67.1
國10,M,27600,027K+600,22.81704534,120.4866846,67.15
國10,M,27700,027K+700,22.81793873,120.4868264,67.25
國10,M,27800,027K+800,22.8188337,120.4869565,67.41
國10,M,27900,027K+900,22.81972939,120.4870806,67.59
國10,M,28000,028K+000,22.82062508,120.4872048,67.78
國10,M,28100,028K+100,22.82152078,120.487329,67.96
國10,M,28200,028K+200,22.82241418,120.4874709,68.07
國10,M,28300,028K+300,22.82330296,120.487643,68.12
國10,M,28400,028K+400,22.82418563,120.4878482,68.16
國10,M,28500,028K+500,22.8250597,120.4880924,68.16
國10,M,28600,028K+600,22.82592443,120.4883726,68.15
國10,M,28700,028K+700,22.82677911,120.4886867,68.17
國10,M,28800,028K+800,22.82761982,120.4890422,68.25
國10,M,28900,028K+900,22.82844715,120.4894326,68.38
國10,M,29000,029K+000,22.82925992,120.4898569,68.34
國10,M,29100,029K+100,22.83005466,120.4903192,68.42
國10,M,29200,029K+200,22.83083378,120.4908116,68.51
國10,M,29300,029K+300,22.83159688,120.4913324,68.59
國10,M,29400,029K+400,22.83235366,120.491864,68.69
國10,M,29500,029K+500,22.83311043,120.4923957,68.79
國10,M,29600,029K+600,22.83387202,120.4929192,68.85
國10,M,29700,029K+700,22.83464188,120.4934283,68.84
國10,M,29800,029K+800,22.83543016,120.4939033,68.7
國10,M,29900,029K+900,22.83623932,120.4943357,68.52
國10,M,30000,030K+000,22.83706956,120.4947185,68.31
國10,M,30100,030K+100,22.83791627,120.4950568,67.86
國10,M,30200,030K+200,22.83877875,120.4953451,67.53
國10,M,30300,030K+300,22.83965428,120.4955829,67.43
國10,M,30400,030K+400,22.84053991,120.4957724,67.54
國10,M,30500,030K+500,22.84143375,120.4959101,67.89
國10,M,30600,030K+600,22.84233295,120.4959974,68.4
國10,M,30700,030K+700,22.84323552,120.4960179,68.98
國10,M,30800,030K+800,22.84413639,120.4959567,69.41
國10,M,30900,030K+900,22.84502946,120.4958143,69.57
國10,M,31000,031K+000,22.84590884,120.4955941,69.55
國10,M,31100,031K+100,22.84677675,120.4953249,69.25
國10,M,31200,031K+200,22.84764689,120.4950645,68.87
國10,M,31300,031K+300,22.84852986,120.494862,68.62
國10,M,31400,031K+400,22.8494255,120.4947393,68.26
國10,M,31500,031K+500,22.85032747,120.4947009,68.19
國10,M,31600,031K+600,22.85122945,120.4947406,68.32
國10,M,31700,031K+700,22.85212829,120.4948339,68.69
國10,M,31800,031K+800,22.85302702,120.4949287,69.13
國10,M,31900,031K+900,22.85392906,120.4949653,69.68
國10,M,32000,032K+000,22.85482861,120.4948912,70.24
國10,M,32100,032K+100,22.85571244,120.4946948,70.74
國10,M,32200,032K+200,22.85656769,120.494384,71.15
國10,M,32300,032K+300,22.85737812,120.4939562,71.44
國10,M,32400,032K+400,22.85814293,120.4934389,71.7
國10,M,32500,032K+500,22.85887702,120.4928714,71.66
國10,M,32600,032K+600,22.85961748,120.492314,71.52
國10,M,32700,032K+700,22.86041123,120.4918511,71.44
國10,M,32800,032K+800,22.86126268,120.4915299,71.24
國10,M,32900,032K+900,22.86215094,120.4913604,70.84
國10,M,33000,033K+000,22.86305265,120.4913459,70.63
國10,M,33100,033K+100,22.86394479,120.4914896,70.44
國10,M,33200,033K+200,22.8648041,120.4917852,70.18
國10,M,33300,033K+300,22.86560894,120.4922248,70.0
國10,M,33400,033K+400,22.86634464,120.4927889,69.77
國10,M,33500,033K+500,22.86704975,120.4933976,69.57
國10,M,33600,033K+600,22.86775524,120.4940057,69.35
國10,M,33700,033K+700,22.86850253,120.4945522,69.06
國10,M,33764,033K+764,22.86901428,120.4948413,68.93
國1,M,0,000K+000,25.12289475,121.7357847,51.04
國1,M,100,000K+100,25.12210391,121.7353083,54.44
國1,M,200,000K+200,25.12134675,121.7347695,56.53
國1,M,300,000K+300,25.1206393,121.7341543,58.24
國1,M,400,000K+400,25.11997619,121.7334819,59.75
國1,M,500,000K+500,25.11934397,121.7327743,60.37
國1,M,600,000K+600,25.11874792,121.7320302,60.59
國1,M,700,000K+700,25.11817937,121.73126,60.59
國1,M,800,000K+800,25.11759582,121.7305038,60.19
國1,M,900,000K+900,25.11695137,121.7298103,59.09
國1,M,1000,001K+000,25.11624361,121.7291954,57.4
國1,M,1100,001K+100,25.11549523,121.7286422,55.61
國1,M,1200,001K+200,25.11470671,121.7281601,53.98
國1,M,1300,001K+300,25.11388497,121.7277503,52.67
國1,M,1400,001K+400,25.11304288,121.7273932,51.7
國1,M,1500,001K+500,25.11219722,121.7270462,51.18
國1,M,1600,001K+600,25.1113509,121.7267012,50.79
國1,M,1700,001K+700,25.11050457,121.7263561,50.4
國1,M,1800,001K+800,25.10965824,121.7260111,50.0
國1,M,1900,001K+900,25.10881191,121.7256661,49.61
國1,M,2000,002K+000,25.10796557,121.725321,49.22
國1,M,2100,002K+100,25.10712002,121.7249737,48.84
國1,M,2200,002K+200,25.10628645,121.7245937,48.42
國1,M,2300,002K+300,25.10549894,121.7241111,48.05
國1,M,2400,002K+400,25.10480421,121.7234812,48.35
國1,M,2500,002K+500,25.10423872,121.7227109,49.32
國1,M,2600,002K+600,25.10381945,121.7218345,50.89
國1,M,2700,002K+700,25.10352948,121.7208964,52.44
國1,M,2800,002K+800,25.10330558,121.7199361,53.36
國1,M,2900,002K+900,25.10309245,121.7189727,53.24
國1,M,3000,003K+000,25.10287932,121.7180092,53.12
國1,M,3100,003K+100,25.10266618,121.7170458,53.0
國1,M,3200,003K+200,25.10245303,121.7160824,52.89
國1,M,3300,003K+300,25.10223988,121.715119,52.77
國1,M,3400,003K+400,25.10202671,121.7141556,52.65
國1,M,3500,003K+500,25.10181355,121.7131922,52.53
國1,M,3600,003K+600,25.10159893,121.7122292,52.46
國1,M,3700,003K+700,25.1013406,121.7112796,52.94
國1,M,3800,003K+800,25.10099558,121.7103642,53.22
國1,M,3900,003K+900,25.10054971,121.7095031,53.35
國1,M,4000,004K+000,25.10001172,121.708708,53.33
國1,M,4100,004K+100,25.09940797,121.7079711,53.1
國1,M,4200,004K+200,25.09878907,121.7072494,52.67
國1,M,4300,004K+300,25.09821251,121.7064873,52.16
國1,M,4400,004K+400,25.09774044,121.705644,51.68
國1,M,4500,004K+500,25.09745379,121.7047068,50.79
國1,M,4600,004K+600,25.09737138,121.7037225,49.64
國1,M,4700,004K+700,25.09746448,121.702737,48.39
國1,M,4800,004K+800,25.09757617,121.7017534,47.02
國1,M,4900,004K+900,25.09758075,121.7007638,45.6
國1,M,5000,005K+000,25.09737331,121.6998019,44.09
國1,M,5100,005K+100,25.09694978,121.69893,42.62
國1,M,5200,005K+200,25.09634574,121.6981965,42.31
國1,M,5300,005K+300,25.09559519,121.6976499,42.35
國1,M,5400,005K+400,25.09476336,121.6972675,42.38
國1,M,5500,005K+500,25.09390629,121.6969568,43.89
國1,M,5600,005K+600,25.09304694,121.6966537,45.9
國1,M,5700,005K+700,25.09218759,121.6963506,47.91
國1,M,5800,005K+800,25.09132824,121.6960475,49.92
國1,M,5900,005K+900,25.09047064,121.6957387,51.9
國1,M,6000,006K+000,25.08964963,121.6953307,53.29
國1,M,6100,006K+100,25.0889371,121.6947273,53.58
國1,M,6200,006K+200,25.08838856,121.6939435,52.88
國1,M,6300,006K+300,25.08803702,121.6930329,51.38
國1,M,6400,006K+400,25.08781168,121.6920732,49.93
國1,M,6500,006K+500,25.08760047,121.6911095,48.53
國1,M,6600,006K+600,25.08738926,121.6901458,47.12
國1,M,6700,006K+700,25.08717804,121.6891821,45.71
國1,M,6800,006K+800,25.08696681,121.6882184,44.3
國1,M,6900,006K+900,25.08675567,121.6872546,42.9
國1,M,7000,007K+000,25.08654947,121.6862896,41.88
國1,M,7100,007K+100,25.08634326,121.6853245,40.85
國1,M,7200,007K+200,25.08615453,121.6843551,40.16
國1,M,7300,007K+300,25.08601275,121.6833762,39.85
國1,M,7400,007K+400,25.08592533,121.6823897,39.91
國1,M,7500,007K+500,25.08588251,121.6813995,40.13
國1,M,7600,007K+600,25.08586211,121.6804085,40.21
國1,M,7700,007K+700,25.08583458,121.6794177,40.3
國1,M,7800,007K+800,25.08577006,121.678429,40.39
國1,M,7900,007K+900,25.08565333,121.6774462,40.57
國1,M,8000,008K+000,25.08547136,121.6764754,40.68
國1,M,8100,008K+100,25.08523485,121.6755189,40.67
國1,M,8200,008K+200,25.084939,121.6745826,40.79
國1,M,8300,008K+300,25.08458731,121.6736699,40.87
國1,M,8400,008K+400,25.08419047,121.6727797,40.84
國1,M,8500,008K+500,25.08375304,121.6719127,40.59
國1,M,8600,008K+600,25.08328378,121.6710659,40.27
國1,M,8700,008K+700,25.08279495,121.6702326,39.88
國1,M,8800,008K+800,25.08229227,121.6694092,39.44
國1,M,8900,008K+900,25.08178697,121.6685877,39.02
國1,M,9000,009K+000,25.0812763,121.6677703,38.67
國1,M,9100,009K+100,25.08076562,121.6669529,38.32
國1,M,9200,009K+200,25.08025494,121.6661354,37.97
國1,M,9300,009K+300,25.07974193,121.6653198,37.93
國1,M,9400,009K+400,25.07922826,121.6645046,37.98
國1,M,9500,009K+500,25.07871459,121.6636894,38.04
國1,M,9600,009K+600,25.07820091,121.6628743,38.09
國1,M,9700,009K+700,25.07768723,121.6620591,38.15
國1,M,9800,009K+800,25.07717362,121.6612439,38.22
國1,M,9900,009K+900,25.0766753,121.6604177,40.6
國1,M,10000,010K+000,25.07620489,121.6595722,43.04
國1,M,10100,010K+100,25.07576829,121.658705,44.71
國1,M,10200,010K+200,25.07536464,121.6578185,45.56
國1,M,10300,010K+300,25.07500684,121.6569087,45.58
國1,M,10400,010K+400,25.07468916,121.6559811,44.74
國1,M,10500,010K+500,25.07441327,121.6550376,42.98
國1,M,10600,010K+600,25.07417968,121.6540804,41.21
國1,M,10700,010K+700,25.07398445,121.6531127,40.12
國1,M,10800,010K+800,25.07380817,121.6521407,39.54
國1,M,10900,010K+900,25.07364683,121.6511654,39.23
國1,M,11000,011K+000,25.07349255,121.6501888,38.94
國1,M,11100,011K+100,25.07333827,121.6492121,38.65
國1,M,11200,011K+200,25.0731816,121.648236,38.5
國1,M,11300,011K+300,25.0730243,121.6472599,38.39
國1,M,11400,011K+400,25.07286699,121.6462838,38.28
國1,M,11500,011K+500,25.07270967,121.6453078,38.16
國1,M,11600,011K+600,25.07255198,121.6443318,38.07
國1,M,11700,011K+700,25.07239195,121.6433563,38.11
國1,M,11800,011K+800,25.07223191,121.6423808,38.15
國1,M,11900,011K+900,25.07205896,121.641408,38.2
國1,M,12000,012K+000,25.07182959,121.6404498,38.47
國1,M,12100,012K+100,25.0714998,121.6395278,38.45
國1,M,12200,012K+200,25.07108005,121.6386511,38.26
國1,M,12300,012K+300,25.07057375,121.6378309,38.1
國1,M,12400,012K+400,25.07001714,121.6370507,37.9
國1,M,12500,012K+500,25.0694445,121.6362844,37.57
國1,M,12600,012K+600,25.06889529,121.635498,37.22
國1,M,12700,012K+700,25.06839797,121.6346712,36.96
國1,M,12800,012K+800,25.06797856,121.633794,36.72
國1,M,12900,012K+900,25.06763243,121.632879,36.61
國1,M,13000,013K+000,25.06737036,121.6319309,36.43
國1,M,13100,013K+100,25.06718921,121.6309603,36.25
國1,M,13200,013K+200,25.06707851,121.6299767,35.76
國1,M,13300,013K+300,25.06699473,121.6289899,35.48
國1,M,13400,013K+400,25.06691487,121.6280026,35.31
國1,M,13500,013K+500,25.06683499,121.6270153,35.15
國1,M,13600,013K+600,25.06675511,121.626028,34.98
國1,M,13700,013K+700,25.06666717,121.6250416,35.18
國1,M,13800,013K+800,25.06658583,121.6240545,35.27
國1,M,13900,013K+900,25.06650448,121.6230673,35.37
國1,M,14000,014K+000,25.06642323,121.6220802,35.46
國1,M,14100,014K+100,25.06634864,121.6210924,35.45
國1,M,14200,014K+200,25.06627403,121.6201046,35.44
國1,M,14300,014K+300,25.06619942,121.6191168,35.43
國1,M,14400,014K+400,25.06612406,121.6181291,35.4
國1,M,14500,014K+500,25.06603165,121.6171432,34.8
國1,M,14600,014K+600,25.06593924,121.6161572,34.21
國1,M,14700,014K+700,25.0658316,121.6151732,33.89
國1,M,14800,014K+800,25.06571253,121.6141907,34.12
國1,M,14900,014K+900,25.065591,121.6132085,34.49
國1,M,15000,015K+000,25.06546641,121.6122269,34.41
國1,M,15100,015K+100,25.06534164,121.6112452,34.31
國1,M,15200,015K+200,25.06521686,121.6102635,34.2
國1,M,15300,015K+300,25.06509208,121.6092819,34.1
國1,M,15400,015K+400,25.06496728,121.6083002,34.0
國1,M,15500,015K+500,25.06484248,121.6073186,33.89
國1,M,15600,015K+600,25.06471768,121.606337,33.79
國1,M,15700,015K+700,25.06459287,121.6053553,33.69
國1,M,15800,015K+800,25.06446805,121.6043737,33.58
國1,M,15900,015K+900,25.06434322,121.603392,33.48
國1,M,16000,016K+000,25.06422172,121.6024099,34.09
國1,M,16100,016K+100,25.06410068,121.6014277,34.8
國1,M,16200,016K+200,25.06397226,121.6004467,34.45
國1,M,16300,016K+300,25.06386375,121.5994629,34.26
國1,M,16400,016K+400,25.06378206,121.5984759,34.11
國1,M,16500,016K+500,25.06374896,121.5974856,33.67
國1,M,16600,016K+600,25.06376004,121.5964946,33.78
國1,M,16700,016K+700,25.06382022,121.5955059,34.52
國1,M,16800,016K+800,25.06392294,121.5945215,36.07
國1,M,16900,016K+900,25.06407129,121.5935442,38.63
國1,M,17000,017K+000,25.06426095,121.5925755,40.58
國1,M,17100,017K+100,25.06449732,121.5916192,41.7
國1,M,17200,017K+200,25.06477295,121.5906755,41.99
國1,M,17300,017K+300,25.06509357,121.5897491,41.42
國1,M,17400,017K+400,25.06544612,121.5888368,40.11
國1,M,17500,017K+500,25.06581686,121.5879331,39.5
國1,M,17600,017K+600,25.06618759,121.5870293,38.88
國1,M,17700,017K+700,25.06655832,121.5861256,38.26
國1,M,17800,017K+800,25.06692904,121.5852219,37.65
國1,M,17900,017K+900,25.06729976,121.5843181,37.03
國1,M,18000,018K+000,25.06767048,121.5834144,36.42
國1,M,18100,018K+100,25.06804118,121.5825106,35.8
國1,M,18200,018K+200,25.06841139,121.5816066,35.21
國1,M,18300,018K+300,25.06876759,121.5806958,35.17
國1,M,18400,018K+400,25.06909503,121.5797722,35.13
國1,M,18500,018K+500,25.06940056,121.5788395,35.09
國1,M,18600,018K+600,25.06968222,121.5778978,35.02
國1,M,18700,018K+700,25.06994068,121.5769481,35.05
國1,M,18800,018K+800,25.07017324,121.5759904,35.17
國1,M,18900,018K+900,25.07038192,121.5750261,35.75
國1,M,19000,019K+000,25.07056333,121.5740552,36.3
國1,M,19100,019K+100,25.07072266,121.5730796,36.88
國1,M,19200,019K+200,25.07085125,121.5720986,37.06
國1,M,19300,019K+300,25.0709568,121.5711142,36.64
國1,M,19400,019K+400,25.07103717,121.5701271,35.89
國1,M,19500,019K+500,25.07109337,121.5691379,35.05
國1,M,19600,019K+600,25.07112435,121.5681474,34.05
國1,M,19700,019K+700,25.07112745,121.5671563,33.21
國1,M,19800,019K+800,25.07111847,121.5661652,32.7
國1,M,19900,019K+900,25.07110357,121.5651741,32.56
國1,M,20000,020K+000,25.0710913,121.564183,32.48
國1,M,20100,020K+100,25.07111668,121.5631924,32.84
國1,M,20200,020K+200,25.07122545,121.5622089,33.5
國1,M,20300,020K+300,25.07142154,121.5612418,33.55
國1,M,20400,020K+400,25.07170088,121.5602996,32.97
國1,M,20500,020K+500,25.07202301,121.5593737,32.41
國1,M,20600,020K+600,25.07234787,121.5584488,31.88
國1,M,20700,020K+700,25.07263743,121.5575105,31.69
國1,M,20800,020K+800,25.07284728,121.5565471,31.77
國1,M,20900,020K+900,25.07297253,121.555566,31.85
國1,M,21000,021K+000,25.07302509,121.5545767,32.06
國1,M,21100,021K+100,25.07304525,121.5535857,32.24
國1,M,21200,021K+200,25.07306447,121.5525947,32.43
國1,M,21300,021K+300,25.0730831,121.5516036,32.63
國1,M,21400,021K+400,25.07310173,121.5506126,32.83
國1,M,21500,021K+500,25.07312035,121.5496216,33.03
國1,M,21600,021K+600,25.07313896,121.5486306,33.23
國1,M,21700,021K+700,25.07315757,121.5476395,33.43
國1,M,21800,021K+800,25.07317617,121.5466485,33.63
國1,M,21900,021K+900,25.07319476,121.5456575,33.83
國1,M,22000,022K+000,25.07321335,121.5446665,34.03
國1,M,22100,022K+100,25.07323192,121.5436754,34.23
國1,M,22200,022K+200,25.0732505,121.5426844,34.43
國1,M,22300,022K+300,25.07326906,121.5416934,34.63
國1,M,22400,022K+400,25.07328219,121.5407024,33.19
國1,M,22500,022K+500,25.07326851,121.5397115,31.69
國1,M,22600,022K+600,25.07320863,121.5387229,30.57
國1,M,22700,022K+700,25.07309807,121.5377392,29.98
國1,M,22800,022K+800,25.0729743,121.5367574,30.48
國1,M,22900,022K+900,25.07284854,121.5357758,31.19
國1,M,23000,023K+000,25.07272365,121.5347942,31.98
國1,M,23100,023K+100,25.07262398,121.5338093,33.6
國1,M,23200,023K+200,25.07263077,121.5328196,34.65
國1,M,23300,023K+300,25.07278346,121.5318444,36.21
國1,M,23400,023K+400,25.07307165,121.5309058,38.36
國1,M,23500,023K+500,25.07342219,121.5299924,39.47
國1,M,23600,023K+600,25.07377272,121.529079,40.58
國1,M,23700,023K+700,25.07412325,121.5281656,41.69
國1,M,23800,023K+800,25.07447378,121.5272522,42.8
國1,M,23900,023K+900,25.07482429,121.5263388,43.91
國1,M,24000,024K+000,25.0751748,121.5254253,45.02
國1,M,24100,024K+100,25.07552184,121.5245103,45.8
國1,M,24200,024K+200,25.07584684,121.5235856,45.7
國1,M,24300,024K+300,25.07615186,121.5226527,45.16
國1,M,24400,024K+400,25.0764389,121.521713,44.02
國1,M,24500,024K+500,25.07670545,121.5207661,42.5
國1,M,24600,024K+600,25.07694611,121.5198109,40.92
國1,M,24700,024K+700,25.07716686,121.5188499,39.36
國1,M,24800,024K+800,25.07736328,121.5178825,37.77
國1,M,24900,024K+900,25.07754122,121.5169109,35.99
國1,M,25000,025K+000,25.0777018,121.5159356,34.38
國1,M,25100,025K+100,25.07783889,121.5149559,33.21
國1,M,25200,025K+200,25.07794893,121.5139721,32.51
國1,M,25300,025K+300,25.07803722,121.5129856,32.01
國1,M,25400,025K+400,25.0781033,121.511997,32.07
國1,M,25500,025K+500,25.07814804,121.511007,32.4
國1,M,25600,025K+600,25.07816948,121.5100161,33.24
國1,M,25700,025K+700,25.0781728,121.509025,34.63
國1,M,25800,025K+800,25.0781486,121.5080341,35.95
國1,M,25900,025K+900,25.07810272,121.5070442,36.94
國1,M,26000,026K+000,25.078033,121.506056,37.68
國1,M,26100,026K+100,25.07794021,121.50507,37.89
國1,M,26200,026K+200,25.07782732,121.5040866,37.59
國1,M,26300,026K+300,25.07769084,121.5031068,36.74
國1,M,26400,026K+400,25.0775342,121.5021307,35.65
國1,M,26500,026K+500,25.07735034,121.5011604,34.32
國1,M,26600,026K+600,25.07714499,121.5001952,33.15
國1,M,26700,026K+700,25.07692452,121.499234,32.6
國1,M,26800,026K+800,25.07669742,121.4982746,32.5
國1,M,26900,026K+900,25.0764703,121.4973152,32.4
國1,M,27000,027K+000,25.07624319,121.4963558,32.3
國1,M,27100,027K+100,25.07601606,121.4953964,32.2
國1,M,27200,027K+200,25.07578893,121.494437,32.11
國1,M,27300,027K+300,25.07556179,121.4934777,32.01
國1,M,27400,027K+400,25.07533465,121.4925183,31.91
國1,M,27500,027K+500,25.0751075,121.4915589,31.81
國1,M,27600,027K+600,25.07488035,121.4905995,31.72
國1,M,27700,027K+700,25.07465318,121.4896402,31.62
國1,M,27800,027K+800,25.07442687,121.4886806,31.42
國1,M,27900,027K+900,25.07420282,121.4877203,30.98
國1,M,28000,028K+000,25.07397876,121.4867601,30.53
國1,M,28100,028K+100,25.0737547,121.4857999,30.08
國1,M,28200,028K+200,25.07356727,121.4848303,29.71
國1,M,28300,028K+300,25.07342551,121.4838515,29.54
國1,M,28400,028K+400,25.07333079,121.482866,29.51
國1,M,28500,028K+500,25.07328489,121.4818762,29.42
國1,M,28600,028K+600,25.0732889,121.4808852,29.43
國1,M,28700,028K+700,25.07334536,121.479896,29.43
國1,M,28800,028K+800,25.0734516,121.4789118,29.5
國1,M,28900,028K+900,25.07361072,121.4779362,29.55
國1,M,29000,029K+000,25.07381093,121.4769699,29.57
國1,M,29100,029K+100,25.07404514,121.4760127,29.54
國1,M,29200,029K+200,25.07428877,121.4750582,29.49
國1,M,29300,029K+300,25.0745324,121.4741037,29.43
國1,M,29400,029K+400,25.07477602,121.4731492,29.38
國1,M,29500,029K+500,25.07501845,121.4721944,29.37
國1,M,29600,029K+600,25.07525066,121.4712365,29.44
國1,M,29700,029K+700,25.0754518,121.4702703,29.56
國1,M,29800,029K+800,25.0756093,121.4692944,29.82
國1,M,29900,029K+900,25.07572849,121.468312,30.24
國1,M,30000,030K+000,25.07580725,121.4673247,30.47
國1,M,30100,030K+100,25.07584671,121.4663345,30.68
國1,M,30200,030K+200,25.07584548,121.4653433,30.98
國1,M,30300,030K+300,25.07579938,121.4643534,31.28
國1,M,30400,030K+400,25.07571516,121.4633666,31.54
國1,M,30500,030K+500,25.07558722,121.4623855,31.89
國1,M,30600,030K+600,25.07542305,121.4614109,32.24
國1,M,30700,030K+700,25.07520986,121.4604478,32.85
國1,M,30800,030K+800,25.07496967,121.4594925,33.38
國1,M,30900,030K+900,25.07469159,121.4585495,33.66
國1,M,31000,031K+000,25.07440674,121.4576088,33.47
國1,M,31100,031K+100,25.07412188,121.4566682,33.28
國1,M,31200,031K+200,25.07383702,121.4557276,33.1
國1,M,31300,031K+300,25.07355215,121.454787,32.91
國1,M,31400,031K+400,25.07326728,121.4538464,32.73
國1,M,31500,031K+500,25.0729824,121.4529058,32.54
國1,M,31600,031K+600,25.07269751,121.4519652,32.35
國1,M,31700,031K+700,25.07241262,121.4510246,32.17
國1,M,31800,031K+800,25.07212772,121.450084,31.98
國1,M,31900,031K+900,25.07184282,121.4491434,31.8
國1,M,32000,032K+000,25.07155791,121.4482028,31.61
國1,M,32100,032K+100,25.07127299,121.4472622,31.42
國1,M,32200,032K+200,25.07098807,121.4463217,31.24
國1,M,32300,032K+300,25.07070314,121.4453811,31.05
國1,M,32400,032K+400,25.07041821,121.4444405,30.86
國1,M,32500,032K+500,25.07013327,121.4435,30.68
國1,M,32600,032K+600,25.06985084,121.4425585,30.5
國1,M,32700,032K+700,25.06958778,121.4416104,30.34
國1,M,32800,032K+800,25.06934708,121.440655,30.23
國1,M,32900,032K+900,25.06913231,121.4396923,30.32
國1,M,33000,033K+000,25.0689425,121.4387233,30.66
國1,M,33100,033K+100,25.068783,121.4377477,31.19
國1,M,33200,033K+200,25.06864737,121.4367678,31.89
國1,M,33300,033K+300,25.06853543,121.4357844,32.89
國1,M,33400,033K+400,25.06844811,121.4347979,34.12
國1,M,33500,033K+500,25.06838546,121.4338092,35.56
國1,M,33600,033K+600,25.06833489,121.4328197,37.26
國1,M,33700,033K+700,25.06828917,121.43183,39.23
國1,M,33800,033K+800,25.06824544,121.4308402,41.31
國1,M,33900,033K+900,25.0682017,121.4298503,43.39
國1,M,34000,034K+000,25.06814896,121.4288611,45.49
國1,M,34100,034K+100,25.0680467,121.4278768,47.55
國1,M,34200,034K+200,25.06787536,121.4269043,49.46
國1,M,34300,034K+300,25.06761141,121.4259571,51.17
國1,M,34400,034K+400,25.06726409,121.425043,52.73
國1,M,34500,034K+500,25.0668406,121.4241683,54.18
國1,M,34600,034K+600,25.06636175,121.4233282,55.39
國1,M,34700,034K+700,25.06585357,121.422509,56.52
國1,M,34800,034K+800,25.06534538,121.4216899,57.65
國1,M,34900,034K+900,25.06483719,121.4208707,58.78
國1,M,35000,035K+000,25.06432899,121.4200515,59.92
國1,M,35100,035K+100,25.06382079,121.4192324,61.05
國1,M,35200,035K+200,25.06331258,121.4184132,62.18
國1,M,35300,035K+300,25.06280437,121.4175941,63.32
國1,M,35400,035K+400,25.06229616,121.416775,64.45
國1,M,35500,035K+500,25.06178794,121.4159559,65.58
國1,M,35600,035K+600,25.06127971,121.4151367,66.71
國1,M,35700,035K+700,25.06077148,121.4143176,67.85
國1,M,35800,035K+800,25.0602632,121.4134986,69.04
國1,M,35900,035K+900,25.05975374,121.4126808,71.84
國1,M,36000,036K+000,25.05924426,121.411863,74.65
國1,M,36100,036K+100,25.05873478,121.4110452,77.45
國1,M,36200,036K+200,25.05822579,121.4102271,80.29
國1,M,36300,036K+300,25.05771915,121.4094073,83.3
國1,M,36400,036K+400,25.05721251,121.4085875,86.32
國1,M,36500,036K+500,25.05671434,121.4077615,89.32
國1,M,36600,036K+600,25.05625241,121.4069109,92.32
國1,M,36700,036K+700,25.05586654,121.4060163,95.28
國1,M,36800,036K+800,25.0555851,121.405076,98.27
國1,M,36900,036K+900,25.05542987,121.4041012,101.2
國1,M,37000,037K+000,25.05540434,121.4031121,104.12
國1,M,37100,037K+100,25.05550383,121.4021285,106.93
國1,M,37200,037K+200,25.05573787,121.4011726,109.6
國1,M,37300,037K+300,25.05609016,121.4002614,112.27
國1,M,37400,037K+400,25.05655501,121.3994136,114.95
國1,M,37500,037K+500,25.05712985,121.3986511,117.61
國1,M,37600,037K+600,25.05778484,121.3979704,120.32
國1,M,37700,037K+700,25.05849563,121.3973604,123.03
國1,M,37800,037K+800,25.0592308,121.3967858,125.79
國1,M,37900,037K+900,25.05996815,121.3962147,128.78
國1,M,38000,038K+000,25.06069353,121.3956257,132.14
國1,M,38100,038K+100,25.0613938,121.3950013,135.88
國1,M,38200,038K+200,25.06207503,121.3943523,139.94
國1,M,38300,038K+300,25.06272875,121.3936704,144.37
國1,M,38400,038K+400,25.06333921,121.3929423,149.14
國1,M,38500,038K+500,25.06387539,121.3921473,154.09
國1,M,38600,038K+600,25.06432117,121.3912877,159.13
國1,M,38700,038K+700,25.06464787,121.390366,164.17
國1,M,38800,038K+800,25.06485597,121.3894034,169.15
國1,M,38900,038K+900,25.06497794,121.3884232,174.06
國1,M,39000,039K+000,25.06501227,121.3874343,178.93
國1,M,39100,039K+100,25.06495963,121.3864464,183.92
國1,M,39200,039K+200,25.06483956,121.3854654,189.08
國1,M,39300,039K+300,25.06468437,121.3844905,194.49
國1,M,39400,039K+400,25.06455714,121.3835109,199.98
國1,M,39500,039K+500,25.06453953,121.3825227,205.45
國1,M,39600,039K+600,25.06468246,121.3815468,210.9
國1,M,39700,039K+700,25.06494792,121.3806016,216.37
國1,M,39800,039K+800,25.06526372,121.3796747,221.86
國1,M,39900,039K+900,25.06557865,121.3787474,227.31
國1,M,40000,040K+000,25.06583781,121.3778,232.61
國1,M,40100,040K+100,25.06598823,121.3768251,237.86
國1,M,40200,040K+200,25.06601921,121.3758367,243.0
國1,M,40300,040K+300,25.06594536,121.3748501,247.68
國1,M,40400,040K+400,25.06582788,121.3738681,251.26
國1,M,40500,040K+500,25.06570602,121.3728865,254.62
國1,M,40600,040K+600,25.06558416,121.3719049,257.99
國1,M,40700,040K+700,25.06546228,121.3709234,261.36
國1,M,40800,040K+800,25.06534779,121.3699405,263.65
國1,M,40900,040K+900,25.06524177,121.3689564,265.5
國1,M,41000,041K+000,25.06514866,121.3679706,266.9
國1,M,41100,041K+100,25.06507112,121.3669831,267.79
國1,M,41200,041K+200,25.06500761,121.3659944,268.35
國1,M,41300,041K+300,25.06495601,121.3650049,268.86
國1,M,41400,041K+400,25.06491318,121.3640148,269.38
國1,M,41500,041K+500,25.06488752,121.363024,269.9
國1,M,41600,041K+600,25.06487484,121.362033,270.43
國1,M,41700,041K+700,25.06487206,121.3610418,270.95
國1,M,41800,041K+800,25.06487798,121.3600507,271.47
國1,M,41900,041K+900,25.06490438,121.35906,271.9
國1,M,42000,042K+000,25.06494598,121.3580699,272.15
國1,M,42100,042K+100,25.06499496,121.3570802,272.26
國1,M,42200,042K+200,25.06506195,121.3560917,272.06
國1,M,42300,042K+300,25.06513475,121.3551038,271.81
國1,M,42400,042K+400,25.06522412,121.3541175,271.5
國1,M,42500,042K+500,25.06531754,121.3531316,271.19
國1,M,42600,042K+600,25.06541095,121.3521457,270.87
國1,M,42700,042K+700,25.06549985,121.3511594,270.56
國1,M,42800,042K+800,25.06556987,121.3501712,270.2
國1,M,42900,042K+900,25.06561401,121.3491812,269.82
國1,M,43000,043K+000,25.06562242,121.3481902,269.08
國1,M,43100,043K+100,25.06560326,121.3471993,267.96
國1,M,43200,043K+200,25.06555598,121.3462097,266.44
國1,M,43300,043K+300,25.06547889,121.3452225,264.53
國1,M,43400,043K+400,25.06537009,121.3442389,262.23
國1,M,43500,043K+500,25.0652277,121.3432606,259.53
國1,M,43600,043K+600,25.06503643,121.3422926,256.38
國1,M,43700,043K+700,25.06480353,121.3413357,252.87
國1,M,43800,043K+800,25.0645318,121.3403913,249.17
國1,M,43900,043K+900,25.06420971,121.3394663,245.23
國1,M,44000,044K+000,25.06385136,121.3385577,240.96
國1,M,44100,044K+100,25.06344669,121.3376728,236.94
國1,M,44200,044K+200,25.06300641,121.3368085,233.04
國1,M,44300,044K+300,25.06253193,121.3359662,229.25
國1,M,44400,044K+400,25.06202841,121.3351444,225.59
國1,M,44500,044K+500,25.06149991,121.3343417,221.97
國1,M,44600,044K+600,25.06094441,121.3335613,218.23
國1,M,44700,044K+700,25.06036384,121.3328034,214.38
國1,M,44800,044K+800,25.05975973,121.332068,210.4
國1,M,44900,044K+900,25.05912886,121.3313602,206.2
國1,M,45000,045K+000,25.05848288,121.3306693,201.85
國1,M,45100,045K+100,25.05781086,121.3300091,197.38
國1,M,45200,045K+200,25.05711779,121.3293757,192.72
國1,M,45300,045K+300,25.05640392,121.3287709,187.9
國1,M,45400,045K+400,25.05567382,121.3281901,182.96
國1,M,45500,045K+500,25.05492523,121.3276383,177.99
國1,M,45600,045K+600,25.05417088,121.327096,173.06
國1,M,45700,045K+700,25.05341757,121.326552,168.13
國1,M,45800,045K+800,25.05267262,121.3259941,163.3
國1,M,45900,045K+900,25.05194539,121.3254088,158.56
國1,M,46000,046K+000,25.0512441,121.3247862,154.22
國1,M,46100,046K+100,25.05057884,121.3241178,150.31
國1,M,46200,046K+200,25.04995927,121.3233982,146.81
國1,M,46300,046K+300,25.04938219,121.3226369,143.75
國1,M,46400,046K+400,25.0488619,121.3218278,140.99
國1,M,46500,046K+500,25.04839414,121.3209806,138.55
國1,M,46600,046K+600,25.04797624,121.3201026,136.38
國1,M,46700,046K+700,25.04759606,121.319204,134.52
國1,M,46800,046K+800,25.04724262,121.3182923,132.84
國1,M,46900,046K+900,25.04690977,121.3173713,130.85
國1,M,47000,047K+000,25.04657894,121.3164494,128.8
國1,M,47100,047K+100,25.0462481,121.3155275,126.75
國1,M,47200,047K+200,25.04591165,121.3146081,124.5
國1,M,47300,047K+300,25.04556779,121.3136921,122.01
國1,M,47400,047K+400,25.04521443,121.3127804,119.75
國1,M,47500,047K+500,25.04485369,121.3118722,117.63
國1,M,47600,047K+600,25.04448372,121.3109684,115.7
國1,M,47700,047K+700,25.04410397,121.3100695,113.93
國1,M,47800,047K+800,25.04371666,121.3091745,112.29
國1,M,47900,047K+900,25.04332195,121.3082833,110.81
國1,M,48000,048K+000,25.04291902,121.3073966,109.49
國1,M,48100,048K+100,25.04250829,121.3065141,108.34
國1,M,48200,048K+200,25.04209011,121.3056359,107.32
國1,M,48300,048K+300,25.04166173,121.3047636,106.39
國1,M,48400,048K+400,25.04122745,121.3038949,105.34
國1,M,48500,048K+500,25.04078779,121.3030294,104.16
國1,M,48600,048K+600,25.04033671,121.3021711,102.74
國1,M,48700,048K+700,25.03987785,121.3013178,101.18
國1,M,48800,048K+800,25.0394108,121.3004699,99.41
國1,M,48900,048K+900,25.03893962,121.2996248,97.54
國1,M,49000,049K+000,25.03845775,121.298787,95.49
國1,M,49100,049K+100,25.03796775,121.297955,93.29
國1,M,49200,049K+200,25.03747046,121.2971282,91.19
國1,M,49300,049K+300,25.03696569,121.2963067,89.48
國1,M,49400,049K+400,25.03645383,121.2954905,88.24
國1,M,49500,049K+500,25.03593487,121.2946797,87.5
國1,M,49600,049K+600,25.03540923,121.293874,87.23
國1,M,49700,049K+700,25.03487508,121.2930751,87.5
國1,M,49800,049K+800,25.03433539,121.2922808,88.23
國1,M,49900,049K+900,25.03378518,121.2914952,89.33
國1,M,50000,050K+000,25.03323122,121.2907128,90.52
國1,M,50100,050K+100,25.0326707,121.2899361,91.72
國1,M,50200,050K+200,25.03210045,121.289168,92.8
國1,M,50300,050K+300,25.03152479,121.2884047,93.61
國1,M,50400,050K+400,25.03094319,121.2876468,94.01
國1,M,50500,050K+500,25.03035222,121.2868977,94.39
國1,M,50600,050K+600,25.02975556,121.286154,94.77
國1,M,50700,050K+700,25.02915167,121.2854174,95.15
國1,M,50800,050K+800,25.02854003,121.2846886,95.51
國1,M,50900,050K+900,25.02792381,121.2839644,95.87
國1,M,51000,051K+000,25.02730023,121.2832479,96.26
國1,M,51100,051K+100,25.02667232,121.2825359,96.63
國1,M,51200,051K+200,25.02604272,121.2818258,96.99
國1,M,51300,051K+300,25.02541311,121.2811156,97.35
國1,M,51400,051K+400,25.0247835,121.2804054,97.71
國1,M,51500,051K+500,25.02415389,121.2796953,98.07
國1,M,51600,051K+600,25.02352427,121.2789851,98.43
國1,M,51700,051K+700,25.02289465,121.278275,98.79
國1,M,51800,051K+800,25.02226571,121.2775641,99.16
國1,M,51900,051K+900,25.02163847,121.2768515,99.55
國1,M,52000,052K+000,25.02101122,121.2761388,99.94
國1,M,52100,052K+100,25.02039369,121.275416,100.17
國1,M,52200,052K+200,25.01977941,121.2746899,100.38
國1,M,52300,052K+300,25.01917031,121.2739586,100.56
國1,M,52400,052K+400,25.01856754,121.2732209,100.73
國1,M,52500,052K+500,25.01797174,121.2724765,100.92
國1,M,52600,052K+600,25.01737929,121.2717289,101.11
國1,M,52700,052K+700,25.01679229,121.2709761,101.29
國1,M,52800,052K+800,25.01620706,121.2702216,101.48
國1,M,52900,052K+900,25.01562183,121.2694672,101.66
國1,M,53000,053K+000,25.0150366,121.2687127,101.84
國1,M,53100,053K+100,25.01445136,121.2679583,102.03
國1,M,53200,053K+200,25.01386612,121.2672038,102.21
國1,M,53300,053K+300,25.01328088,121.2664494,102.4
國1,M,53400,053K+400,25.01269202,121.2656984,102.57
國1,M,53500,053K+500,25.01210536,121.2649453,102.94
國1,M,53600,053K+600,25.01151948,121.2641915,103.38
國1,M,53700,053K+700,25.0109336,121.2634377,103.82
國1,M,53800,053K+800,25.01034771,121.2626839,104.26
國1,M,53900,053K+900,25.00976182,121.2619301,104.7
國1,M,54000,054K+000,25.00917592,121.2611763,105.14
國1,M,54100,054K+100,25.00859002,121.2604226,105.58
國1,M,54200,054K+200,25.00800412,121.2596688,106.02
國1,M,54300,054K+300,25.00741821,121.258915,106.46
國1,M,54400,054K+400,25.0068323,121.2581613,106.91
國1,M,54500,054K+500,25.00624638,121.2574075,107.35
國1,M,54600,054K+600,25.00566047,121.2566538,107.79
國1,M,54700,054K+700,25.00507454,121.2559001,108.23
國1,M,54800,054K+800,25.00448896,121.255146,108.86
國1,M,54900,054K+900,25.00390377,121.2543917,109.71
國1,M,55000,055K+000,25.00331858,121.2536373,110.56
國1,M,55100,055K+100,25.00273339,121.2528829,111.41
國1,M,55200,055K+200,25.00214819,121.2521286,112.26
國1,M,55300,055K+300,25.00156299,121.2513742,113.11
國1,M,55400,055K+400,25.00097778,121.2506199,113.96
國1,M,55500,055K+500,25.00038903,121.2498689,114.97
國1,M,55600,055K+600,24.99978746,121.2491303,116.23
國1,M,55700,055K+700,24.99917719,121.2484004,117.51
國1,M,55800,055K+800,24.99855623,121.2476814,118.81
國1,M,55900,055K+900,24.99792036,121.2469782,120.02
國1,M,56000,056K+000,24.99727829,121.2462819,121.14
國1,M,56100,056K+100,24.99662358,121.2455999,122.11
國1,M,56200,056K+200,24.99595751,121.2449312,122.91
國1,M,56300,056K+300,24.99529132,121.2442626,123.7
國1,M,56400,056K+400,24.99462305,121.2435966,124.47
國1,M,56500,056K+500,24.99395305,121.2429326,125.24
國1,M,56600,056K+600,24.99328305,121.2422687,126.0
國1,M,56700,056K+700,24.9926149,121.2416025,126.58
國1,M,56800,056K+800,24.99194683,121.2409361,127.16
國1,M,56900,056K+900,24.99127876,121.2402698,127.74
國1,M,57000,057K+000,24.99061069,121.2396036,128.31
國1,M,57100,057K+100,24.98994261,121.2389373,128.89
國1,M,57200,057K+200,24.98927453,121.238271,129.46
國1,M,57300,057K+300,24.98860645,121.2376047,130.04
國1,M,57400,057K+400,24.98793836,121.2369385,130.62
國1,M,57500,057K+500,24.98727027,121.2362722,131.19
國1,M,57600,057K+600,24.98660218,121.2356059,131.77
國1,M,57700,057K+700,24.9859354,121.2349381,132.4
國1,M,57800,057K+800,24.98527611,121.2342615,133.25
國1,M,57900,057K+900,24.98463318,121.2335662,134.08
國1,M,58000,058K+000,24.98400374,121.2328562,134.86
國1,M,58100,058K+100,24.98338418,121.2321357,135.47
國1,M,58200,058K+200,24.98276638,121.2314134,136.02
國1,M,58300,058K+300,24.98214858,121.2306911,136.56
國1,M,58400,058K+400,24.98153078,121.2299688,137.1
國1,M,58500,058K+500,24.98091298,121.2292465,137.64
國1,M,58600,058K+600,24.98029517,121.2285243,138.19
國1,M,58700,058K+700,24.97967736,121.227802,138.73
國1,M,58800,058K+800,24.97905954,121.2270797,139.27
國1,M,58900,058K+900,24.97844172,121.2263575,139.81
國1,M,59000,059K+000,24.9778239,121.2256352,140.36
國1,M,59100,059K+100,24.97720608,121.224913,140.9
國1,M,59200,059K+200,24.97658825,121.2241908,141.44
國1,M,59300,059K+300,24.97597041,121.2234685,141.98
國1,M,59400,059K+400,24.97535258,121.2227463,142.53
國1,M,59500,059K+500,24.97473473,121.2220241,143.07
國1,M,59600,059K+600,24.97411689,121.2213019,143.61
國1,M,59700,059K+700,24.97349904,121.2205797,144.15
國1,M,59800,059K+800,24.97288119,121.2198575,144.7
國1,M,59900,059K+900,24.97226334,121.2191354,145.24
國1,M,60000,060K+000,24.97164548,121.2184132,145.78
國1,M,60100,060K+100,24.97102761,121.217691,146.32
國1,M,60200,060K+200,24.97040975,121.2169689,146.87
國1,M,60300,060K+300,24.96979188,121.2162467,147.41
國1,M,60400,060K+400,24.96917401,121.2155246,147.95
國1,M,60500,060K+500,24.9685589,121.2147996,148.36
國1,M,60600,060K+600,24.96795156,121.2140668,148.66
國1,M,60700,060K+700,24.9673622,121.2133167,148.92
國1,M,60800,060K+800,24.96679223,121.2125487,149.2
國1,M,60900,060K+900,24.96623913,121.2117659,149.44
國1,M,61000,061K+000,24.96570476,121.2109676,149.86
國1,M,61100,061K+100,24.96517605,121.2101649,150.73
國1,M,61200,061K+200,24.96464733,121.2093621,151.6
國1,M,61300,061K+300,24.96411861,121.2085593,152.47
國1,M,61400,061K+400,24.96358989,121.2077566,153.34
國1,M,61500,061K+500,24.96306116,121.2069539,154.21
國1,M,61600,061K+600,24.96253242,121.2061511,155.07
國1,M,61700,061K+700,24.96200368,121.2053484,155.94
國1,M,61800,061K+800,24.96146198,121.2045562,156.87
國1,M,61900,061K+900,24.96089717,121.2037837,157.54
國1,M,62000,062K+000,24.96030804,121.2030334,157.97
國1,M,62100,062K+100,24.95969071,121.2023108,158.18
國1,M,62200,062K+200,24.95904767,121.2016158,158.1
國1,M,62300,062K+300,24.95838053,121.2009486,158.07
國1,M,62400,062K+400,24.95768993,121.2003109,158.28
國1,M,62500,062K+500,24.95697528,121.1997058,158.52
國1,M,62600,062K+600,24.95623887,121.199133,158.61
國1,M,62700,062K+700,24.95548139,121.1985943,158.46
國1,M,62800,062K+800,24.95470519,121.1980888,158.25
國1,M,62900,062K+900,24.95391052,121.197619,158.19
國1,M,63000,063K+000,24.95310044,121.1971819,158.42
國1,M,63100,063K+100,24.95227569,121.1967791,158.93
國1,M,63200,063K+200,24.95143687,121.1964131,159.67
國1,M,63300,063K+300,24.9505861,121.1960818,160.66
國1,M,63400,063K+400,24.94972348,121.1957901,161.69
國1,M,63500,063K+500,24.9488537,121.1955249,162.85
國1,M,63600,063K+600,24.94797944,121.195278,164.08
國1,M,63700,063K+700,24.94710518,121.1950311,165.32
國1,M,63800,063K+800,24.94623092,121.1947842,166.56
國1,M,63900,063K+900,24.94535665,121.1945374,167.79
國1,M,64000,064K+000,24.94448239,121.1942905,169.03
國1,M,64100,064K+100,24.94360813,121.1940436,170.27
國1,M,64200,064K+200,24.94273484,121.1937928,171.5
國1,M,64300,064K+300,24.94187086,121.1935063,172.76
國1,M,64400,064K+400,24.94102016,121.1931755,174.08
國1,M,64500,064K+500,24.94019036,121.1927859,175.58
國1,M,64600,064K+600,24.93937895,121.1923526,177.25
國1,M,64700,064K+700,24.93859108,121.1918696,179.1
國1,M,64800,064K+800,24.93783084,121.1913361,181.12
國1,M,64900,064K+900,24.93709683,121.1907605,183.4
國1,M,65000,065K+000,24.93639386,121.1901397,185.65
國1,M,65100,065K+100,24.93572408,121.1894765,187.88
國1,M,65200,065K+200,24.93508926,121.1887731,190.1
國1,M,65300,065K+300,24.93449016,121.188033,192.43
國1,M,65400,065K+400,24.93392528,121.1872613,195.05
國1,M,65500,065K+500,24.93340585,121.1864521,197.86
國1,M,65600,065K+600,24.93292834,121.1856125,200.7
國1,M,65700,065K+700,24.93249177,121.1847465,203.28
國1,M,65800,065K+800,24.93210251,121.1838536,205.5
國1,M,65900,065K+900,24.93175096,121.1829419,207.38
國1,M,66000,066K+000,24.93142938,121.1820168,208.48
國1,M,66100,066K+100,24.93110857,121.1810913,209.54
國1,M,66200,066K+200,24.93078776,121.1801659,210.6
國1,M,66300,066K+300,24.93046351,121.1792418,211.35
國1,M,66400,066K+400,24.93011937,121.1783266,211.86
國1,M,66500,066K+500,24.92974081,121.1774279,212.33
國1,M,66600,066K+600,24.92931282,121.1765563,212.75
國1,M,66700,066K+700,24.92884443,121.17571,213.05
國1,M,66800,066K+800,24.92833051,121.1748962,212.86
國1,M,66900,066K+900,24.92777463,121.1741163,212.06
國1,M,67000,067K+000,24.92718837,121.1733637,211.72
國1,M,67100,067K+100,24.92656127,121.1726523,213.85
國1,M,67200,067K+200,24.92589882,121.1719799,214.25
國1,M,67300,067K+300,24.92520086,121.1713523,214.17
國1,M,67400,067K+400,24.92447607,121.1707621,213.99
國1,M,67500,067K+500,24.92371895,121.170223,213.63
國1,M,67600,067K+600,24.92293724,121.1697279,213.12
國1,M,67700,067K+700,24.92213176,121.1692811,212.31
國1,M,67800,067K+800,24.92130639,121.1688804,211.19
國1,M,67900,067K+900,24.92046193,121.1685309,209.64
國1,M,68000,068K+000,24.9196067,121.1682143,207.69
國1,M,68100,068K+100,24.91874617,121.1679157,205.42
國1,M,68200,068K+200,24.91788709,121.1676113,204.57
國1,M,68300,068K+300,24.917028,121.1673069,203.71
國1,M,68400,068K+400,24.91616892,121.1670026,202.86
國1,M,68500,068K+500,24.91530983,121.1666982,202.01
國1,M,68600,068K+600,24.91445074,121.1663938,201.16
國1,M,68700,068K+700,24.91359141,121.1660907,201.98
國1,M,68800,068K+800,24.91273189,121.1657884,204.05
國1,M,68900,068K+900,24.91187236,121.1654861,206.13
國1,M,69000,069K+000,24.91101284,121.1651838,208.2
國1,M,69100,069K+100,24.91015332,121.1648815,210.28
國1,M,69200,069K+200,24.9092938,121.1645792,212.36
國1,M,69300,069K+300,24.90843712,121.1642676,214.5
國1,M,69400,069K+400,24.90759716,121.1639058,216.58
國1,M,69500,069K+500,24.906789,121.163466,218.63
國1,M,69600,069K+600,24.9060231,121.1629431,220.65
國1,M,69700,069K+700,24.90531153,121.1623349,222.7
國1,M,69800,069K+800,24.90465575,121.1616554,224.76
國1,M,69900,069K+900,24.90406407,121.1609085,226.88
國1,M,70000,070K+000,24.90352459,121.1601152,228.35
國1,M,70100,070K+100,24.90303106,121.1592865,229.23
國1,M,70200,070K+200,24.90259284,121.1584213,229.5
國1,M,70300,070K+300,24.90220636,121.157527,229.18
國1,M,70400,070K+400,24.90187311,121.1566073,228.29
國1,M,70500,070K+500,24.90158486,121.1556695,226.83
國1,M,70600,070K+600,24.90132459,121.1547217,225.5
國1,M,70700,070K+700,24.90106659,121.1537732,224.2
國1,M,70800,070K+800,24.90080858,121.1528246,222.91
國1,M,70900,070K+900,24.90055056,121.1518761,221.61
國1,M,71000,071K+000,24.90029254,121.1509276,220.32
國1,M,71100,071K+100,24.90003451,121.1499791,219.02
國1,M,71200,071K+200,24.89977647,121.1490306,217.73
國1,M,71300,071K+300,24.89951936,121.1480817,217.7
國1,M,71400,071K+400,24.89926239,121.1471328,217.87
國1,M,71500,071K+500,24.89900542,121.1461838,218.04
國1,M,71600,071K+600,24.89874843,121.1452349,218.22
國1,M,71700,071K+700,24.89849145,121.144286,218.39
國1,M,71800,071K+800,24.89823445,121.1433371,218.56
國1,M,71900,071K+900,24.89797746,121.1423881,218.73
國1,M,72000,072K+000,24.89772045,121.1414392,218.91
國1,M,72100,072K+100,24.89746344,121.1404903,219.08
國1,M,72200,072K+200,24.89720642,121.1395414,219.25
國1,M,72300,072K+300,24.8969494,121.1385925,219.42
國1,M,72400,072K+400,24.89669237,121.1376436,219.6
國1,M,72500,072K+500,24.89643533,121.1366947,219.77
國1,M,72600,072K+600,24.89617829,121.1357458,219.94
國1,M,72700,072K+700,24.89592124,121.1347969,220.11
國1,M,72800,072K+800,24.89566419,121.1338481,220.29
國1,M,72900,072K+900,24.89540713,121.1328992,220.46
國1,M,73000,073K+000,24.89515007,121.1319503,220.63
國1,M,73100,073K+100,24.89489299,121.1310014,220.8
國1,M,73200,073K+200,24.89463592,121.1300526,220.98
國1,M,73300,073K+300,24.89437988,121.1291034,221.08
國1,M,73400,073K+400,24.8941337,121.1281511,220.66
國1,M,73500,073K+500,24.89389697,121.1271959,220.21
國1,M,73600,073K+600,24.89368336,121.1262342,219.64
國1,M,73700,073K+700,24.89349552,121.1252661,218.87
國1,M,73800,073K+800,24.89333606,121.124292,217.93
國1,M,73900,073K+900,24.89320666,121.1233125,216.9
國1,M,74000,074K+000,24.89310615,121.1223289,215.9
國1,M,74100,074K+100,24.89303445,121.1213423,214.9
國1,M,74200,074K+200,24.89299604,121.1203536,213.87
國1,M,74300,074K+300,24.89298304,121.119364,212.82
國1,M,74400,074K+400,24.89300449,121.1183745,211.81
國1,M,74500,074K+500,24.89305327,121.1173862,210.94
國1,M,74600,074K+600,24.89311924,121.1163991,210.29
國1,M,74700,074K+700,24.89319396,121.1154126,209.88
國1,M,74800,074K+800,24.89326867,121.1144262,209.46
國1,M,74900,074K+900,24.89333791,121.1134393,209.06
國1,M,75000,075K+000,24.89339295,121.1124514,208.7
國1,M,75100,075K+100,24.89341832,121.111462,208.32
國1,M,75200,075K+200,24.89341253,121.1104723,207.95
國1,M,75300,075K+300,24.89336963,121.1094837,207.59
國1,M,75400,075K+400,24.89329283,121.1084975,207.08
國1,M,75500,075K+500,24.89317986,121.1075156,206.2
國1,M,75600,075K+600,24.8930286,121.10654,204.83
國1,M,75700,075K+700,24.89284467,121.1055712,203.08
國1,M,75800,075K+800,24.89262389,121.1046117,201.04
國1,M,75900,075K+900,24.8923673,121.103663,198.98
國1,M,76000,076K+000,24.89207816,121.1027257,196.89
國1,M,76100,076K+100,24.89175482,121.1018018,194.79
國1,M,76200,076K+200,24.89139683,121.1008935,192.7
國1,M,76300,076K+300,24.89100709,121.100001,190.64
國1,M,76400,076K+400,24.89058514,121.0991262,189.09
國1,M,76500,076K+500,24.89013151,121.0982706,188.12
國1,M,76600,076K+600,24.88964682,121.0974356,187.67
國1,M,76700,076K+700,24.88914465,121.0966131,187.43
國1,M,76800,076K+800,24.88863167,121.0957986,187.23
國1,M,76900,076K+900,24.88811869,121.0949841,187.03
國1,M,77000,077K+000,24.88761117,121.0941655,186.78
國1,M,77100,077K+100,24.88712182,121.0933337,186.42
國1,M,77200,077K+200,24.88666036,121.0924832,185.61
國1,M,77300,077K+300,24.88623584,121.09161,184.36
國1,M,77400,077K+400,24.8858545,121.0907133,182.76
國1,M,77500,077K+500,24.88553522,121.0897879,180.74
國1,M,77600,077K+600,24.88526605,121.0888436,178.73
國1,M,77700,077K+700,24.88506063,121.0878802,176.68
國1,M,77800,077K+800,24.88490986,121.0869047,174.68
國1,M,77900,077K+900,24.88481424,121.0859208,172.93
國1,M,78000,078K+000,24.88475591,121.0849332,171.77
國1,M,78100,078K+100,24.88470832,121.0839449,170.83
國1,M,78200,078K+200,24.88466073,121.0829566,169.9
國1,M,78300,078K+300,24.88459704,121.0819693,169.09
國1,M,78400,078K+400,24.88450026,121.0809854,168.26
國1,M,78500,078K+500,24.88435649,121.0800084,167.48
國1,M,78600,078K+600,24.88416658,121.079041,166.68
國1,M,78700,078K+700,24.88393359,121.0780849,165.87
國1,M,78800,078K+800,24.88365575,121.0771433,165.06
國1,M,78900,078K+900,24.88333742,121.0762174,164.23
國1,M,79000,079K+000,24.88297665,121.0753103,163.39
國1,M,79100,079K+100,24.88258019,121.0744212,162.58
國1,M,79200,079K+200,24.88213508,121.0735603,161.8
國1,M,79300,079K+300,24.8816549,121.0727224,160.98
國1,M,79400,079K+400,24.88114134,121.0719085,160.2
國1,M,79500,079K+500,24.88060451,121.0711127,159.4
國1,M,79600,079K+600,24.88006766,121.070317,158.61
國1,M,79700,079K+700,24.87953656,121.0695167,157.66
國1,M,79800,079K+800,24.8790225,121.0687034,156.43
國1,M,79900,079K+900,24.87855061,121.0678599,154.76
國1,M,80000,080K+000,24.87811671,121.0669923,152.89
國1,M,80100,080K+100,24.87772389,121.0661016,151.05
國1,M,80200,080K+200,24.87736759,121.0651925,149.19
國1,M,80300,080K+300,24.87705785,121.0642632,147.29
國1,M,80400,080K+400,24.87678743,121.0633193,145.43
國1,M,80500,080K+500,24.87656424,121.0623606,143.54
國1,M,80600,080K+600,24.87637969,121.0613921,141.66
國1,M,80700,080K+700,24.87624457,121.0604138,139.76
國1,M,80800,080K+800,24.87615179,121.0594297,137.85
國1,M,80900,080K+900,24.87609849,121.0584418,136.33
國1,M,81000,081K+000,24.87607646,121.0574525,135.61
國1,M,81100,081K+100,24.8760735,121.0564628,135.66
國1,M,81200,081K+200,24.87608781,121.0554733,136.12
國1,M,81300,081K+300,24.8761195,121.0544843,136.59
國1,M,81400,081K+400,24.87616482,121.0534959,137.03
國1,M,81500,081K+500,24.87622201,121.0525082,137.49
國1,M,81600,081K+600,24.87628792,121.0515212,137.97
國1,M,81700,081K+700,24.87636244,121.0505349,138.4
國1,M,81800,081K+800,24.87644441,121.0495492,138.49
國1,M,81900,081K+900,24.87652638,121.0485636,138.58
國1,M,82000,082K+000,24.87660834,121.047578,138.68
國1,M,82100,082K+100,24.87669029,121.0465924,138.77
國1,M,82200,082K+200,24.87676829,121.0456064,138.33
國1,M,82300,082K+300,24.87684059,121.04462,137.11
國1,M,82400,082K+400,24.87690551,121.043633,135.44
國1,M,82500,082K+500,24.87695847,121.0426452,133.56
國1,M,82600,082K+600,24.87700027,121.0416567,131.66
國1,M,82700,082K+700,24.87702435,121.0406676,129.84
國1,M,82800,082K+800,24.87703428,121.0396781,128.05
國1,M,82900,082K+900,24.87702165,121.0386886,126.54
國1,M,83000,083K+000,24.87698708,121.0376998,125.37
國1,M,83100,083K+100,24.87693477,121.0367119,124.42
國1,M,83200,083K+200,24.87685867,121.0357258,123.58
國1,M,83300,083K+300,24.87675761,121.0347424,122.72
國1,M,83400,083K+400,24.87663574,121.0337619,121.69
國1,M,83500,083K+500,24.87648948,121.0327854,120.36
國1,M,83600,083K+600,24.87632158,121.0318132,118.75
國1,M,83700,083K+700,24.87613538,121.030845,116.94
國1,M,83800,083K+800,24.8759271,121.0298822,115.0
國1,M,83900,083K+900,24.87569534,121.0289259,113.13
國1,M,84000,084K+000,24.87544189,121.0279762,111.24
國1,M,84100,084K+100,24.87516514,121.0270344,109.37
國1,M,84200,084K+200,24.8748695,121.0260995,107.74
國1,M,84300,084K+300,24.87454988,121.0251739,106.71
國1,M,84400,084K+400,24.87420468,121.0242595,106.21
國1,M,84500,084K+500,24.87383424,121.0233572,105.86
國1,M,84600,084K+600,24.87343262,121.0224709,105.52
國1,M,84700,084K+700,24.87299492,121.0216054,105.17
國1,M,84800,084K+800,24.8725284,121.0207583,104.82
國1,M,84900,084K+900,24.87202802,121.0199347,104.4
國1,M,85000,085K+000,24.87149752,121.019134,104.04
國1,M,85100,085K+100,24.87093725,121.0183581,103.67
國1,M,85200,085K+200,24.87034843,121.017608,103.26
國1,M,85300,085K+300,24.86972931,121.0168878,102.66
國1,M,85400,085K+400,24.86908504,121.0161946,102.25
國1,M,85500,085K+500,24.86841571,121.0155306,101.77
國1,M,85600,085K+600,24.86771986,121.0149002,101.28
國1,M,85700,085K+700,24.86700115,121.0143014,100.76
國1,M,85800,085K+800,24.86625921,121.0137377,100.23
國1,M,85900,085K+900,24.86549884,121.0132043,99.74
國1,M,86000,086K+000,24.86471795,121.0127077,99.22
國1,M,86100,086K+100,24.86391881,121.0122474,98.73
國1,M,86200,086K+200,24.86310243,121.011825,98.28
國1,M,86300,086K+300,24.86226956,121.0114433,97.8
國1,M,86400,086K+400,24.86141899,121.0111122,97.28
國1,M,86500,086K+500,24.86054638,121.0108599,96.4
國1,M,86600,086K+600,24.85965514,121.0107055,94.99
國1,M,86700,086K+700,24.85875369,121.0106688,92.98
國1,M,86800,086K+800,24.85785544,121.0107563,90.4
國1,M,86900,086K+900,24.85697317,121.01096,87.31
國1,M,87000,087K+000,24.85612184,121.0112856,83.63
國1,M,87100,087K+100,24.85531451,121.0117249,79.37
國1,M,87200,087K+200,24.85456227,121.0122687,74.62
國1,M,87300,087K+300,24.85386282,121.0128921,70.12
國1,M,87400,087K+400,24.853207,121.0135709,66.44
國1,M,87500,087K+500,24.85257886,121.0142809,63.4
國1,M,87600,087K+600,24.85196533,121.0150067,62.09
國1,M,87700,087K+700,24.8513522,121.0157329,60.87
國1,M,87800,087K+800,24.85073907,121.0164592,59.65
國1,M,87900,087K+900,24.85012593,121.0171854,58.43
國1,M,88000,088K+000,24.84951279,121.0179116,57.21
國1,M,88100,088K+100,24.84889544,121.0186335,56.09
國1,M,88200,088K+200,24.84825268,121.019328,55.14
國1,M,88300,088K+300,24.8475612,121.0199635,54.16
國1,M,88400,088K+400,24.84681239,121.0205151,53.15
國1,M,88500,088K+500,24.84602008,121.0209883,52.15
國1,M,88600,088K+600,24.84518664,121.0213673,51.21
國1,M,88700,088K+700,24.84432357,121.0216553,50.58
國1,M,88800,088K+800,24.8434422,121.0218689,50.36
國1,M,88900,088K+900,24.84255387,121.0220452,50.53
國1,M,89000,089K+000,24.84165993,121.0221835,51.09
國1,M,89100,089K+100,24.840762,121.0222856,52.04
國1,M,89200,089K+200,24.83986125,121.0223512,53.08
國1,M,89300,089K+300,24.83895902,121.0223845,54.15
國1,M,89400,089K+400,24.83805628,121.0223831,55.2
國1,M,89500,089K+500,24.8371543,121.0223433,56.18
國1,M,89600,089K+600,24.83625407,121.0222696,56.98
國1,M,89700,089K+700,24.83535672,121.0221615,57.58
國1,M,89800,089K+800,24.83446366,121.0220169,57.98
國1,M,89900,089K+900,24.83357557,121.0218394,58.18
國1,M,90000,090K+000,24.83269372,121.0216277,58.2
國1,M,90100,090K+100,24.8318194,121.0213809,57.98
國1,M,90200,090K+200,24.8309536,121.0211005,57.64
國1,M,90300,090K+300,24.83009823,121.0207841,57.3
國1,M,90400,090K+400,24.8292533,121.0204358,56.95
國1,M,90500,090K+500,24.82842055,121.0200537,56.62
國1,M,90600,090K+600,24.82759892,121.0196438,56.28
國1,M,90700,090K+700,24.82679211,121.0192,55.94
國1,M,90800,090K+800,24.82599752,121.0187304,55.76
國1,M,90900,090K+900,24.82521097,121.0182447,55.88
國1,M,91000,091K+000,24.82443422,121.0177405,56.15
國1,M,91100,091K+100,24.82365805,121.0172351,56.43
國1,M,91200,091K+200,24.82288187,121.0167298,56.71
國1,M,91300,091K+300,24.8221057,121.0162244,56.99
國1,M,91400,091K+400,24.82132324,121.0157309,57.35
國1,M,91500,091K+500,24.82053701,121.0152447,57.73
國1,M,91600,091K+600,24.81974235,121.0147752,58.12
國1,M,91700,091K+700,24.81893815,121.0143257,58.4
國1,M,91800,091K+800,24.8181269,121.0138917,58.58
國1,M,91900,091K+900,24.81730683,121.0134779,58.65
國1,M,92000,092K+000,24.81647823,121.0130852,58.65
國1,M,92100,092K+100,24.81564125,121.0127144,58.65
國1,M,92200,092K+200,24.8147978,121.0123617,58.66
國1,M,92300,092K+300,24.81394674,121.0120317,58.66
國1,M,92400,092K+400,24.81308984,121.0117203,58.66
國1,M,92500,092K+500,24.81222624,121.0114319,58.65
國1,M,92600,092K+600,24.81135756,121.0111625,58.65
國1,M,92700,092K+700,24.81048299,121.0109169,58.68
國1,M,92800,092K+800,24.80960429,121.01069,58.83
國1,M,92900,092K+900,24.80872106,121.0104852,59.11
國1,M,93000,093K+000,24.80783378,121.0103026,59.45
國1,M,93100,093K+100,24.80694371,121.0101368,59.78
國1,M,93200,093K+200,24.8060522,121.0099806,60.1
國1,M,93300,093K+300,24.80515882,121.0098376,60.38
國1,M,93400,093K+400,24.80426543,121.0096947,60.67
國1,M,93500,093K+500,24.80337205,121.0095518,60.96
國1,M,93600,093K+600,24.80247867,121.0094089,61.25
國1,M,93700,093K+700,24.80158727,121.0092523,62.25
國1,M,93800,093K+800,24.8006964,121.009092,63.44
國1,M,93900,093K+900,24.79980934,121.0089092,65.49
國1,M,94000,094K+000,24.79892612,121.0087054,67.75
國1,M,94100,094K+100,24.79804716,121.0084807,69.96
國1,M,94200,094K+200,24.79717312,121.0082338,72.16
國1,M,94300,094K+300,24.79630416,121.0079664,74.37
國1,M,94400,094K+400,24.79544108,121.0076772,76.57
國1,M,94500,094K+500,24.79458361,121.0073684,78.76
國1,M,94600,094K+600,24.79373143,121.0070425,80.93
國1,M,94700,094K+700,24.79288387,121.0067024,83.13
國1,M,94800,094K+800,24.79203907,121.0063542,85.36
國1,M,94900,094K+900,24.79119681,121.0059987,87.58
國1,M,95000,095K+000,24.79035455,121.0056431,89.81
國1,M,95100,095K+100,24.78951228,121.0052875,92.03
國1,M,95200,095K+200,24.78866944,121.0049337,94.26
國1,M,95300,095K+300,24.78782093,121.0045966,96.51
國1,M,95400,095K+400,24.78696264,121.0042907,98.72
國1,M,95500,095K+500,24.78609048,121.0040363,100.93
國1,M,95600,095K+600,24.78520812,121.0038287,103.16
國1,M,95700,095K+700,24.7843178,121.0036664,105.36
國1,M,95800,095K+800,24.78342081,121.0035571,107.57
國1,M,95900,095K+900,24.78252012,121.0034939,109.79
國1,M,96000,096K+000,24.78161805,121.0034623,112.0
國1,M,96100,096K+100,24.78071544,121.0034628,113.95
國1,M,96200,096K+200,24.77981286,121.0034815,115.48
國1,M,96300,096K+300,24.77891051,121.0035141,115.93
國1,M,96400,096K+400,24.77800819,121.0035484,116.2
國1,M,96500,096K+500,24.77710588,121.0035828,116.46
國1,M,96600,096K+600,24.77620335,121.0036063,116.21
國1,M,96700,096K+700,24.77530059,121.0036118,115.27
國1,M,96800,096K+800,24.77439817,121.0035862,113.93
國1,M,96900,096K+900,24.77349724,121.0035256,112.31
國1,M,97000,097K+000,24.77259941,121.0034244,110.41
國1,M,97100,097K+100,24.77170752,121.0032731,108.18
國1,M,97200,097K+200,24.77082406,121.0030712,105.64
國1,M,97300,097K+300,24.76995066,121.0028227,102.79
國1,M,97400,097K+400,24.76909067,121.0025233,99.8
國1,M,97500,097K+500,24.76824445,121.0021807,96.35
國1,M,97600,097K+600,24.76741462,121.0017934,92.44
國1,M,97700,097K+700,24.76660435,121.0013596,88.1
國1,M,97800,097K+800,24.76581993,121.0008718,84.46
國1,M,97900,097K+900,24.76506228,121.0003353,81.73
國1,M,98000,098K+000,24.76434791,120.9997317,80.14
國1,M,98100,098K+100,24.76368258,120.999064,79.54
國1,M,98200,098K+200,24.76308838,120.9983204,79.8
國1,M,98300,098K+300,24.76255628,120.9975223,80.35
國1,M,98400,098K+400,24.76210414,120.9966667,80.84
國1,M,98500,098K+500,24.76172913,120.9957678,81.18
國1,M,98600,098K+600,24.76141744,120.99484,80.99
國1,M,98700,098K+700,24.76114409,120.9938976,80.42
國1,M,98800,098K+800,24.76087076,120.9929553,79.86
國1,M,98900,098K+900,24.76057646,120.9920206,79.56
國1,M,99000,099K+000,24.76022991,120.991108,79.78
國1,M,99100,099K+100,24.75979128,120.9902447,80.36
國1,M,99200,099K+200,24.75926339,120.9894437,81.53
國1,M,99300,099K+300,24.758645,120.9887244,83.16
國1,M,99400,099K+400,24.75795426,120.9880887,85.24
國1,M,99500,099K+500,24.75722294,120.9875096,87.63
國1,M,99600,099K+600,24.7564738,120.9869581,89.66
國1,M,99700,099K+700,24.75572449,120.9864068,91.69
國1,M,99800,099K+800,24.75497518,120.9858556,93.72
國1,M,99900,099K+900,24.75422586,120.9853044,95.74
國1,M,100000,100K+000,24.7534792,120.9847488,97.05
國1,M,100100,100K+100,24.75275219,120.9841629,97.2
國1,M,100200,100K+200,24.75207235,120.9835131,96.59
國1,M,100300,100K+300,24.75145155,120.9827958,95.47
國1,M,100400,100K+400,24.75089974,120.9820141,93.51
國1,M,100500,100K+500,24.75041075,120.9811835,90.88
國1,M,100600,100K+600,24.74995044,120.9803335,87.9
國1,M,100700,100K+700,24.74948186,120.9794889,84.98
國1,M,100800,100K+800,24.7489691,120.9786762,81.99
國1,M,100900,100K+900,24.74838925,120.9779197,78.92
國1,M,101000,101K+000,24.74774706,120.9772262,75.98
國1,M,101100,101K+100,24.74703724,120.9766165,73.43
國1,M,101200,101K+200,24.74628026,120.9760794,71.35
國1,M,101300,101K+300,24.74547812,120.9756271,69.79
國1,M,101400,101K+400,24.744644,120.9752495,68.82
國1,M,101500,101K+500,24.74379461,120.9749143,68.24
國1,M,101600,101K+600,24.74294556,120.9745782,67.68
國1,M,101700,101K+700,24.74210614,120.9742146,67.24
國1,M,101800,101K+800,24.7412871,120.9737994,66.73
國1,M,101900,101K+900,24.74049663,120.9733222,66.27
國1,M,102000,102K+000,24.73973674,120.9727887,65.78
國1,M,102100,102K+100,24.73901102,120.9722009,65.22
國1,M,102200,102K+200,24.73832555,120.9715579,64.77
國1,M,102300,102K+300,24.73767617,120.9708715,64.28
國1,M,102400,102K+400,24.7370745,120.9701347,63.76
國1,M,102500,102K+500,24.73651379,120.9693603,63.28
國1,M,102600,102K+600,24.73599895,120.9685484,62.76
國1,M,102700,102K+700,24.73549569,120.9677277,62.22
國1,M,102800,102K+800,24.73498186,120.9669149,61.56
國1,M,102900,102K+900,24.73443196,120.9661311,60.94
國1,M,103000,103K+000,24.73383564,120.9653893,60.36
國1,M,103100,103K+100,24.73319856,120.9646891,59.72
國1,M,103200,103K+200,24.73252532,120.9640306,59.17
國1,M,103300,103K+300,24.73183886,120.9633885,58.54
國1,M,103400,103K+400,24.73116063,120.9627362,57.89
國1,M,103500,103K+500,24.73051902,120.9620411,57.19
國1,M,103600,103K+600,24.72992319,120.961299,56.58
國1,M,103700,103K+700,24.72938308,120.9605073,55.93
國1,M,103800,103K+800,24.72889945,120.9596729,55.3
國1,M,103900,103K+900,24.72847767,120.9587992,54.67
國1,M,104000,104K+000,24.7281154,120.9578941,54.04
國1,M,104100,104K+100,24.72781913,120.9569606,53.45
國1,M,104200,104K+200,24.72758136,120.9560072,52.76
國1,M,104300,104K+300,24.72740023,120.955039,52.17
國1,M,104400,104K+400,24.72725846,120.954063,51.48
國1,M,104500,104K+500,24.72716119,120.9530803,50.9
國1,M,104600,104K+600,24.72709083,120.9520949,50.37
國1,M,104700,104K+700,24.72705066,120.9511075,49.84
國1,M,104800,104K+800,24.72702758,120.9501193,49.22
國1,M,104900,104K+900,24.72701185,120.9491309,48.64
國1,M,105000,105K+000,24.7269961,120.9481426,48.06
國1,M,105100,105K+100,24.72698035,120.9471543,47.48
國1,M,105200,105K+200,24.7269516,120.9461663,46.91
國1,M,105300,105K+300,24.72690073,120.9451795,46.43
國1,M,105400,105K+400,24.7268236,120.9441947,46.2
國1,M,105500,105K+500,24.72671772,120.9432131,46.17
國1,M,105600,105K+600,24.72656514,120.942239,46.38
國1,M,105700,105K+700,24.72636482,120.9412753,46.78
國1,M,105800,105K+800,24.72611009,120.9403272,47.48
國1,M,105900,105K+900,24.72580295,120.9393979,48.36
國1,M,106000,106K+000,24.72543906,120.9384935,49.16
國1,M,106100,106K+100,24.72502914,120.937613,49.98
國1,M,106200,106K+200,24.72456922,120.9367626,50.79
國1,M,106300,106K+300,24.72405823,120.9359479,51.62
國1,M,106400,106K+400,24.72350423,120.9351677,52.65
國1,M,106500,106K+500,24.72290596,120.9344278,53.99
國1,M,106600,106K+600,24.72226711,120.9337298,55.6
國1,M,106700,106K+700,24.72159031,120.9330762,57.69
國1,M,106800,106K+800,24.72087787,120.9324699,60.09
國1,M,106900,106K+900,24.72013116,120.9319154,62.95
國1,M,107000,107K+000,24.7193551,120.9314114,66.0
國1,M,107100,107K+100,24.71855183,120.9309615,69.09
國1,M,107200,107K+200,24.71772392,120.9305685,71.88
國1,M,107300,107K+300,24.71687462,120.9302344,74.1
國1,M,107400,107K+400,24.71600844,120.9299567,75.88
國1,M,107500,107K+500,24.71512788,120.9297394,77.08
國1,M,107600,107K+600,24.71423773,120.9295755,77.76
國1,M,107700,107K+700,24.71334116,120.9294601,77.89
國1,M,107800,107K+800,24.71244154,120.9293774,77.52
國1,M,107900,107K+900,24.71154019,120.9293218,76.61
國1,M,108000,108K+000,24.71063811,120.9292828,75.4
國1,M,108100,108K+100,24.70973583,120.9292491,74.12
國1,M,108200,108K+200,24.70883395,120.9292058,72.84
國1,M,108300,108K+300,24.70793383,120.9291306,71.55
國1,M,108400,108K+400,24.70703992,120.9289946,70.25
國1,M,108500,108K+500,24.70615991,120.9287759,68.92
國1,M,108600,108K+600,24.70529937,120.928478,67.61
國1,M,108700,108K+700,24.70446458,120.9281026,66.24
國1,M,108800,108K+800,24.70365991,120.9276556,64.64
國1,M,108900,108K+900,24.70289265,120.9271356,62.8
國1,M,109000,109K+000,24.70215801,120.9265618,60.88
國1,M,109100,109K+100,24.70145163,120.9259468,58.96
國1,M,109200,109K+200,24.70076866,120.9253007,57.08
國1,M,109300,109K+300,24.70009443,120.9246436,55.5
國1,M,109400,109K+400,24.69942289,120.9239831,54.34
國1,M,109500,109K+500,24.69874604,120.9233292,53.5
國1,M,109600,109K+600,24.69805683,120.9226909,53.23
國1,M,109700,109K+700,24.69734497,120.9220831,53.29
國1,M,109800,109K+800,24.69661176,120.9215065,53.39
國1,M,109900,109K+900,24.69585751,120.9209636,53.5
國1,M,110000,110K+000,24.69508381,120.9204543,53.6
國1,M,110100,110K+100,24.69429244,120.9199788,53.47
國1,M,110200,110K+200,24.69349345,120.9195186,53.24
國1,M,110300,110K+300,24.69268651,120.9190753,53.02
國1,M,110400,110K+400,24.69187988,120.9186314,52.8
國1,M,110500,110K+500,24.69107596,120.9181815,52.59
國1,M,110600,110K+600,24.69028303,120.9177091,52.33
國1,M,110700,110K+700,24.68950427,120.9172093,52.1
國1,M,110800,110K+800,24.68874745,120.9166707,51.78
國1,M,110900,110K+900,24.68801407,120.9160947,51.4
國1,M,111000,111K+000,24.68731122,120.9154746,50.95
國1,M,111100,111K+100,24.68663673,120.9148179,50.53
國1,M,111200,111K+200,24.68599235,120.9141259,50.12
國1,M,111300,111K+300,24.68537904,120.9134009,49.71
國1,M,111400,111K+400,24.68480235,120.9126407,49.25
國1,M,111500,111K+500,24.68425989,120.9118509,48.87
國1,M,111600,111K+600,24.683752,120.9110342,48.46
國1,M,111700,111K+700,24.68327118,120.9101979,48.04
國1,M,111800,111K+800,24.68279642,120.9093573,47.64
國1,M,111900,111K+900,24.68231913,120.9085186,47.22
國1,M,112000,112K+000,24.68182065,120.9076948,46.61
國1,M,112100,112K+100,24.6812892,120.9068961,45.64
國1,M,112200,112K+200,24.68072134,120.9061282,44.26
國1,M,112300,112K+300,24.68011968,120.9053918,42.63
國1,M,112400,112K+400,24.67948706,120.9046872,41.02
國1,M,112500,112K+500,24.67882594,120.9040145,39.41
國1,M,112600,112K+600,24.6781531,120.9033557,38.3
國1,M,112700,112K+700,24.67747734,120.9027005,37.38
國1,M,112800,112K+800,24.67680412,120.9020422,36.57
國1,M,112900,112K+900,24.6761506,120.9013605,36.35
國1,M,113000,113K+000,24.67552404,120.9006493,36.15
國1,M,113100,113K+100,24.67494429,120.8998921,35.92
國1,M,113200,113K+200,24.67441079,120.8990953,35.71
國1,M,113300,113K+300,24.67393422,120.8982564,35.5
國1,M,113400,113K+400,24.67351083,120.897384,35.28
國1,M,113500,113K+500,24.67314648,120.8964803,35.09
國1,M,113600,113K+600,24.67283995,120.8955511,34.88
國1,M,113700,113K+700,24.67259909,120.8945991,34.67
國1,M,113800,113K+800,24.67240556,120.8936341,34.45
國1,M,113900,113K+900,24.67223636,120.8926635,34.25
國1,M,114000,114K+000,24.67205385,120.891696,34.04
國1,M,114100,114K+100,24.67182287,120.890741,33.83
國1,M,114200,114K+200,24.67151774,120.8898116,33.62
國1,M,114300,114K+300,24.67112763,120.888921,33.46
國1,M,114400,114K+400,24.67065677,120.8880787,33.45
國1,M,114500,114K+500,24.67011558,120.8872886,33.62
國1,M,114600,114K+600,24.66950156,120.8865648,33.94
國1,M,114700,114K+700,24.66882632,120.88591,34.36
國1,M,114800,114K+800,24.66809612,120.8853296,34.8
國1,M,114900,114K+900,24.66731928,120.8848266,35.28
國1,M,115000,115K+000,24.6665061,120.8843977,35.71
國1,M,115100,115K+100,24.66566623,120.8840356,36.12
國1,M,115200,115K+200,24.66480888,120.8837266,36.65
國1,M,115300,115K+300,24.66393732,120.8834692,37.17
國1,M,115400,115K+400,24.66305607,120.8832545,37.95
國1,M,115500,115K+500,24.66216871,120.8830729,38.76
國1,M,115600,115K+600,24.66127826,120.88291,39.56
國1,M,115700,115K+700,24.66038623,120.8827575,40.32
國1,M,115800,115K+800,24.65949419,120.8826051,41.08
國1,M,115900,115K+900,24.65860243,120.8824507,41.82
國1,M,116000,116K+000,24.65771379,120.8822765,42.16
國1,M,116100,116K+100,24.65682882,120.882081,42.06
國1,M,116200,116K+200,24.65595071,120.8818515,41.43
國1,M,116300,116K+300,24.65508023,120.8815896,40.45
國1,M,116400,116K+400,24.65421862,120.8812947,39.36
國1,M,116500,116K+500,24.65336664,120.8809681,38.19
國1,M,116600,116K+600,24.65252956,120.8805983,37.1
國1,M,116700,116K+700,24.6517105,120.8801832,35.98
國1,M,116800,116K+800,24.65091873,120.8797089,34.98
國1,M,116900,116K+900,24.65015513,120.8791822,33.95
國1,M,117000,117K+000,24.64942818,120.8785967,33.32
國1,M,117100,117K+100,24.64873583,120.8779629,33.28
國1,M,117200,117K+200,24.648081,120.877283,33.67
國1,M,117300,117K+300,24.64744741,120.8765792,33.99
國1,M,117400,117K+400,24.6468175,120.8758715,34.44
國1,M,117500,117K+500,24.64618759,120.8751638,34.88
國1,M,117600,117K+600,24.64555768,120.874456,35.33
國1,M,117700,117K+700,24.64492777,120.8737483,35.78
國1,M,117800,117K+800,24.64429786,120.8730406,36.22
國1,M,117900,117K+900,24.64366794,120.8723329,36.67
國1,M,118000,118K+000,24.64303801,120.8716252,37.12
國1,M,118100,118K+100,24.64240809,120.8709175,37.57
國1,M,118200,118K+200,24.64177816,120.8702099,38.01
國1,M,118300,118K+300,24.6411468,120.8695038,38.6
國1,M,118400,118K+400,24.64050267,120.8688118,40.47
國1,M,118500,118K+500,24.63983017,120.8681532,42.01
國1,M,118600,118K+600,24.63911518,120.8675508,43.34
國1,M,118700,118K+700,24.63834872,120.8670302,44.33
國1,M,118800,118K+800,24.63753295,120.8666086,45.11
國1,M,118900,118K+900,24.63668114,120.8662829,45.51
國1,M,119000,119K+000,24.63580095,120.8660657,45.61
國1,M,119100,119K+100,24.6349042,120.865956,45.47
國1,M,119200,119K+200,24.63400184,120.8659583,45.06
國1,M,119300,119K+300,24.63310495,120.8660659,44.35
國1,M,119400,119K+400,24.63222159,120.8662681,43.5
國1,M,119500,119K+500,24.63134855,120.8665194,42.6
國1,M,119600,119K+600,24.63047809,120.8667815,41.67
國1,M,119700,119K+700,24.62960289,120.8670239,40.84
國1,M,119800,119K+800,24.62871514,120.8672021,40.59
國1,M,119900,119K+900,24.62781887,120.8673181,41.82
國1,M,120000,120K+000,24.62691729,120.867361,44.38
國1,M,120100,120K+100,24.6260153,120.8673333,46.89
國1,M,120200,120K+200,24.62511732,120.8672357,49.27
國1,M,120300,120K+300,24.62422755,120.8670709,51.15
國1,M,120400,120K+400,24.62335116,120.8668347,52.29
國1,M,120500,120K+500,24.6224929,120.8665291,53.25
國1,M,120600,120K+600,24.62165647,120.8661578,53.77
國1,M,120700,120K+700,24.6208448,120.8657259,54.22
國1,M,120800,120K+800,24.62005386,120.8652496,54.81
國1,M,120900,120K+900,24.61926775,120.8647639,55.39
國1,M,121000,121K+000,24.61846486,120.8643126,55.84
國1,M,121100,121K+100,24.61762357,120.8639557,56.58
國1,M,121200,121K+200,24.61674961,120.8637106,57.34
國1,M,121300,121K+300,24.61585429,120.8635893,58.46
國1,M,121400,121K+400,24.61495233,120.8635928,59.94
國1,M,121500,121K+500,24.614057,120.8637129,61.68
國1,M,121600,121K+600,24.6131776,120.8639345,63.5
國1,M,121700,121K+700,24.61231402,120.8642215,65.63
國1,M,121800,121K+800,24.61145433,120.8645224,67.99
國1,M,121900,121K+900,24.61059215,120.8648142,70.61
國1,M,122000,122K+000,24.60972029,120.865068,73.7
國1,M,122100,122K+100,24.60883337,120.8652472,77.2
國1,M,122200,122K+200,24.60793516,120.8653345,81.17
國1,M,122300,122K+300,24.60703351,120.8653339,85.51
國1,M,122400,122K+400,24.60613539,120.8652483,90.23
國1,M,122500,122K+500,24.60524906,120.8650674,94.72
國1,M,122600,122K+600,24.60438056,120.8648012,98.14
國1,M,122700,122K+700,24.60353845,120.864447,100.38
國1,M,122800,122K+800,24.60272006,120.864031,101.78
國1,M,122900,122K+900,24.60192369,120.8635659,101.92
國1,M,123000,123K+000,24.6011359,120.8630836,100.65
國1,M,123100,123K+100,24.6003455,120.8626068,98.63
國1,M,123200,123K+200,24.59954523,120.8621509,95.59
國1,M,123300,123K+300,24.59872595,120.861738,91.83
國1,M,123400,123K+400,24.59788591,120.8613788,88.0
國1,M,123500,123K+500,24.5970248,120.8610852,84.17
國1,M,123600,123K+600,24.59614992,120.8608448,80.46
國1,M,123700,123K+700,24.59526263,120.8606656,77.38
國1,M,123800,123K+800,24.59436639,120.8605505,74.84
國1,M,123900,123K+900,24.59346531,120.8604946,73.02
國1,M,124000,124K+000,24.5925627,120.8604999,71.92
國1,M,124100,124K+100,24.59166215,120.8605668,71.47
國1,M,124200,124K+200,24.59076564,120.8606832,71.09
國1,M,124300,124K+300,24.58987102,120.8608163,70.7
國1,M,124400,124K+400,24.58897669,120.8609516,70.32
國1,M,124500,124K+500,24.58807797,120.861044,69.94
國1,M,124600,124K+600,24.58717574,120.8610494,69.34
國1,M,124700,124K+700,24.58627842,120.8609447,68.28
國1,M,124800,124K+800,24.58539769,120.8607301,66.77
國1,M,124900,124K+900,24.58454249,120.8604151,65.11
國1,M,125000,125K+000,24.5837146,120.8600223,63.38
國1,M,125100,125K+100,24.58291121,120.8595724,61.71
國1,M,125200,125K+200,24.58213795,120.859063,60.84
國1,M,125300,125K+300,24.58138727,120.8585147,60.8
國1,M,125400,125K+400,24.58065604,120.8579357,62.25
國1,M,125500,125K+500,24.5799248,120.8573567,63.7
國1,M,125600,125K+600,24.57918804,120.8567864,65.53
國1,M,125700,125K+700,24.57843491,120.8562427,67.99
國1,M,125800,125K+800,24.57764992,120.8557562,70.91
國1,M,125900,125K+900,24.57683741,120.8553271,73.92
國1,M,126000,126K+000,24.57600235,120.8549531,76.71
國1,M,126100,126K+100,24.5751538,120.8546163,78.35
國1,M,126200,126K+200,24.57430149,120.8542907,79.24
國1,M,126300,126K+300,24.57344808,120.8539684,79.65
國1,M,126400,126K+400,24.57259467,120.8536461,80.05
國1,M,126500,126K+500,24.57174566,120.8533102,79.77
國1,M,126600,126K+600,24.57091689,120.8529192,78.76
國1,M,126700,126K+700,24.57012517,120.8524462,77.19
國1,M,126800,126K+800,24.56938904,120.8518763,75.11
國1,M,126900,126K+900,24.56872491,120.8512088,72.56
國1,M,127000,127K+000,24.56813844,120.8504593,69.96
國1,M,127100,127K+100,24.56760102,120.8496664,68.83
國1,M,127200,127K+200,24.56707402,120.8488648,68.18
國1,M,127300,127K+300,24.56653492,120.848073,68.57
國1,M,127400,127K+400,24.56594942,120.8473222,70.01
國1,M,127500,127K+500,24.5653099,120.8466259,71.47
國1,M,127600,127K+600,24.56462385,120.8459845,72.99
國1,M,127700,127K+700,24.56390448,120.8453882,74.42
國1,M,127800,127K+800,24.56316797,120.8448174,75.6
國1,M,127900,127K+900,24.56241155,120.8442785,76.26
國1,M,128000,128K+000,24.56164186,120.8437626,76.41
國1,M,128100,128K+100,24.5608555,120.8432776,75.96
國1,M,128200,128K+200,24.56005444,120.8428224,75.18
國1,M,128300,128K+300,24.5592394,120.842398,74.14
國1,M,128400,128K+400,24.55841481,120.8419962,73.11
國1,M,128500,128K+500,24.55757596,120.8416315,72.09
國1,M,128600,128K+600,24.55672682,120.8412964,71.12
國1,M,128700,128K+700,24.55587183,120.8409794,70.43
國1,M,128800,128K+800,24.55501228,120.8406773,70.46
國1,M,128900,128K+900,24.55415134,120.8403799,70.93
國1,M,129000,129K+000,24.5532904,120.8400825,71.39
國1,M,129100,129K+100,24.55243062,120.8397813,71.96
國1,M,129200,129K+200,24.55157594,120.8394633,72.78
國1,M,129300,129K+300,24.55072861,120.8391226,73.59
國1,M,129400,129K+400,24.54989362,120.8387475,74.41
國1,M,129500,129K+500,24.54907308,120.838336,75.26
國1,M,129600,129K+600,24.54827124,120.8378827,76.03
國1,M,129700,129K+700,24.5474899,120.8373884,76.79
國1,M,129800,129K+800,24.54673384,120.8368491,77.38
國1,M,129900,129K+900,24.54600395,120.8362683,77.88
國1,M,130000,130K+000,24.54529444,120.8356579,78.28
國1,M,130100,130K+100,24.54459418,120.8350349,78.67
國1,M,130200,130K+200,24.54389391,120.8344118,79.05
國1,M,130300,130K+300,24.54319364,120.8337887,79.44
國1,M,130400,130K+400,24.54249337,120.8331657,79.82
國1,M,130500,130K+500,24.5417931,120.8325426,80.21
國1,M,130600,130K+600,24.54108951,120.8319241,80.76
國1,M,130700,130K+700,24.54037484,120.8313211,81.51
國1,M,130800,130K+800,24.53962968,120.8307644,82.58
國1,M,130900,130K+900,24.53885216,120.8302633,83.88
國1,M,131000,131K+000,24.53804548,120.8298206,85.17
國1,M,131100,131K+100,24.53721342,120.8294386,86.47
國1,M,131200,131K+200,24.5363633,120.8291069,87.78
國1,M,131300,131K+300,24.53550033,120.8288173,89.05
國1,M,131400,131K+400,24.5346313,120.8285499,90.31
國1,M,131500,131K+500,24.53376033,120.8282901,91.58
國1,M,131600,131K+600,24.53289207,120.8280198,92.85
國1,M,131700,131K+700,24.53203023,120.8277261,94.03
國1,M,131800,131K+800,24.53118131,120.8273905,95.09
國1,M,131900,131K+900,24.53035363,120.8269966,96.04
國1,M,132000,132K+000,24.52955403,120.8265387,96.94
國1,M,132100,132K+100,24.52878625,120.8260198,97.85
國1,M,132200,132K+200,24.5280545,120.825442,98.79
國1,M,132300,132K+300,24.52736374,120.8248071,99.72
國1,M,132400,132K+400,24.52671156,120.824125,100.69
國1,M,132500,132K+500,24.52611004,120.8233894,101.64
國1,M,132600,132K+600,24.52554936,120.8226162,102.59
國1,M,132700,132K+700,24.52502289,120.8218147,103.5
國1,M,132800,132K+800,24.52451959,120.8209954,104.13
國1,M,132900,132K+900,24.52402759,120.8201679,103.94
國1,M,133000,133K+000,24.52353559,120.8193404,103.75
國1,M,133100,133K+100,24.52304298,120.8185133,103.54
國1,M,133200,133K+200,24.52252619,120.8177042,102.76
國1,M,133300,133K+300,24.52198664,120.816913,102.04
國1,M,133400,133K+400,24.52140966,120.8161542,101.44
國1,M,133500,133K+500,24.52080277,120.8154237,101.27
國1,M,133600,133K+600,24.52016116,120.8147296,101.75
國1,M,133700,133K+700,24.5194898,120.8140701,102.63
國1,M,133800,133K+800,24.51878873,120.8134485,103.62
國1,M,133900,133K+900,24.51805886,120.8128679,104.55
國1,M,134000,134K+000,24.51730296,120.8123285,105.42
國1,M,134100,134K+100,24.51652547,120.8118271,106.16
國1,M,134200,134K+200,24.51572642,120.8113679,106.83
國1,M,134300,134K+300,24.51491575,120.8109335,107.47
國1,M,134400,134K+400,24.51410507,120.810499,108.11
國1,M,134500,134K+500,24.51329838,120.8100559,108.75
國1,M,134600,134K+600,24.51250346,120.8095883,109.4
國1,M,134700,134K+700,24.51173107,120.8090775,110.2
國1,M,134800,134K+800,24.51098792,120.8085174,111.27
國1,M,134900,134K+900,24.51027859,120.8079073,112.46
國1,M,135000,135K+000,24.50960281,120.8072532,113.68
國1,M,135100,135K+100,24.50896292,120.8065574,114.92
國1,M,135200,135K+200,24.50835986,120.8058234,116.13
國1,M,135300,135K+300,24.50779757,120.8050516,117.34
國1,M,135400,135K+400,24.50728002,120.8042434,118.48
國1,M,135500,135K+500,24.50680637,120.8034036,119.58
國1,M,135600,135K+600,24.50637736,120.8025356,120.64
國1,M,135700,135K+700,24.50599507,120.8016418,121.64
國1,M,135800,135K+800,24.50564258,120.8007335,122.52
國1,M,135900,135K+900,24.50531648,120.7998135,124.3
國1,M,136000,136K+000,24.50499047,120.7988934,126.09
國1,M,136100,136K+100,24.50466446,120.7979734,127.88
國1,M,136200,136K+200,24.50433844,120.7970534,129.67
國1,M,136300,136K+300,24.50401242,120.7961334,131.45
國1,M,136400,136K+400,24.50368639,120.7952134,133.24
國1,M,136500,136K+500,24.50336036,120.7942934,135.03
國1,M,136600,136K+600,24.50303336,120.7933741,137.75
國1,M,136700,136K+700,24.5027035,120.7924565,142.02
國1,M,136800,136K+800,24.5023512,120.7915494,146.96
國1,M,136900,136K+900,24.50195989,120.7906617,151.96
國1,M,137000,137K+000,24.50151828,120.7898027,156.85
國1,M,137100,137K+100,24.50103114,120.7889732,161.17
國1,M,137200,137K+200,24.50049081,120.7881836,164.56
國1,M,137300,137K+300,24.49991256,120.7874267,167.17
國1,M,137400,137K+400,24.49928992,120.7867126,168.88
國1,M,137500,137K+500,24.49862762,120.7860423,169.82
國1,M,137600,137K+600,24.49792902,120.7854175,169.85
國1,M,137700,137K+700,24.49719389,120.7848449,169.07
國1,M,137800,137K+800,24.49642744,120.7843239,167.64
國1,M,137900,137K+900,24.49563436,120.7838532,166.12
國1,M,138000,138K+000,24.49481559,120.7834381,164.64
國1,M,138100,138K+100,24.49397251,120.783086,163.11
國1,M,138200,138K+200,24.49311272,120.7827857,161.6
國1,M,138300,138K+300,24.49223957,120.7825356,160.1
國1,M,138400,138K+400,24.49135723,120.7823273,158.77
國1,M,138500,138K+500,24.49046737,120.7821611,158.21
國1,M,138600,138K+600,24.48957221,120.7820334,158.6
國1,M,138700,138K+700,24.48867253,120.7819533,160.1
國1,M,138800,138K+800,24.48777055,120.7819203,162.26
國1,M,138900,138K+900,24.48686807,120.781932,164.45
國1,M,139000,139K+000,24.48596703,120.7819899,166.42
國1,M,139100,139K+100,24.48506931,120.7820929,168.16
國1,M,139200,139K+200,24.48417669,120.7822392,169.67
國1,M,139300,139K+300,24.48329073,120.7824285,170.98
國1,M,139400,139K+400,24.48241395,120.7826631,172.52
國1,M,139500,139K+500,24.48154645,120.7829354,174.66
國1,M,139600,139K+600,24.48068851,120.7832415,177.41
國1,M,139700,139K+700,24.47984003,120.7835774,180.4
國1,M,139800,139K+800,24.47899799,120.783932,183.41
國1,M,139900,139K+900,24.47816193,120.7843032,186.39
國1,M,140000,140K+000,24.47732975,120.7846848,189.34
國1,M,140100,140K+100,24.47650091,120.7850755,191.62
國1,M,140200,140K+200,24.47567231,120.7854667,193.85
國1,M,140300,140K+300,24.47484371,120.785858,196.08
國1,M,140400,140K+400,24.47401028,120.7862371,197.69
國1,M,140500,140K+500,24.4731726,120.7866049,199.33
國1,M,140600,140K+600,24.47232865,120.7869548,201.43
國1,M,140700,140K+700,24.47147768,120.7872832,204.2
國1,M,140800,140K+800,24.47061711,120.7875795,207.71
國1,M,140900,140K+900,24.46974738,120.7878406,211.87
國1,M,141000,141K+000,24.46886876,120.7880627,216.25
國1,M,141100,141K+100,24.46798199,120.7882424,220.54
國1,M,141200,141K+200,24.46708762,120.7883706,224.61
國1,M,141300,141K+300,24.46618753,120.7884341,228.37
國1,M,141400,141K+400,24.46528546,120.7884418,231.82
國1,M,141500,141K+500,24.46438479,120.7883858,235.12
國1,M,141600,141K+600,24.46348998,120.7882597,238.16
國1,M,141700,141K+700,24.46260414,120.7880726,241.16
國1,M,141800,141K+800,24.46173238,120.787818,244.14
國1,M,141900,141K+900,24.46087725,120.7875037,247.16
國1,M,142000,142K+000,24.46004447,120.7871244,250.15
國1,M,142100,142K+100,24.45923476,120.7866895,253.14
國1,M,142200,142K+200,24.4584583,120.7861873,256.1
國1,M,142300,142K+300,24.45769561,120.7856601,258.58
國1,M,142400,142K+400,24.45693695,120.7851257,260.81
國1,M,142500,142K+500,24.45617354,120.7845995,262.88
國1,M,142600,142K+600,24.45538697,120.784116,264.64
國1,M,142700,142K+700,24.45457348,120.7836896,267.04
國1,M,142800,142K+800,24.45373043,120.783339,270.27
國1,M,142900,142K+900,24.45286556,120.7830594,274.44
國1,M,143000,143K+000,24.45198424,120.7828503,278.65
國1,M,143100,143K+100,24.45109347,120.782694,282.3
國1,M,143200,143K+200,24.45019748,120.7825759,285.03
國1,M,143300,143K+300,24.44930039,120.7824666,287.37
國1,M,143400,143K+400,24.44840331,120.7823572,289.72
國1,M,143500,143K+500,24.4475087,120.7822246,290.94
國1,M,143600,143K+600,24.44662,120.782051,291.55
國1,M,143700,143K+700,24.44574124,120.7818251,292.2
國1,M,143800,143K+800,24.44487317,120.7815544,292.83
國1,M,143900,143K+900,24.44401847,120.7812372,293.44
國1,M,144000,144K+000,24.44317953,120.7808729,294.04
國1,M,144100,144K+100,24.44235378,120.7804742,294.69
國1,M,144200,144K+200,24.44153014,120.7800701,295.32
國1,M,144300,144K+300,24.44070513,120.7796695,295.95
國1,M,144400,144K+400,24.43987202,120.7792896,296.6
國1,M,144500,144K+500,24.43902009,120.7789638,297.25
國1,M,144600,144K+600,24.43815174,120.7786946,297.88
國1,M,144700,144K+700,24.43726877,120.7784898,298.53
國1,M,144800,144K+800,24.4363745,120.7783558,299.13
國1,M,144900,144K+900,24.43547493,120.7782739,299.84
國1,M,145000,145K+000,24.43457229,120.778257,300.57
國1,M,145100,145K+100,24.43366944,120.7782492,301.3
國1,M,145200,145K+200,24.43276711,120.7782173,302.01
國1,M,145300,145K+300,24.43186751,120.7781364,303.01
國1,M,145400,145K+400,24.43097622,120.7779826,304.3
國1,M,145500,145K+500,24.43009581,120.7777655,305.9
國1,M,145600,145K+600,24.42922199,120.777518,307.78
國1,M,145700,145K+700,24.42834979,120.7772638,309.78
國1,M,145800,145K+800,24.42747011,120.7770433,311.29
國1,M,145900,145K+900,24.42657957,120.7768825,312.02
國1,M,146000,146K+000,24.42567988,120.7768016,311.63
國1,M,146100,146K+100,24.42477884,120.7767387,310.78
國1,M,146200,146K+200,24.4238793,120.7766567,309.06
國1,M,146300,146K+300,24.42298645,120.7765136,306.7
國1,M,146400,146K+400,24.42210589,120.7762989,304.07
國1,M,146500,146K+500,24.42123926,120.7760243,301.35
國1,M,146600,146K+600,24.42037793,120.7757296,298.76
國1,M,146700,146K+700,24.41951076,120.7754565,296.61
國1,M,146800,146K+800,24.41862912,120.775245,295.48
國1,M,146900,146K+900,24.4177384,120.7750842,295.74
國1,M,147000,147K+000,24.41684659,120.7749301,296.3
國1,M,147100,147K+100,24.41595698,120.7747627,297.49
國1,M,147200,147K+200,24.41507608,120.7745485,299.6
國1,M,147300,147K+300,24.41420697,120.7742827,301.78
國1,M,147400,147K+400,24.4133536,120.7739618,303.98
國1,M,147500,147K+500,24.41251577,120.7735953,306.16
國1,M,147600,147K+600,24.41170178,120.7731696,308.35
國1,M,147700,147K+700,24.41090721,120.7727022,310.57
國1,M,147800,147K+800,24.41013986,120.7721834,312.74
國1,M,147900,147K+900,24.40939985,120.7716192,315.06
國1,M,148000,148K+000,24.4086874,120.7710145,317.8
國1,M,148100,148K+100,24.40800803,120.7703661,321.09
國1,M,148200,148K+200,24.40735495,120.7696864,324.9
國1,M,148300,148K+300,24.40671561,120.7689912,328.69
國1,M,148400,148K+400,24.40607994,120.7682919,332.44
國1,M,148500,148K+500,24.40544427,120.7675927,336.18
國1,M,148600,148K+600,24.40479327,120.7669104,339.61
國1,M,148700,148K+700,24.40412332,120.7662503,342.81
國1,M,148800,148K+800,24.40343155,120.7656176,345.82
國1,M,148900,148K+900,24.40271629,120.7650167,348.6
國1,M,149000,149K+000,24.40197676,120.7644518,351.17
國1,M,149100,149K+100,24.40121802,120.7639181,353.73
國1,M,149200,149K+200,24.4004482,120.7634036,356.28
國1,M,149300,149K+300,24.39966947,120.7629053,358.82
國1,M,149400,149K+400,24.39888885,120.7624105,361.36
國1,M,149500,149K+500,24.39810823,120.7619156,363.91
國1,M,149600,149K+600,24.39733205,120.7614126,366.49
國1,M,149700,149K+700,24.39656065,120.7609009,369.12
國1,M,149800,149K+800,24.39579621,120.760377,371.84
國1,M,149900,149K+900,24.39503877,120.7598409,374.28
國1,M,150000,150K+000,24.39428193,120.7593038,376.69
國1,M,150100,150K+100,24.3935251,120.7587667,379.1
國1,M,150200,150K+200,24.39276826,120.7582296,381.51
國1,M,150300,150K+300,24.39200697,120.7576999,383.24
國1,M,150400,150K+400,24.39124052,120.7571789,384.37
國1,M,150500,150K+500,24.39046435,120.7566753,384.93
國1,M,150600,150K+600,24.38967783,120.7561912,385.03
國1,M,150700,150K+700,24.38888025,120.7557292,384.58
國1,M,150800,150K+800,24.38807457,120.7552844,383.66
國1,M,150900,150K+900,24.38726313,120.7548524,382.39
國1,M,151000,151K+000,24.38644514,120.7544353,380.63
國1,M,151100,151K+100,24.38562217,120.7540305,378.34
國1,M,151200,151K+200,24.38479453,120.7536375,375.51
國1,M,151300,151K+300,24.38396466,120.7532506,372.14
國1,M,151400,151K+400,24.3831322,120.7528712,367.79
國1,M,151500,151K+500,24.38229973,120.7524919,363.44
國1,M,151600,151K+600,24.38146727,120.7521126,359.1
國1,M,151700,151K+700,24.3806348,120.7517333,354.75
國1,M,151800,151K+800,24.37980233,120.751354,350.4
國1,M,151900,151K+900,24.37897142,120.7509709,345.86
國1,M,152000,152K+000,24.3781434,120.7505806,341.18
國1,M,152100,152K+100,24.37731834,120.7501828,336.52
國1,M,152200,152K+200,24.37649386,120.7497835,331.9
國1,M,152300,152K+300,24.3756746,120.7493714,327.57
國1,M,152400,152K+400,24.37486075,120.7489464,323.5
國1,M,152500,152K+500,24.37405174,120.7485105,319.46
國1,M,152600,152K+600,24.37325019,120.7480587,315.3
國1,M,152700,152K+700,24.37245436,120.7475949,311.07
國1,M,152800,152K+800,24.37166549,120.7471173,306.73
國1,M,152900,152K+900,24.37088486,120.746624,302.25
國1,M,153000,153K+000,24.37011139,120.7461175,297.67
國1,M,153100,153K+100,24.36934634,120.7455961,292.98
國1,M,153200,153K+200,24.36858906,120.7450615,288.18
國1,M,153300,153K+300,24.36784057,120.7445123,283.31
國1,M,153400,153K+400,24.36710025,120.7439502,278.43
國1,M,153500,153K+500,24.36636701,120.7433771,273.54
國1,M,153600,153K+600,24.36564201,120.7427916,268.64
國1,M,153700,153K+700,24.36492629,120.7421926,263.8
國1,M,153800,153K+800,24.36421271,120.7415906,258.95
國1,M,153900,153K+900,24.36350534,120.7409799,254.09
國1,M,154000,154K+000,24.36280066,120.7403656,249.24
國1,M,154100,154K+100,24.36209699,120.7397498,244.4
國1,M,154200,154K+200,24.36139332,120.739134,239.56
國1,M,154300,154K+300,24.36068964,120.7385183,234.71
國1,M,154400,154K+400,24.35998577,120.7379011,233.34
國1,M,154500,154K+500,24.3592819,120.7372839,231.97
國1,M,154600,154K+600,24.35857803,120.7366667,230.6
國1,M,154700,154K+700,24.35787415,120.7360496,229.23
國1,M,154800,154K+800,24.35717028,120.7354324,227.86
國1,M,154900,154K+900,24.3564664,120.7348153,226.49
國1,M,155000,155K+000,24.35576251,120.7341981,225.12
國1,M,155100,155K+100,24.35505863,120.733581,223.75
國1,M,155200,155K+200,24.35435474,120.7329638,222.38
國1,M,155300,155K+300,24.35365085,120.7323467,221.01
國1,M,155400,155K+400,24.35294696,120.7317296,219.64
國1,M,155500,155K+500,24.35224306,120.7311125,218.27
國1,M,155600,155K+600,24.35153916,120.7304954,216.9
國1,M,155700,155K+700,24.35083526,120.7298783,215.53
國1,M,155800,155K+800,24.35013136,120.7292612,214.16
國1,M,155900,155K+900,24.34942745,120.7286441,212.79
國1,M,156000,156K+000,24.34872355,120.728027,211.42
國1,M,156100,156K+100,24.34801964,120.7274099,210.05
國1,M,156200,156K+200,24.34731572,120.7267929,208.68
國1,M,156300,156K+300,24.34661167,120.726176,207.33
國1,M,156400,156K+400,24.34589999,120.7255696,206.56
國1,M,156500,156K+500,24.34518023,120.7249747,205.7
國1,M,156600,156K+600,24.34445121,120.7243933,204.74
國1,M,156700,156K+700,24.34371078,120.7238295,203.77
國1,M,156800,156K+800,24.34295853,120.7232847,202.8
國1,M,156900,156K+900,24.34219447,120.7227598,201.82
國1,M,157000,157K+000,24.34141837,120.7222564,200.84
國1,M,157100,157K+100,24.34063284,120.7217707,199.87
國1,M,157200,157K+200,24.33984005,120.7212991,198.94
國1,M,157300,157K+300,24.3390392,120.7208441,198.9
國1,M,157400,157K+400,24.33823714,120.7203915,199.02
國1,M,157500,157K+500,24.33743507,120.719939,199.13
國1,M,157600,157K+600,24.33663301,120.7194864,199.25
國1,M,157700,157K+700,24.33583158,120.7190326,199.51
國1,M,157800,157K+800,24.3350351,120.7185686,200.92
國1,M,157900,157K+900,24.33424376,120.7180945,202.64
國1,M,158000,158K+000,24.33346012,120.7176055,204.75
國1,M,158100,158K+100,24.33268734,120.7170965,207.2
國1,M,158200,158K+200,24.33192534,120.7165685,209.59
國1,M,158300,158K+300,24.33117721,120.7160174,211.99
國1,M,158400,158K+400,24.33043971,120.7154495,214.45
國1,M,158500,158K+500,24.32971465,120.7148627,216.87
國1,M,158600,158K+600,24.32900555,120.7142532,219.2
國1,M,158700,158K+700,24.32830634,120.7136301,221.35
國1,M,158800,158K+800,24.32761807,120.7129925,223.12
國1,M,158900,158K+900,24.32693519,120.7123481,224.43
國1,M,159000,159K+000,24.3262562,120.7116986,225.4
國1,M,159100,159K+100,24.32557721,120.7110492,226.37
國1,M,159200,159K+200,24.32489821,120.7103998,227.34
國1,M,159300,159K+300,24.32421713,120.7097529,228.04
國1,M,159400,159K+400,24.32353143,120.7091119,228.23
國1,M,159500,159K+500,24.32283856,120.7084801,228.09
國1,M,159600,159K+600,24.32213628,120.7078609,227.79
國1,M,159700,159K+700,24.32142264,120.7072573,227.62
國1,M,159800,159K+800,24.32069668,120.7066716,227.64
國1,M,159900,159K+900,24.31995725,120.7061062,227.9
國1,M,160000,160K+000,24.31920936,120.7055543,228.32
國1,M,160100,160K+100,24.31844928,120.7050225,228.99
國1,M,160200,160K+200,24.31767736,120.7045114,229.7
國1,M,160300,160K+300,24.3168946,120.7040206,230.02
國1,M,160400,160K+400,24.31610449,120.7035438,229.98
國1,M,160500,160K+500,24.3153055,120.7030851,229.4
國1,M,160600,160K+600,24.31449715,120.7026463,228.32
國1,M,160700,160K+700,24.31368119,120.7022247,226.71
國1,M,160800,160K+800,24.31286004,120.7018154,224.96
國1,M,160900,160K+900,24.31203542,120.7014145,223.36
國1,M,161000,161K+000,24.31120571,120.7010261,222.12
國1,M,161100,161K+100,24.3103714,120.7006495,221.38
國1,M,161200,161K+200,24.30953488,120.7002789,220.8
國1,M,161300,161K+300,24.30869239,120.6999246,220.39
國1,M,161400,161K+400,24.30784543,120.6995831,219.95
國1,M,161500,161K+500,24.30699526,120.6992514,219.51
國1,M,161600,161K+600,24.30614095,120.6989326,219.1
國1,M,161700,161K+700,24.30528306,120.6986255,218.64
國1,M,161800,161K+800,24.30442242,120.6983277,218.1
國1,M,161900,161K+900,24.30355832,120.6980421,217.31
國1,M,162000,162K+000,24.30268973,120.6977733,216.25
國1,M,162100,162K+100,24.30181935,120.6975114,215.35
國1,M,162200,162K+200,24.300946,120.6972616,214.8
國1,M,162300,162K+300,24.30006988,120.6970235,214.62
國1,M,162400,162K+400,24.29919096,120.6967979,215.01
國1,M,162500,162K+500,24.29830935,120.6965854,215.54
國1,M,162600,162K+600,24.29742539,120.6963848,216.04
國1,M,162700,162K+700,24.29653925,120.6961959,216.22
國1,M,162800,162K+800,24.2956512,120.696018,215.8
國1,M,162900,162K+900,24.29476084,120.6958547,214.76
國1,M,163000,163K+000,24.29386914,120.6957004,213.63
國1,M,163100,163K+100,24.29297541,120.6955607,212.58
國1,M,163200,163K+200,24.29208054,120.69543,211.58
國1,M,163300,163K+300,24.29118413,120.6953126,210.59
國1,M,163400,163K+400,24.29028657,120.6952055,210.69
國1,M,163500,163K+500,24.28938902,120.6950984,210.79
國1,M,163600,163K+600,24.28849146,120.6949913,210.89
國1,M,163700,163K+700,24.2875939,120.6948841,210.99
國1,M,163800,163K+800,24.28669634,120.694777,211.09
國1,M,163900,163K+900,24.28579878,120.6946699,211.19
國1,M,164000,164K+000,24.28490122,120.6945628,211.29
國1,M,164100,164K+100,24.28400366,120.6944557,211.39
國1,M,164200,164K+200,24.28310611,120.6943486,211.49
國1,M,164300,164K+300,24.28220855,120.6942415,211.59
國1,M,164400,164K+400,24.28131099,120.6941344,211.69
國1,M,164500,164K+500,24.28041343,120.6940272,211.79
國1,M,164600,164K+600,24.27951587,120.6939201,211.89
國1,M,164700,164K+700,24.27861831,120.693813,211.99
國1,M,164800,164K+800,24.27772075,120.6937059,212.09
國1,M,164900,164K+900,24.27682319,120.6935988,212.19
國1,M,165000,165K+000,24.27592562,120.6934917,212.29
國1,M,165100,165K+100,24.27502806,120.6933846,212.39
國1,M,165200,165K+200,24.2741305,120.6932775,212.49
國1,M,165300,165K+300,24.27323294,120.6931704,212.59
國1,M,165400,165K+400,24.27233538,120.6930633,212.69
國1,M,165500,165K+500,24.27143782,120.6929563,212.79
國1,M,165600,165K+600,24.27054026,120.6928492,212.89
國1,M,165700,165K+700,24.2696427,120.6927421,212.99
國1,M,165800,165K+800,24.26874513,120.692635,213.09
國1,M,165900,165K+900,24.26784757,120.6925279,213.19
國1,M,166000,166K+000,24.26695001,120.6924208,213.3
國1,M,166100,166K+100,24.26605245,120.6923137,213.4
國1,M,166200,166K+200,24.26515489,120.6922066,213.5
國1,M,166300,166K+300,24.26425732,120.6920996,213.6
國1,M,166400,166K+400,24.26335976,120.6919925,213.7
國1,M,166500,166K+500,24.2624622,120.6918854,213.8
國1,M,166600,166K+600,24.26156463,120.6917783,213.9
國1,M,166700,166K+700,24.26066707,120.6916713,214.0
國1,M,166800,166K+800,24.25976951,120.6915642,214.1
國1,M,166900,166K+900,24.25887194,120.6914571,214.2
國1,M,167000,167K+000,24.25797438,120.69135,214.3
國1,M,167100,167K+100,24.25707681,120.691243,214.4
國1,M,167200,167K+200,24.25617925,120.6911359,214.5
國1,M,167300,167K+300,24.25528169,120.6910288,214.6
國1,M,167400,167K+400,24.25438412,120.6909218,214.7
國1,M,167500,167K+500,24.25348656,120.6908147,214.8
國1,M,167600,167K+600,24.25258899,120.6907076,214.9
國1,M,167700,167K+700,24.25169125,120.6906024,215.08
國1,M,167800,167K+800,24.25079342,120.690498,215.29
國1,M,167900,167K+900,24.2498956,120.6903935,215.48
國1,M,168000,168K+000,24.24899858,120.6902817,214.38
國1,M,168100,168K+100,24.24810157,120.6901698,213.28
國1,M,168200,168K+200,24.24720455,120.6900579,212.17
國1,M,168300,168K+300,24.24630753,120.6899461,211.07
國1,M,168400,168K+400,24.24541188,120.689822,209.91
國1,M,168500,168K+500,24.24451638,120.6896966,208.76
國1,M,168600,168K+600,24.24362171,120.6895642,207.97
國1,M,168700,168K+700,24.24272781,120.6894254,207.52
國1,M,168800,168K+800,24.24183548,120.6892752,207.49
國1,M,168900,168K+900,24.24094368,120.6891212,207.6
國1,M,169000,169K+000,24.24005343,120.6889569,207.78
國1,M,169100,169K+100,24.2391649,120.6887819,207.68
國1,M,169200,169K+200,24.23827872,120.6885933,207.22
國1,M,169300,169K+300,24.23739514,120.6883909,206.42
國1,M,169400,169K+400,24.23651406,120.6881761,205.35
國1,M,169500,169K+500,24.23563544,120.6879496,204.03
國1,M,169600,169K+600,24.23476073,120.6877058,202.66
國1,M,169700,169K+700,24.23388982,120.6874463,201.31
國1,M,169800,169K+800,24.23302333,120.6871698,199.95
國1,M,169900,169K+900,24.23216136,120.686877,198.58
國1,M,170000,170K+000,24.23130579,120.6865626,197.24
國1,M,170100,170K+100,24.23045582,120.6862307,195.86
國1,M,170200,170K+200,24.22961233,120.6858797,194.6
國1,M,170300,170K+300,24.22877732,120.6855053,193.42
國1,M,170400,170K+400,24.22794944,120.6851125,192.32
國1,M,170500,170K+500,24.22713129,120.6846962,191.3
國1,M,170600,170K+600,24.2263222,120.6842593,190.31
國1,M,170700,170K+700,24.22552433,120.6837985,189.3
國1,M,170800,170K+800,24.22473701,120.6833167,188.26
國1,M,170900,170K+900,24.22396165,120.6828123,187.28
國1,M,171000,171K+000,24.22319661,120.6822896,186.28
國1,M,171100,171K+100,24.22244511,120.681744,185.27
國1,M,171200,171K+200,24.2217062,120.6811784,184.25
國1,M,171300,171K+300,24.22097891,120.6805951,183.2
國1,M,171400,171K+400,24.22026548,120.6799918,182.07
國1,M,171500,171K+500,24.21956748,120.6793674,180.9
國1,M,171600,171K+600,24.21888359,120.6787247,179.64
國1,M,171700,171K+700,24.21821507,120.6780631,178.33
國1,M,171800,171K+800,24.2175636,120.6773816,176.95
國1,M,171900,171K+900,24.21692586,120.6766849,175.52
國1,M,172000,172K+000,24.21630175,120.6759736,174.11
國1,M,172100,172K+100,24.21569869,120.675241,172.72
國1,M,172200,172K+200,24.21510884,120.6744959,171.3
國1,M,172300,172K+300,24.21453763,120.6737336,169.88
國1,M,172400,172K+400,24.21398356,120.6729564,168.5
國1,M,172500,172K+500,24.21344588,120.6721656,167.2
國1,M,172600,172K+600,24.21293042,120.6713575,166.0
國1,M,172700,172K+700,24.21242973,120.6705383,164.92
國1,M,172800,172K+800,24.21194749,120.6697061,163.93
國1,M,172900,172K+900,24.211481,120.6688633,162.99
國1,M,173000,173K+000,24.21102414,120.6680142,162.03
國1,M,173100,173K+100,24.21058296,120.6671553,160.94
國1,M,173200,173K+200,24.21015458,120.6662888,159.8
國1,M,173300,173K+300,24.20973072,120.6654196,158.63
國1,M,173400,173K+400,24.20931769,120.6645443,157.42
國1,M,173500,173K+500,24.20890948,120.6636663,156.18
國1,M,173600,173K+600,24.20850564,120.6627859,155.21
國1,M,173700,173K+700,24.20810662,120.6619028,154.53
國1,M,173800,173K+800,24.20770761,120.6610197,153.84
國1,M,173900,173K+900,24.20730831,120.6601368,153.26
國1,M,174000,174K+000,24.20690625,120.6592553,153.68
國1,M,174100,174K+100,24.20650418,120.6583739,154.1
國1,M,174200,174K+200,24.20609406,120.6574969,154.47
國1,M,174300,174K+300,24.20568097,120.6566215,154.78
國1,M,174400,174K+400,24.2052567,120.6557525,154.34
國1,M,174500,174K+500,24.20482347,120.6548889,153.36
國1,M,174600,174K+600,24.20437846,120.6540325,151.94
國1,M,174700,174K+700,24.20392236,120.6531831,150.28
國1,M,174800,174K+800,24.20345243,120.6523427,148.65
國1,M,174900,174K+900,24.20296982,120.6515109,146.99
國1,M,175000,175K+000,24.20246992,120.6506913,145.33
國1,M,175100,175K+100,24.20195581,120.6498822,143.69
國1,M,175200,175K+200,24.20142503,120.6490861,142.05
國1,M,175300,175K+300,24.20088177,120.6483,140.42
國1,M,175400,175K+400,24.200322,120.6475278,138.92
國1,M,175500,175K+500,24.19974374,120.646772,137.66
國1,M,175600,175K+600,24.19914551,120.6460349,136.7
國1,M,175700,175K+700,24.19853213,120.6453126,136.0
國1,M,175800,175K+800,24.19790046,120.6446094,135.55
國1,M,175900,175K+900,24.19725302,120.6439234,135.2
國1,M,176000,176K+000,24.19658763,120.6432581,134.84
國1,M,176100,176K+100,24.19590464,120.6426144,134.32
國1,M,176200,176K+200,24.19521022,120.6419854,133.54
國1,M,176300,176K+300,24.19449739,120.6413815,132.26
國1,M,176400,176K+400,24.19377205,120.6407956,130.63
國1,M,176500,176K+500,24.19303145,120.6402328,128.78
國1,M,176600,176K+600,24.19227708,120.6396922,127.13
國1,M,176700,176K+700,24.1915109,120.6391716,125.75
國1,M,176800,176K+800,24.19072993,120.6386777,124.65
國1,M,176900,176K+900,24.18993861,120.6382039,123.83
國1,M,177000,177K+000,24.18913531,120.6377549,123.24
國1,M,177100,177K+100,24.18832305,120.6373251,122.8
國1,M,177200,177K+200,24.18750005,120.6369204,122.45
國1,M,177300,177K+300,24.18666699,120.6365407,122.06
國1,M,177400,177K+400,24.18582632,120.6361817,121.64
國1,M,177500,177K+500,24.18497899,120.6358418,121.13
國1,M,177600,177K+600,24.18412955,120.6355082,120.54
國1,M,177700,177K+700,24.1832779,120.6351813,119.83
國1,M,177800,177K+800,24.18242625,120.6348544,119.11
國1,M,177900,177K+900,24.18157629,120.6345225,118.4
國1,M,178000,178K+000,24.18073201,120.6341737,117.7
國1,M,178100,178K+100,24.17989437,120.6338065,116.96
國1,M,178200,178K+200,24.17906617,120.6334147,116.17
國1,M,178300,178K+300,24.1782493,120.6329958,115.38
國1,M,178400,178K+400,24.17744848,120.6325415,114.59
國1,M,178500,178K+500,24.17666519,120.6320523,113.8
國1,M,178600,178K+600,24.17589967,120.6315306,112.98
國1,M,178700,178K+700,24.17515342,120.6309768,112.22
國1,M,178800,178K+800,24.17442891,120.6303897,111.4
國1,M,178900,178K+900,24.17372715,120.6297705,110.37
國1,M,179000,179K+000,24.17303942,120.629133,109.14
國1,M,179100,179K+100,24.17236483,120.628479,107.88
國1,M,179200,179K+200,24.17169306,120.6278214,106.76
國1,M,179300,179K+300,24.17102129,120.6271639,105.64
國1,M,179400,179K+400,24.1703427,120.6265148,104.84
國1,M,179500,179K+500,24.16965619,120.6258757,104.27
國1,M,179600,179K+600,24.16894872,120.6252643,103.72
國1,M,179700,179K+700,24.16822341,120.6246784,103.11
國1,M,179800,179K+800,24.1674728,120.6241317,102.08
國1,M,179900,179K+900,24.16670431,120.6236156,100.68
國1,M,180000,180K+000,24.1659188,120.6231309,99.04
國1,M,180100,180K+100,24.16511561,120.6226818,97.4
國1,M,180200,180K+200,24.16429609,120.6222692,96.01
國1,M,180300,180K+300,24.16346188,120.6218932,94.91
國1,M,180400,180K+400,24.16261484,120.6215528,94.02
國1,M,180500,180K+500,24.1617569,120.6212464,93.37
國1,M,180600,180K+600,24.16088707,120.6209827,93.02
國1,M,180700,180K+700,24.16000855,120.6207559,92.89
國1,M,180800,180K+800,24.15912255,120.6205668,93.03
國1,M,180900,180K+900,24.15823027,120.6204167,93.23
國1,M,181000,181K+000,24.15733334,120.6203043,93.16
國1,M,181100,181K+100,24.1564344,120.6202123,92.85
國1,M,181200,181K+200,24.15553405,120.6201386,92.2
國1,M,181300,181K+300,24.15463303,120.6200753,91.33
國1,M,181400,181K+400,24.15373212,120.6200104,90.36
國1,M,181500,181K+500,24.15283161,120.6199397,89.04
國1,M,181600,181K+600,24.1519319,120.6198583,87.66
國1,M,181700,181K+700,24.15103274,120.6197697,86.27
國1,M,181800,181K+800,24.15013508,120.6196645,84.85
國1,M,181900,181K+900,24.14923898,120.6195446,83.56
國1,M,182000,182K+000,24.14834388,120.619416,82.37
國1,M,182100,182K+100,24.14745019,120.6192761,81.35
國1,M,182200,182K+200,24.14655729,120.6191302,80.49
國1,M,182300,182K+300,24.14566506,120.6189793,80.01
國1,M,182400,182K+400,24.14477283,120.6188283,79.53
國1,M,182500,182K+500,24.1438806,120.6186774,79.04
國1,M,182600,182K+600,24.14298775,120.6185309,78.8
國1,M,182700,182K+700,24.14209388,120.618392,78.82
國1,M,182800,182K+800,24.1411994,120.6182577,78.94
國1,M,182900,182K+900,24.14030401,120.6181311,78.9
國1,M,183000,183K+000,24.13940781,120.6180113,78.71
國1,M,183100,183K+100,24.13851011,120.6179058,78.13
國1,M,183200,183K+200,24.13761155,120.6178096,77.22
國1,M,183300,183K+300,24.1367124,120.6177206,76.05
國1,M,183400,183K+400,24.13581248,120.6176416,74.76
國1,M,183500,183K+500,24.1349117,120.6175749,73.61
國1,M,183600,183K+600,24.13401073,120.6175112,72.51
國1,M,183700,183K+700,24.13310918,120.6174578,71.69
國1,M,183800,183K+800,24.13220751,120.6174064,70.93
國1,M,183900,183K+900,24.13130584,120.617355,70.17
國1,M,184000,184K+000,24.13040417,120.6173036,69.41
國1,M,184100,184K+100,24.12950254,120.6172515,68.66
國1,M,184200,184K+200,24.12860138,120.6171904,68.0
國1,M,184300,184K+300,24.12770093,120.6171181,67.39
國1,M,184400,184K+400,24.12680165,120.6170301,66.79
國1,M,184500,184K+500,24.12590422,120.6169225,66.15
國1,M,184600,184K+600,24.12500947,120.6167913,65.5
國1,M,184700,184K+700,24.12411855,120.6166319,64.84
國1,M,184800,184K+800,24.12323314,120.6164396,64.19
國1,M,184900,184K+900,24.12235556,120.6162086,63.52
國1,M,185000,185K+000,24.12148731,120.6159392,62.8
國1,M,185100,185K+100,24.12063128,120.6156269,62.01
國1,M,185200,185K+200,24.1197924,120.6152634,61.13
國1,M,185300,185K+300,24.11897207,120.6148529,60.2
國1,M,185400,185K+400,24.11817834,120.6143844,59.23
國1,M,185500,185K+500,24.11741163,120.6138655,58.45
國1,M,185600,185K+600,24.11667926,120.6132904,57.83
國1,M,185700,185K+700,24.11598479,120.6126623,57.4
國1,M,185800,185K+800,24.11532698,120.6119887,57.13
國1,M,185900,185K+900,24.1147157,120.6112652,57.06
國1,M,186000,186K+000,24.11414814,120.6105004,57.17
國1,M,186100,186K+100,24.11362519,120.6096988,57.43
國1,M,186200,186K+200,24.11315937,120.6088564,57.83
國1,M,186300,186K+300,24.11274129,120.6079848,58.22
國1,M,186400,186K+400,24.11238063,120.6070833,58.56
國1,M,186500,186K+500,24.11207385,120.6061584,58.96
國1,M,186600,186K+600,24.11182642,120.6052128,59.35
國1,M,186700,186K+700,24.11166698,120.6042451,59.7
國1,M,186800,186K+800,24.11159665,120.6032651,60.1
國1,M,186900,186K+900,24.11161377,120.6022819,60.49
國1,M,187000,187K+000,24.11171977,120.6013056,60.82
國1,M,187100,187K+100,24.11191547,120.6003457,60.97
國1,M,187200,187K+200,24.1122018,120.5994133,60.67
國1,M,187300,187K+300,24.11256003,120.5985108,60.07
國1,M,187400,187K+400,24.11297913,120.5976397,59.14
國1,M,187500,187K+500,24.11343992,120.596794,57.99
國1,M,187600,187K+600,24.11392714,120.5959659,56.88
國1,M,187700,187K+700,24.11443033,120.5951491,55.98
國1,M,187800,187K+800,24.1149335,120.5943323,55.07
國1,M,187900,187K+900,24.11543116,120.5935116,54.41
國1,M,188000,188K+000,24.1159141,120.5926804,54.14
國1,M,188100,188K+100,24.11636455,120.5918279,54.19
國1,M,188200,188K+200,24.11678218,120.5909559,54.59
國1,M,188300,188K+300,24.11716749,120.5900663,55.28
國1,M,188400,188K+400,24.11751183,120.589157,56.07
國1,M,188500,188K+500,24.11782606,120.5882349,56.76
國1,M,188600,188K+600,24.1180993,120.5872974,57.68
國1,M,188700,188K+700,24.11833649,120.5863484,58.48
國1,M,188800,188K+800,24.11853445,120.5853886,59.32
國1,M,188900,188K+900,24.11868922,120.5844196,60.16
國1,M,189000,189K+000,24.11881014,120.5834448,60.95
國1,M,189100,189K+100,24.11889444,120.5824655,61.3
國1,M,189200,189K+200,24.11894586,120.5814834,61.42
國1,M,189300,189K+300,24.11896331,120.5805001,61.29
國1,M,189400,189K+400,24.11893144,120.5795172,60.8
國1,M,189500,189K+500,24.11885101,120.5785376,59.98
國1,M,189600,189K+600,24.11872308,120.5775639,58.99
國1,M,189700,189K+700,24.11853723,120.5766015,57.65
國1,M,189800,189K+800,24.11829714,120.5756535,56.26
國1,M,189900,189K+900,24.11799667,120.5747262,54.8
國1,M,190000,190K+000,24.11764504,120.5738206,53.27
國1,M,190100,190K+100,24.11723953,120.5729421,51.77
國1,M,190200,190K+200,24.11677205,120.5721009,50.34
國1,M,190300,190K+300,24.11624978,120.571299,49.09
國1,M,190400,190K+400,24.11567903,120.5705369,48.13
國1,M,190500,190K+500,24.1150716,120.5698092,47.47
國1,M,190600,190K+600,24.11442379,120.5691243,46.94
國1,M,190700,190K+700,24.11374415,120.5684767,46.66
國1,M,190800,190K+800,24.11304627,120.5678527,46.49
國1,M,190900,190K+900,24.11234017,120.5672395,46.44
國1,M,191000,191K+000,24.11163324,120.5666276,46.39
國1,M,191100,191K+100,24.11092525,120.5660171,46.32
國1,M,191200,191K+200,24.11021726,120.5654066,46.26
國1,M,191300,191K+300,24.10950926,120.5647961,46.19
國1,M,191400,191K+400,24.10880126,120.5641856,46.12
國1,M,191500,191K+500,24.10809326,120.5635751,46.06
國1,M,191600,191K+600,24.10738526,120.5629646,45.99
國1,M,191700,191K+700,24.10667726,120.5623541,45.93
國1,M,191800,191K+800,24.10596925,120.5617437,45.86
國1,M,191900,191K+900,24.10526124,120.5611332,45.8
國1,M,192000,192K+000,24.10455323,120.5605228,45.73
國1,M,192100,192K+100,24.10384771,120.559909,45.68
國1,M,192200,192K+200,24.10315188,120.5592822,45.67
國1,M,192300,192K+300,24.10247352,120.5586331,45.56
國1,M,192400,192K+400,24.10182688,120.5579469,45.28
國1,M,192500,192K+500,24.10122394,120.5572151,44.76
國1,M,192600,192K+600,24.1006663,120.5564417,44.06
國1,M,192700,192K+700,24.10015622,120.5556304,43.27
國1,M,192800,192K+800,24.099696,120.5547844,42.5
國1,M,192900,192K+900,24.09928932,120.5539066,41.73
國1,M,193000,193K+000,24.09893778,120.5530009,41.03
國1,M,193100,193K+100,24.09864262,120.5520717,40.6
國1,M,193200,193K+200,24.09840196,120.5511239,40.44
國1,M,193300,193K+300,24.09822396,120.5501598,40.58
國1,M,193400,193K+400,24.09809319,120.5491867,40.99
國1,M,193500,193K+500,24.09799537,120.548209,41.68
國1,M,193600,193K+600,24.09791283,120.5472295,42.24
國1,M,193700,193K+700,24.09783356,120.5462498,42.68
國1,M,193800,193K+800,24.09774172,120.5452713,42.97
國1,M,193900,193K+900,24.0976219,120.5442966,43.0
國1,M,194000,194K+000,24.09744349,120.5433327,42.78
國1,M,194100,194K+100,24.09720324,120.5423848,42.48
國1,M,194200,194K+200,24.09690542,120.5414565,42.18
國1,M,194300,194K+300,24.0965676,120.5405445,41.96
國1,M,194400,194K+400,24.09618711,120.5396527,41.8
國1,M,194500,194K+500,24.09575562,120.5387889,41.68
國1,M,194600,194K+600,24.09528726,120.5379482,41.47
國1,M,194700,194K+700,24.0947856,120.5371305,41.28
國1,M,194800,194K+800,24.09425205,120.5363371,41.04
國1,M,194900,194K+900,24.09369681,120.5355615,40.84
國1,M,195000,195K+000,24.09311601,120.5348085,40.63
國1,M,195100,195K+100,24.09251556,120.5340741,40.42
國1,M,195200,195K+200,24.09188942,120.5333655,40.22
國1,M,195300,195K+300,24.09124396,120.5326779,39.96
國1,M,195400,195K+400,24.0905834,120.5320075,39.53
國1,M,195500,195K+500,24.0899025,120.5313617,38.92
國1,M,195600,195K+600,24.08921138,120.5307289,38.14
國1,M,195700,195K+700,24.08850422,120.5301175,37.14
國1,M,195800,195K+800,24.0877818,120.5295276,36.11
國1,M,195900,195K+900,24.08704734,120.5289557,35.19
國1,M,196000,196K+000,24.08630178,120.5284011,34.41
國1,M,196100,196K+100,24.08554114,120.5278713,33.86
國1,M,196200,196K+200,24.08477032,120.5273592,33.42
國1,M,196300,196K+300,24.08398687,120.5268703,33.14
國1,M,196400,196K+400,24.08318995,120.5264079,33.16
國1,M,196500,196K+500,24.08238172,120.5259697,33.52
國1,M,196600,196K+600,24.08156162,120.5255584,34.34
國1,M,196700,196K+700,24.08073195,120.5251707,35.44
國1,M,196800,196K+800,24.07989152,120.5248115,36.5
國1,M,196900,196K+900,24.07904326,120.5244748,37.37
國1,M,197000,197K+000,24.07818625,120.5241654,37.97
國1,M,197100,197K+100,24.0773213,120.5238834,38.35
國1,M,197200,197K+200,24.0764489,120.5236299,38.38
國1,M,197300,197K+300,24.07557003,120.5234048,38.15
國1,M,197400,197K+400,24.07468587,120.5232056,37.79
國1,M,197500,197K+500,24.073797,120.5230332,37.46
國1,M,197600,197K+600,24.07290402,120.5228882,37.14
國1,M,197700,197K+700,24.07200757,120.5227712,36.81
國1,M,197800,197K+800,24.07110829,120.5226832,36.76
國1,M,197900,197K+900,24.07020709,120.5226242,36.82
國1,M,198000,198K+000,24.06930461,120.5225955,36.96
國1,M,198100,198K+100,24.0684018,120.5225838,37.04
國1,M,198200,198K+200,24.06749905,120.5226009,37.34
國1,M,198300,198K+300,24.06659681,120.5226386,37.77
國1,M,198400,198K+400,24.06569535,120.522694,38.09
國1,M,198500,198K+500,24.06479465,120.5227629,38.43
國1,M,198600,198K+600,24.06389506,120.5228473,38.34
國1,M,198700,198K+700,24.06299625,120.5229409,37.99
國1,M,198800,198K+800,24.06209773,120.5230378,37.53
國1,M,198900,198K+900,24.06119965,120.5231393,36.87
國1,M,199000,199K+000,24.06030157,120.5232409,36.19
國1,M,199100,199K+100,24.0594035,120.5233424,35.52
國1,M,199200,199K+200,24.05850531,120.5234428,34.89
國1,M,199300,199K+300,24.0576063,120.5235341,34.61
國1,M,199400,199K+400,24.05670685,120.5236202,34.53
國1,M,199500,199K+500,24.05580691,120.5237,34.62
國1,M,199600,199K+600,24.05490604,120.5237657,34.88
國1,M,199700,199K+700,24.05400442,120.5238181,35.15
國1,M,199800,199K+800,24.05310216,120.5238558,35.34
國1,M,199900,199K+900,24.05219956,120.523881,35.53
國1,M,200000,200K+000,24.05129668,120.5238887,35.68
國1,M,200100,200K+100,24.05039385,120.5238818,35.84
國1,M,200200,200K+200,24.0494911,120.5238621,35.99
國1,M,200300,200K+300,24.04858889,120.523823,36.06
國1,M,200400,200K+400,24.0476874,120.5237683,36.16
國1,M,200500,200K+500,24.04678637,120.5237052,36.23
國1,M,200600,200K+600,24.04588659,120.5236232,36.16
國1,M,200700,200K+700,24.04498835,120.5235232,36.06
國1,M,200800,200K+800,24.04409135,120.5234113,35.87
國1,M,200900,200K+900,24.04319566,120.5232872,35.6
國1,M,201000,201K+000,24.04230207,120.5231464,35.28
國1,M,201100,201K+100,24.04141113,120.5229869,34.89
國1,M,201200,201K+200,24.04052224,120.5228145,34.46
國1,M,201300,201K+300,24.03963567,120.5226283,34.05
國1,M,201400,201K+400,24.03875203,120.5224263,33.8
國1,M,201500,201K+500,24.03787137,120.5222095,33.66
國1,M,201600,201K+600,24.03699359,120.5219792,33.65
國1,M,201700,201K+700,24.03611933,120.5217335,33.75
國1,M,201800,201K+800,24.03524809,120.5214755,33.97
國1,M,201900,201K+900,24.03438116,120.5212009,34.46
國1,M,202000,202K+000,24.0335174,120.5209145,35.05
國1,M,202100,202K+100,24.03265595,120.5206201,35.66
國1,M,202200,202K+200,24.0317966,120.5203185,36.28
國1,M,202300,202K+300,24.03094023,120.520007,36.7
國1,M,202400,202K+400,24.03008547,120.5196902,37.0
國1,M,202500,202K+500,24.0292314,120.5193712,37.19
國1,M,202600,202K+600,24.02837936,120.5190459,37.06
國1,M,202700,202K+700,24.02752731,120.5187206,36.92
國1,M,202800,202K+800,24.02667526,120.5183952,36.79
國1,M,202900,202K+900,24.02582199,120.5180737,36.54
國1,M,203000,203K+000,24.0249684,120.5177532,36.28
國1,M,203100,203K+100,24.02411277,120.5174393,36.03
國1,M,203200,203K+200,24.0232556,120.5171303,35.96
國1,M,203300,203K+300,24.02239659,120.5168275,36.09
國1,M,203400,203K+400,24.02153239,120.5165427,36.01
國1,M,203500,203K+500,24.02066712,120.5162618,36.0
國1,M,203600,203K+600,24.01979807,120.5159952,36.25
國1,M,203700,203K+700,24.01892672,120.5157376,36.68
國1,M,203800,203K+800,24.01805224,120.5154928,37.32
國1,M,203900,203K+900,24.01717524,120.5152592,38.15
國1,M,204000,204K+000,24.01629564,120.5150375,39.01
國1,M,204100,204K+100,24.01541392,120.5148259,39.88
國1,M,204200,204K+200,24.01453107,120.5146198,39.93
國1,M,204300,204K+300,24.01364814,120.5144141,39.91
國1,M,204400,204K+400,24.0127652,120.5142084,39.89
國1,M,204500,204K+500,24.01188227,120.5140027,39.88
國1,M,204600,204K+600,24.01099933,120.513797,39.86
國1,M,204700,204K+700,24.0101164,120.5135913,39.84
國1,M,204800,204K+800,24.00923346,120.5133856,39.82
國1,M,204900,204K+900,24.00835052,120.5131799,39.8
國1,M,205000,205K+000,24.00746759,120.5129742,39.79
國1,M,205100,205K+100,24.00658465,120.5127685,39.77
國1,M,205200,205K+200,24.00570171,120.5125628,39.75
國1,M,205300,205K+300,24.00481877,120.5123571,39.73
國1,M,205400,205K+400,24.00393584,120.5121514,39.71
國1,M,205500,205K+500,24.0030529,120.5119457,39.7
國1,M,205600,205K+600,24.00216996,120.5117401,39.68
國1,M,205700,205K+700,24.00128702,120.5115344,39.66
國1,M,205800,205K+800,24.00040408,120.5113287,39.64
國1,M,205900,205K+900,23.99952114,120.5111231,39.62
國1,M,206000,206K+000,23.9986382,120.5109174,39.6
國1,M,206100,206K+100,23.99775526,120.5107117,39.59
國1,M,206200,206K+200,23.99687232,120.5105061,39.57
國1,M,206300,206K+300,23.99598938,120.5103004,39.55
國1,M,206400,206K+400,23.99510643,120.5100948,39.53
國1,M,206500,206K+500,23.99422349,120.5098891,39.51
國1,M,206600,206K+600,23.99334055,120.5096835,39.5
國1,M,206700,206K+700,23.99245761,120.5094778,39.48
國1,M,206800,206K+800,23.99157466,120.5092722,39.46
國1,M,206900,206K+900,23.99069172,120.5090665,39.44
國1,M,207000,207K+000,23.98980878,120.5088609,39.42
國1,M,207100,207K+100,23.98892583,120.5086552,39.41
國1,M,207200,207K+200,23.98804289,120.5084496,39.39
國1,M,207300,207K+300,23.98715994,120.508244,39.37
國1,M,207400,207K+400,23.986277,120.5080384,39.35
國1,M,207500,207K+500,23.98539405,120.5078327,39.33
國1,M,207600,207K+600,23.98451082,120.5076286,39.49
國1,M,207700,207K+700,23.98362666,120.5074294,40.08
國1,M,207800,207K+800,23.98273966,120.5072457,40.23
國1,M,207900,207K+900,23.98185039,120.5070754,40.66
國1,M,208000,208K+000,23.98095903,120.5069188,41.09
國1,M,208100,208K+100,23.9800651,120.5067806,41.53
國1,M,208200,208K+200,23.97916996,120.5066522,41.97
國1,M,208300,208K+300,23.97827332,120.5065364,42.43
國1,M,208400,208K+400,23.97737504,120.506437,42.92
國1,M,208500,208K+500,23.97647554,120.5063519,43.28
國1,M,208600,208K+600,23.97557519,120.5062781,43.44
國1,M,208700,208K+700,23.97467393,120.5062188,43.32
國1,M,208800,208K+800,23.97377183,120.5061772,42.84
國1,M,208900,208K+900,23.97286935,120.5061468,42.2
國1,M,209000,209K+000,23.97196656,120.5061326,41.22
國1,M,209100,209K+100,23.97106369,120.5061286,40.33
國1,M,209200,209K+200,23.97016083,120.5061366,39.58
國1,M,209300,209K+300,23.96925809,120.5061551,39.2
國1,M,209400,209K+400,23.96835547,120.5061809,39.24
國1,M,209500,209K+500,23.96745304,120.5062138,39.52
國1,M,209600,209K+600,23.96655081,120.5062519,40.03
國1,M,209700,209K+700,23.96564872,120.5062938,40.69
國1,M,209800,209K+800,23.96474662,120.5063356,41.36
國1,M,209900,209K+900,23.96384453,120.5063774,42.03
國1,M,210000,210K+000,23.96294243,120.5064192,42.69
國1,M,210100,210K+100,23.96204017,120.5064566,43.26
國1,M,210200,210K+200,23.96113779,120.5064906,43.74
國1,M,210300,210K+300,23.96023526,120.506519,44.27
國1,M,210400,210K+400,23.95933255,120.5065401,44.82
國1,M,210500,210K+500,23.95842971,120.5065523,45.34
國1,M,210600,210K+600,23.9575268,120.5065525,45.88
國1,M,210700,210K+700,23.95662394,120.5065425,46.41
國1,M,210800,210K+800,23.9557213,120.5065177,46.97
國1,M,210900,210K+900,23.95481921,120.5064762,47.43
國1,M,211000,211K+000,23.95391754,120.5064249,47.7
國1,M,211100,211K+100,23.95301671,120.5063583,47.71
國1,M,211200,211K+200,23.95211684,120.5062776,47.62
國1,M,211300,211K+300,23.95121792,120.5061852,47.17
國1,M,211400,211K+400,23.95032116,120.5060706,46.6
國1,M,211500,211K+500,23.94942532,120.505948,46.07
國1,M,211600,211K+600,23.94853126,120.505811,45.48
國1,M,211700,211K+700,23.94763873,120.5056626,44.85
國1,M,211800,211K+800,23.94674878,120.5054967,44.27
國1,M,211900,211K+900,23.94586049,120.5053206,43.68
國1,M,212000,212K+000,23.94497511,120.505128,43.14
國1,M,212100,212K+100,23.94409235,120.5049216,42.76
國1,M,212200,212K+200,23.94321248,120.5047011,42.54
國1,M,212300,212K+300,23.94233544,120.5044677,42.43
國1,M,212400,212K+400,23.9414613,120.5042216,42.44
國1,M,212500,212K+500,23.9405907,120.5039612,42.58
國1,M,212600,212K+600,23.93972315,120.5036889,42.77
國1,M,212700,212K+700,23.93885975,120.5034014,43.09
國1,M,212800,212K+800,23.93799988,120.5031017,43.6
國1,M,212900,212K+900,23.93714479,120.5027863,44.11
國1,M,213000,213K+000,23.93629093,120.5024669,44.62
國1,M,213100,213K+100,23.93543997,120.5021385,45.14
國1,M,213200,213K+200,23.93459151,120.5018025,45.66
國1,M,213300,213K+300,23.93374305,120.5014665,46.18
國1,M,213400,213K+400,23.93289661,120.5011245,46.35
國1,M,213500,213K+500,23.93205051,120.5007815,46.45
國1,M,213600,213K+600,23.9312044,120.5004385,46.55
國1,M,213700,213K+700,23.93035829,120.5000955,46.66
國1,M,213800,213K+800,23.9295099,120.4997593,46.59
國1,M,213900,213K+900,23.92865672,120.4994379,46.35
國1,M,214000,214K+000,23.92779858,120.4991325,46.1
國1,M,214100,214K+100,23.92693627,120.4988413,45.84
國1,M,214200,214K+200,23.92606664,120.498577,45.54
國1,M,214300,214K+300,23.92519046,120.4983398,45.32
國1,M,214400,214K+400,23.92430879,120.4981282,45.4
國1,M,214500,214K+500,23.92342169,120.4979452,45.69
國1,M,214600,214K+600,23.92253005,120.4977908,46.11
國1,M,214700,214K+700,23.92163502,120.4976615,46.55
國1,M,214800,214K+800,23.92073693,120.4975605,47.1
國1,M,214900,214K+900,23.91983629,120.4974914,47.56
國1,M,215000,215K+000,23.91893433,120.497447,47.84
國1,M,215100,215K+100,23.91803155,120.4974354,47.88
國1,M,215200,215K+200,23.9171287,120.4974423,47.78
國1,M,215300,215K+300,23.91622617,120.497471,47.43
國1,M,215400,215K+400,23.91532442,120.4975206,46.91
國1,M,215500,215K+500,23.91442296,120.4975762,46.41
國1,M,215600,215K+600,23.91352237,120.4976469,46.16
國1,M,215700,215K+700,23.91262177,120.4977176,45.91
國1,M,215800,215K+800,23.911721,120.4977854,45.93
國1,M,215900,215K+900,23.91082,120.4978497,46.27
國1,M,216000,216K+000,23.90991861,120.4979062,46.69
國1,M,216100,216K+100,23.90901658,120.4979499,47.27
國1,M,216200,216K+200,23.90811395,120.4979738,47.83
國1,M,216300,216K+300,23.90721107,120.4979722,48.37
國1,M,216400,216K+400,23.90630843,120.4979495,48.9
國1,M,216500,216K+500,23.90540712,120.4978911,49.28
國1,M,216600,216K+600,23.9045071,120.4978126,49.63
國1,M,216700,216K+700,23.90360984,120.4977034,49.87
國1,M,216800,216K+800,23.90271583,120.497566,50.03
國1,M,216900,216K+900,23.90182608,120.4973993,50.14
國1,M,217000,217K+000,23.90094021,120.4972095,50.26
國1,M,217100,217K+100,23.90006032,120.4969894,50.27
國1,M,217200,217K+200,23.8991853,120.4967473,50.19
國1,M,217300,217K+300,23.89831531,120.4964844,50.07
國1,M,217400,217K+400,23.89745101,120.4962002,49.97
國1,M,217500,217K+500,23.89658946,120.4959064,49.6
國1,M,217600,217K+600,23.89573122,120.4956013,49.14
國1,M,217700,217K+700,23.89487536,120.4952884,48.76
國1,M,217800,217K+800,23.89402148,120.4949691,48.72
國1,M,217900,217K+900,23.89316793,120.4946488,48.75
國1,M,218000,218K+000,23.89231437,120.4943284,48.78
國1,M,218100,218K+100,23.89146081,120.4940081,48.81
國1,M,218200,218K+200,23.89060337,120.4937003,49.1
國1,M,218300,218K+300,23.88974493,120.4933959,49.25
國1,M,218400,218K+400,23.88888287,120.4931038,48.92
國1,M,218500,218K+500,23.88801799,120.4928219,48.42
國1,M,218600,218K+600,23.88714893,120.4925554,48.01
國1,M,218700,218K+700,23.88627566,120.4923059,48.13
國1,M,218800,218K+800,23.8853989,120.4920715,48.54
國1,M,218900,218K+900,23.8845186,120.4918531,49.11
國1,M,219000,219K+000,23.88363499,120.4916511,49.6
國1,M,219100,219K+100,23.88274827,120.491466,50.1
國1,M,219200,219K+200,23.88185919,120.491295,50.57
國1,M,219300,219K+300,23.88096792,120.4911379,51.01
國1,M,219400,219K+400,23.88007418,120.4909981,51.37
國1,M,219500,219K+500,23.87917874,120.490872,51.77
國1,M,219600,219K+600,23.87828185,120.4907587,52.16
國1,M,219700,219K+700,23.87738362,120.4906588,52.52
國1,M,219800,219K+800,23.87648491,120.4905639,52.87
國1,M,219900,219K+900,23.8755862,120.490469,53.23
國1,M,220000,220K+000,23.8746875,120.4903741,53.58
國1,M,220100,220K+100,23.87378893,120.4902776,53.95
國1,M,220200,220K+200,23.87289091,120.4901754,54.4
國1,M,220300,220K+300,23.87199288,120.4900732,54.85
國1,M,220400,220K+400,23.87109675,120.4899529,55.04
國1,M,220500,220K+500,23.87020147,120.4898254,55.21
國1,M,220600,220K+600,23.86930732,120.4896889,55.37
國1,M,220700,220K+700,23.86841509,120.4895381,55.5
國1,M,220800,220K+800,23.86752588,120.4893675,55.62
國1,M,220900,220K+900,23.86663911,120.4891827,55.8
國1,M,221000,221K+000,23.865755,120.4889833,56.0
國1,M,221100,221K+100,23.86487415,120.4887675,56.18
國1,M,221200,221K+200,23.8639966,120.4885364,56.43
國1,M,221300,221K+300,23.86312156,120.4882944,56.68
國1,M,221400,221K+400,23.86224902,120.4880418,56.9
國1,M,221500,221K+500,23.86137737,120.4877856,57.16
國1,M,221600,221K+600,23.86050773,120.4875215,57.5
國1,M,221700,221K+700,23.85963809,120.4872573,57.84
國1,M,221800,221K+800,23.85876845,120.4869931,58.17
國1,M,221900,221K+900,23.85789802,120.4867321,58.5
國1,M,222000,222K+000,23.85702672,120.4864745,58.84
國1,M,222100,222K+100,23.85615311,120.4862263,59.17
國1,M,222200,222K+200,23.85527808,120.4859842,59.51
國1,M,222300,222K+300,23.85439954,120.4857578,59.9
國1,M,222400,222K+400,23.8535182,120.4855444,60.3
國1,M,222500,222K+500,23.85263306,120.4853504,60.37
國1,M,222600,222K+600,23.85174546,120.4851706,60.28
國1,M,222700,222K+700,23.85085591,120.4850022,60.06
國1,M,222800,222K+800,23.84996327,120.4848543,59.77
國1,M,222900,222K+900,23.84906875,120.4847212,59.05
國1,M,223000,223K+000,23.84817211,120.4846061,58.13
國1,M,223100,223K+100,23.84727422,120.484503,57.29
國1,M,223200,223K+200,23.84637478,120.4844169,56.66
國1,M,223300,223K+300,23.84547386,120.4843514,56.19
國1,M,223400,223K+400,23.84457226,120.4842985,55.86
國1,M,223500,223K+500,23.84366978,120.4842675,55.74
國1,M,223600,223K+600,23.84276709,120.4842463,55.7
國1,M,223700,223K+700,23.84186418,120.4842417,55.79
國1,M,223800,223K+800,23.84096129,120.4842508,56.0
國1,M,223900,223K+900,23.84005861,120.4842744,56.25
國1,M,224000,224K+000,23.83915623,120.4843093,56.4
國1,M,224100,224K+100,23.83825447,120.4843596,56.39
國1,M,224200,224K+200,23.83735271,120.4844098,56.38
國1,M,224300,224K+300,23.83645142,120.4844691,56.21
國1,M,224400,224K+400,23.83555034,120.4845321,56.03
國1,M,224500,224K+500,23.8346496,120.4846006,55.92
國1,M,224600,224K+600,23.83374885,120.4846691,55.82
國1,M,224700,224K+700,23.8328481,120.4847375,55.72
國1,M,224800,224K+800,23.83194736,120.484806,55.61
國1,M,224900,224K+900,23.83104645,120.4848718,55.86
國1,M,225000,225K+000,23.83014549,120.4849367,56.24
國1,M,225100,225K+100,23.82924432,120.484998,56.67
國1,M,225200,225K+200,23.82834289,120.4850547,57.16
國1,M,225300,225K+300,23.82744141,120.4851103,57.64
國1,M,225400,225K+400,23.82653949,120.4851571,58.1
國1,M,225500,225K+500,23.8256373,120.4851968,58.55
國1,M,225600,225K+600,23.824735,120.4852336,58.99
國1,M,225700,225K+700,23.82383236,120.4852589,59.49
國1,M,225800,225K+800,23.82292955,120.4852746,60.0
國1,M,225900,225K+900,23.82202668,120.4852834,60.48
國1,M,226000,226K+000,23.82112375,120.4852789,60.85
國1,M,226100,226K+100,23.8202209,120.4852677,61.18
國1,M,226200,226K+200,23.81931819,120.485245,61.42
國1,M,226300,226K+300,23.81841577,120.4852131,61.61
國1,M,226400,226K+400,23.81751365,120.485171,61.75
國1,M,226500,226K+500,23.81661191,120.4851207,61.94
國1,M,226600,226K+600,23.81571045,120.4850645,62.14
國1,M,226700,226K+700,23.81481017,120.4849891,62.2
國1,M,226800,226K+800,23.81391008,120.4849113,62.24
國1,M,226900,226K+900,23.81301131,120.484817,62.28
國1,M,227000,227K+000,23.81211294,120.4847185,62.32
國1,M,227100,227K+100,23.81121593,120.4846062,62.38
國1,M,227200,227K+200,23.81031939,120.4844897,62.43
國1,M,227300,227K+300,23.80942452,120.4843588,62.46
國1,M,227400,227K+400,23.80853052,120.4842212,62.48
國1,M,227500,227K+500,23.80763808,120.4840719,62.49
國1,M,227600,227K+600,23.80674711,120.4839128,62.5
國1,M,227700,227K+700,23.80585731,120.4837459,62.49
國1,M,227800,227K+800,23.80496973,120.4835658,62.48
國1,M,227900,227K+900,23.80408297,120.4833808,62.46
國1,M,228000,228K+000,23.80319863,120.4831826,62.46
國1,M,228100,228K+100,23.80231589,120.4829764,62.45
國1,M,228200,228K+200,23.80143527,120.4827594,62.43
國1,M,228300,228K+300,23.80055697,120.4825319,62.4
國1,M,228400,228K+400,23.79968013,120.4822976,62.38
國1,M,228500,228K+500,23.79880582,120.4820525,62.37
國1,M,228600,228K+600,23.79793287,120.4818017,62.38
國1,M,228700,228K+700,23.79706376,120.4815356,62.34
國1,M,228800,228K+800,23.79619659,120.4812622,62.22
國1,M,228900,228K+900,23.79533147,120.4809811,62.02
國1,M,229000,229K+000,23.79447003,120.4806871,61.56
國1,M,229100,229K+100,23.79360991,120.4803885,61.01
國1,M,229200,229K+200,23.79275385,120.4800765,60.17
國1,M,229300,229K+300,23.79190012,120.4797572,59.4
國1,M,229400,229K+400,23.79104903,120.4794295,58.73
國1,M,229500,229K+500,23.79020158,120.4790909,58.32
國1,M,229600,229K+600,23.78935533,120.4787486,57.98
國1,M,229700,229K+700,23.78851225,120.4783973,57.89
國1,M,229800,229K+800,23.78767036,120.4780426,57.89
國1,M,229900,229K+900,23.78683207,120.477678,58.18
國1,M,230000,230K+000,23.78599378,120.4773134,58.46
國1,M,230100,230K+100,23.78515775,120.4769427,59.02
國1,M,230200,230K+200,23.78432253,120.4765699,59.67
國1,M,230300,230K+300,23.78348731,120.4761971,60.32
國1,M,230400,230K+400,23.78265291,120.4758221,60.68
國1,M,230500,230K+500,23.7818193,120.4754451,60.75
國1,M,230600,230K+600,23.78098569,120.475068,60.82
國1,M,230700,230K+700,23.78015208,120.4746909,60.9
國1,M,230800,230K+800,23.77931806,120.4743149,60.89
國1,M,230900,230K+900,23.77848161,120.4739454,60.38
國1,M,231000,231K+000,23.77764473,120.473577,59.86
國1,M,231100,231K+100,23.77680586,120.473214,59.25
國1,M,231200,231K+200,23.77596698,120.472851,58.65
國1,M,231300,231K+300,23.77512409,120.4724993,57.9
國1,M,231400,231K+400,23.77428035,120.4721499,57.15
國1,M,231500,231K+500,23.7734341,120.4718078,56.39
國1,M,231600,231K+600,23.77258479,120.4714748,55.65
國1,M,231700,231K+700,23.77173309,120.471149,55.03
國1,M,231800,231K+800,23.7708786,120.470832,54.58
國1,M,231900,231K+900,23.77002071,120.470526,54.36
國1,M,232000,232K+000,23.76915957,120.4702309,54.4
國1,M,232100,232K+100,23.76829487,120.4699484,54.71
國1,M,232200,232K+200,23.76742664,120.4696791,55.1
國1,M,232300,232K+300,23.7665562,120.4694183,55.5
國1,M,232400,232K+400,23.76568114,120.4691764,55.63
國1,M,232500,232K+500,23.76480281,120.4689489,55.58
國1,M,232600,232K+600,23.76392159,120.4687351,55.41
國1,M,232700,232K+700,23.763037,120.4685383,55.09
國1,M,232800,232K+800,23.76214948,120.4683578,54.78
國1,M,232900,232K+900,23.76125945,120.4681926,54.63
國1,M,233000,233K+000,23.76036666,120.4680462,54.69
國1,M,233100,233K+100,23.75947232,120.4679111,54.83
國1,M,233200,233K+200,23.75857588,120.4677938,55.22
國1,M,233300,233K+300,23.75767753,120.4676953,55.81
國1,M,233400,233K+400,23.75677773,120.4676141,56.44
國1,M,233500,233K+500,23.75587708,120.4675449,57.11
國1,M,233600,233K+600,23.75497528,120.4674963,57.74
國1,M,233700,233K+700,23.75407295,120.4674613,58.25
國1,M,233800,233K+800,23.75317019,120.4674439,58.59
國1,M,233900,233K+900,23.75226724,120.4674397,58.81
國1,M,234000,234K+000,23.7513644,120.467454,58.85
國1,M,234100,234K+100,23.75046195,120.4674859,58.74
國1,M,234200,234K+200,23.74956021,120.4675363,58.46
國1,M,234300,234K+300,23.748659,120.4675966,58.07
國1,M,234400,234K+400,23.74775912,120.4676769,57.57
國1,M,234500,234K+500,23.74686053,120.4677727,57.14
國1,M,234600,234K+600,23.74596348,120.4678843,56.86
國1,M,234700,234K+700,23.74506821,120.4680119,56.73
國1,M,234800,234K+800,23.74417515,120.4681566,56.45
國1,M,234900,234K+900,23.74328459,120.4683185,56.5
國1,M,235000,235K+000,23.74239635,120.4684948,56.61
國1,M,235100,235K+100,23.74151103,120.4686876,56.87
國1,M,235200,235K+200,23.74062875,120.4688962,57.13
國1,M,235300,235K+300,23.73974951,120.4691194,57.21
國1,M,235400,235K+400,23.73887482,120.4693628,57.16
國1,M,235500,235K+500,23.73800319,120.4696188,57.04
國1,M,235600,235K+600,23.7371354,120.4698898,56.86
國1,M,235700,235K+700,23.73627319,120.4701811,56.59
國1,M,235800,235K+800,23.73541262,120.4704779,56.34
國1,M,235900,235K+900,23.73455677,120.4707906,56.17
國1,M,236000,236K+000,23.73370449,120.4711145,56.05
國1,M,236100,236K+100,23.73285273,120.4714401,55.93
國1,M,236200,236K+200,23.73200181,120.4717682,55.97
國1,M,236300,236K+300,23.73115181,120.4720992,56.18
國1,M,236400,236K+400,23.73030181,120.4724301,56.39
國1,M,236500,236K+500,23.72945168,120.4727607,56.61
國1,M,236600,236K+600,23.72859768,120.4730792,57.02
國1,M,236700,236K+700,23.72774368,120.4733978,57.44
國1,M,236800,236K+800,23.72688559,120.473703,57.86
國1,M,236900,236K+900,23.72602315,120.4739934,58.32
國1,M,237000,237K+000,23.72515708,120.4742707,58.74
國1,M,237100,237K+100,23.72428679,120.474532,59.05
國1,M,237200,237K+200,23.72341167,120.4747737,59.2
國1,M,237300,237K+300,23.72253206,120.4749952,59.18
國1,M,237400,237K+400,23.72164893,120.4751995,59.09
國1,M,237500,237K+500,23.7207617,120.4753816,58.87
國1,M,237600,237K+600,23.71987177,120.4755471,58.6
國1,M,237700,237K+700,23.71897888,120.475693,58.22
國1,M,237800,237K+800,23.71808356,120.4758198,57.71
國1,M,237900,237K+900,23.71718584,120.475925,57.1
國1,M,238000,238K+000,23.71628654,120.4760121,56.42
國1,M,238100,238K+100,23.71538582,120.4760796,55.64
國1,M,238200,238K+200,23.71448409,120.4761291,54.82
國1,M,238300,238K+300,23.71358157,120.4761588,54.08
國1,M,238400,238K+400,23.71267866,120.4761655,53.39
國1,M,238500,238K+500,23.71177584,120.476155,52.84
國1,M,238600,238K+600,23.71087343,120.4761225,52.53
國1,M,238700,238K+700,23.70997164,120.4760742,52.4
國1,M,238800,238K+800,23.70907091,120.4760053,52.47
國1,M,238900,238K+900,23.70817184,120.4759145,52.69
國1,M,239000,239K+000,23.70727449,120.475806,53.0
國1,M,239100,239K+100,23.70637919,120.4756793,53.44
國1,M,239200,239K+200,23.70548649,120.4755323,53.95
國1,M,239300,239K+300,23.70459644,120.4753671,54.32
國1,M,239400,239K+400,23.70371009,120.47518,54.54
國1,M,239500,239K+500,23.70282718,120.4749747,54.52
國1,M,239600,239K+600,23.701948,120.4747515,54.51
國1,M,239700,239K+700,23.70107377,120.4745064,54.5
國1,M,239800,239K+800,23.70020283,120.4742476,54.46
國1,M,239900,239K+900,23.69933708,120.473969,54.37
國1,M,240000,240K+000,23.69847431,120.4736798,54.04
國1,M,240100,240K+100,23.69761555,120.4733768,54.03
國1,M,240200,240K+200,23.69676163,120.4730581,54.4
國1,M,240300,240K+300,23.69591096,120.4727295,54.88
國1,M,240400,240K+400,23.69506435,120.4723885,55.5
國1,M,240500,240K+500,23.69422232,120.4720346,56.0
國1,M,240600,240K+600,23.69338595,120.4716651,56.65
國1,M,240700,240K+700,23.6925549,120.4712817,57.05
國1,M,240800,240K+800,23.69172855,120.4708865,57.34
國1,M,240900,240K+900,23.69090661,120.4704806,57.54
國1,M,241000,241K+000,23.69009228,120.4700569,57.35
國1,M,241100,241K+100,23.68928093,120.4696267,57.07
國1,M,241200,241K+200,23.68847726,120.4691798,56.61
國1,M,241300,241K+300,23.68767794,120.4687238,56.11
國1,M,241400,241K+400,23.68688567,120.4682534,55.65
國1,M,241500,241K+500,23.6860999,120.4677704,55.25
國1,M,241600,241K+600,23.685317,120.4672819,55.08
國1,M,241700,241K+700,23.68453623,120.4667894,55.13
國1,M,241800,241K+800,23.68375545,120.4662969,55.18
國1,M,241900,241K+900,23.68297468,120.4658044,55.23
國1,M,242000,242K+000,23.6821939,120.4653119,55.28
國1,M,242100,242K+100,23.68141312,120.4648194,55.33
國1,M,242200,242K+200,23.68063234,120.4643269,55.38
國1,M,242300,242K+300,23.67985156,120.4638344,55.43
國1,M,242400,242K+400,23.67907078,120.463342,55.48
國1,M,242500,242K+500,23.67828999,120.4628495,55.53
國1,M,242600,242K+600,23.6775092,120.462357,55.58
國1,M,242700,242K+700,23.67672841,120.4618646,55.63
國1,M,242800,242K+800,23.67594762,120.4613721,55.68
國1,M,242900,242K+900,23.67516683,120.4608797,55.73
國1,M,243000,243K+000,23.67438604,120.4603872,55.78
國1,M,243100,243K+100,23.67360525,120.4598948,55.83
國1,M,243200,243K+200,23.67282445,120.4594024,55.88
國1,M,243300,243K+300,23.67204365,120.45891,55.93
國1,M,243400,243K+400,23.67126285,120.4584175,55.98
國1,M,243500,243K+500,23.67048173,120.4579257,55.84
國1,M,243600,243K+600,23.66970051,120.4574341,55.66
國1,M,243700,243K+700,23.6689193,120.4569425,55.48
國1,M,243800,243K+800,23.66813744,120.4564521,55.33
國1,M,243900,243K+900,23.66735362,120.4559654,55.27
國1,M,244000,244K+000,23.66656422,120.4554894,55.08
國1,M,244100,244K+100,23.66577425,120.4550146,54.88
國1,M,244200,244K+200,23.66497911,120.45455,54.7
國1,M,244300,244K+300,23.66418389,120.4540856,54.52
國1,M,244400,244K+400,23.66338361,120.4536317,54.14
國1,M,244500,244K+500,23.66258102,120.4531825,53.67
國1,M,244600,244K+600,23.6617773,120.4527358,53.2
國1,M,244700,244K+700,23.66096869,120.4522995,52.73
國1,M,244800,244K+800,23.66015913,120.4518654,52.37
國1,M,244900,244K+900,23.65934484,120.4514418,52.53
國1,M,245000,245K+000,23.65853035,120.4510186,52.71
國1,M,245100,245K+100,23.65771188,120.4506046,53.47
國1,M,245200,245K+200,23.65689091,120.4501966,54.22
國1,M,245300,245K+300,23.65606845,120.4497921,54.98
國1,M,245400,245K+400,23.65524261,120.4493957,55.54
國1,M,245500,245K+500,23.65441458,120.4490048,55.68
國1,M,245600,245K+600,23.6535839,120.4486206,55.18
國1,M,245700,245K+700,23.65274989,120.4482449,54.45
國1,M,245800,245K+800,23.65191589,120.4478693,53.71
國1,M,245900,245K+900,23.65107917,120.4475008,53.02
國1,M,246000,246K+000,23.65024186,120.447134,52.33
國1,M,246100,246K+100,23.64940454,120.4467671,51.64
國1,M,246200,246K+200,23.64856723,120.4464003,50.95
國1,M,246300,246K+300,23.64772991,120.4460334,50.27
國1,M,246400,246K+400,23.64688734,120.4456811,50.05
國1,M,246500,246K+500,23.6460409,120.4453399,50.14
國1,M,246600,246K+600,23.64519052,120.4450103,50.52
國1,M,246700,246K+700,23.64433631,120.4446927,50.87
國1,M,246800,246K+800,23.64347789,120.4443886,51.05
國1,M,246900,246K+900,23.64261593,120.4440967,50.81
國1,M,247000,247K+000,23.64174992,120.4438194,50.51
國1,M,247100,247K+100,23.64088146,120.443551,50.2
國1,M,247200,247K+200,23.640013,120.4432827,49.89
國1,M,247300,247K+300,23.63914595,120.4430091,49.72
國1,M,247400,247K+400,23.6382795,120.4427331,49.59
國1,M,247500,247K+500,23.63740922,120.4424719,49.46
國1,M,247600,247K+600,23.63653828,120.4422132,49.33
國1,M,247700,247K+700,23.6356668,120.4419567,49.22
國1,M,247800,247K+800,23.63479349,120.4417076,49.19
國1,M,247900,247K+900,23.63391868,120.4414648,49.17
國1,M,248000,248K+000,23.63304158,120.4412319,49.3
國1,M,248100,248K+100,23.63216433,120.4409997,49.42
國1,M,248200,248K+200,23.63128542,120.440775,49.55
國1,M,248300,248K+300,23.63040505,120.4405572,49.6
國1,M,248400,248K+400,23.62952313,120.4403469,49.56
國1,M,248500,248K+500,23.62863964,120.4401444,49.45
國1,M,248600,248K+600,23.62775574,120.4399441,49.34
國1,M,248700,248K+700,23.62687008,120.4397532,49.26
國1,M,248800,248K+800,23.62598325,120.4395689,48.82
國1,M,248900,248K+900,23.6250954,120.4393904,48.33
國1,M,249000,249K+000,23.62420657,120.4392177,47.97
國1,M,249100,249K+100,23.62331645,120.439053,47.89
國1,M,249200,249K+200,23.6224255,120.4388938,47.85
國1,M,249300,249K+300,23.62153344,120.4387419,47.86
國1,M,249400,249K+400,23.62064139,120.4385901,47.86
國1,M,249500,249K+500,23.61974933,120.4384382,47.87
國1,M,249600,249K+600,23.61885728,120.4382863,47.87
國1,M,249700,249K+700,23.61796522,120.4381344,47.88
國1,M,249800,249K+800,23.61707317,120.4379826,47.88
國1,M,249900,249K+900,23.61618111,120.4378307,47.88
國1,M,250000,250K+000,23.61528905,120.4376788,47.89
國1,M,250100,250K+100,23.614397,120.4375269,47.89
國1,M,250200,250K+200,23.61350494,120.4373751,47.9
國1,M,250300,250K+300,23.61261288,120.4372232,47.9
國1,M,250400,250K+400,23.61172082,120.4370713,47.91
國1,M,250500,250K+500,23.61082877,120.4369195,47.91
國1,M,250600,250K+600,23.60993671,120.4367676,47.92
國1,M,250700,250K+700,23.60904465,120.4366158,47.92
國1,M,250800,250K+800,23.60815259,120.4364639,47.93
國1,M,250900,250K+900,23.60726054,120.4363121,47.93
國1,M,251000,251K+000,23.60636848,120.4361602,47.93
國1,M,251100,251K+100,23.60547674,120.4360062,47.58
國1,M,251200,251K+200,23.60458499,120.4358522,47.22
國1,M,251300,251K+300,23.60369325,120.4356982,46.87
國1,M,251400,251K+400,23.60280266,120.4355366,46.87
國1,M,251500,251K+500,23.60191223,120.4353739,46.92
國1,M,251600,251K+600,23.60102257,120.4352064,47.1
國1,M,251700,251K+700,23.60013391,120.4350327,47.45
國1,M,251800,251K+800,23.59924668,120.4348506,47.8
國1,M,251900,251K+900,23.59836059,120.4346622,48.13
國1,M,252000,252K+000,23.59747559,120.4344677,48.45
國1,M,252100,252K+100,23.59659279,120.4342619,48.77
國1,M,252200,252K+200,23.59571277,120.4340424,49.1
國1,M,252300,252K+300,23.59483469,120.4338141,49.44
國1,M,252400,252K+400,23.59395932,120.4335739,49.77
國1,M,252500,252K+500,23.59308669,120.433322,50.04
國1,M,252600,252K+600,23.592218,120.4330547,50.38
國1,M,252700,252K+700,23.59135274,120.4327746,50.71
國1,M,252800,252K+800,23.59048952,120.4324872,51.01
國1,M,252900,252K+900,23.58963111,120.4321833,51.3
國1,M,253000,253K+000,23.58877628,120.4318678,51.62
國1,M,253100,253K+100,23.58792482,120.4315416,51.91
國1,M,253200,253K+200,23.58707844,120.4312003,52.01
國1,M,253300,253K+300,23.58623586,120.4308481,51.88
國1,M,253400,253K+400,23.58539749,120.4304843,51.55
國1,M,253500,253K+500,23.58456294,120.4301103,51.1
國1,M,253600,253K+600,23.58373414,120.4297215,50.36
國1,M,253700,253K+700,23.58290943,120.4293227,49.46
國1,M,253800,253K+800,23.58208779,120.4289165,48.47
國1,M,253900,253K+900,23.58126976,120.4285018,47.49
國1,M,254000,254K+000,23.58045479,120.42808,46.67
國1,M,254100,254K+100,23.57964317,120.4276507,46.1
國1,M,254200,254K+200,23.57883415,120.4272156,45.92
國1,M,254300,254K+300,23.57802649,120.4267775,45.94
國1,M,254400,254K+400,23.57721883,120.4263394,45.96
國1,M,254500,254K+500,23.57641371,120.425896,46.81
國1,M,254600,254K+600,23.57560879,120.4254521,47.73
國1,M,254700,254K+700,23.57480386,120.4250082,48.64
國1,M,254800,254K+800,23.57399893,120.4245644,49.56
國1,M,254900,254K+900,23.57319388,120.4241208,50.47
國1,M,255000,255K+000,23.57238605,120.4236832,51.28
國1,M,255100,255K+100,23.5715754,120.4232517,51.83
國1,M,255200,255K+200,23.57076272,120.4228248,52.2
國1,M,255300,255K+300,23.56994491,120.4224095,52.18
國1,M,255400,255K+400,23.56912462,120.4220001,52.0
國1,M,255500,255K+500,23.56829964,120.4216018,51.54
國1,M,255600,255K+600,23.5674689,120.421218,50.81
國1,M,255700,255K+700,23.56663373,120.4208458,49.98
國1,M,255800,255K+800,23.56579414,120.4204855,49.14
國1,M,255900,255K+900,23.56495034,120.4201368,48.39
國1,M,256000,256K+000,23.56410221,120.4198007,47.95
國1,M,256100,256K+100,23.56325177,120.4194715,47.77
國1,M,256200,256K+200,23.56240004,120.4191463,47.84
國1,M,256300,256K+300,23.56154831,120.418821,47.9
國1,M,256400,256K+400,23.56069657,120.4184957,47.97
國1,M,256500,256K+500,23.55984484,120.4181704,48.03
國1,M,256600,256K+600,23.55899311,120.4178452,48.1
國1,M,256700,256K+700,23.55814138,120.4175199,48.16
國1,M,256800,256K+800,23.55728964,120.4171946,48.23
國1,M,256900,256K+900,23.55643791,120.4168694,48.29
國1,M,257000,257K+000,23.55558617,120.4165441,48.36
國1,M,257100,257K+100,23.55473444,120.4162189,48.42
國1,M,257200,257K+200,23.5538827,120.4158937,48.49
國1,M,257300,257K+300,23.55303096,120.4155684,48.55
國1,M,257400,257K+400,23.55217922,120.4152432,48.62
國1,M,257500,257K+500,23.55132748,120.414918,48.68
國1,M,257600,257K+600,23.55047574,120.4145927,48.75
國1,M,257700,257K+700,23.549624,120.4142675,48.81
國1,M,257800,257K+800,23.54877226,120.4139423,48.88
國1,M,257900,257K+900,23.54792052,120.4136171,48.94
國1,M,258000,258K+000,23.54706878,120.4132919,49.01
國1,M,258100,258K+100,23.54621703,120.4129667,49.07
國1,M,258200,258K+200,23.54536529,120.4126415,49.14
國1,M,258300,258K+300,23.54451355,120.4123163,49.2
國1,M,258400,258K+400,23.5436618,120.4119911,49.27
國1,M,258500,258K+500,23.54281005,120.4116659,49.33
國1,M,258600,258K+600,23.54195831,120.4113407,49.4
國1,M,258700,258K+700,23.54110656,120.4110155,49.46
國1,M,258800,258K+800,23.54025481,120.4106903,49.53
國1,M,258900,258K+900,23.53940306,120.4103652,49.59
國1,M,259000,259K+000,23.53855131,120.41004,49.66
國1,M,259100,259K+100,23.53769956,120.4097148,49.72
國1,M,259200,259K+200,23.53684781,120.4093897,49.79
國1,M,259300,259K+300,23.53599606,120.4090645,49.85
國1,M,259400,259K+400,23.53514431,120.4087394,49.92
國1,M,259500,259K+500,23.53429256,120.4084142,49.98
國1,M,259600,259K+600,23.5334408,120.4080891,50.05
國1,M,259700,259K+700,23.53258905,120.4077639,50.11
國1,M,259800,259K+800,23.53173729,120.4074388,50.18
國1,M,259900,259K+900,23.53088554,120.4071137,50.24
國1,M,260000,260K+000,23.53003357,120.4067892,50.05
國1,M,260100,260K+100,23.5291812,120.4064661,49.36
國1,M,260200,260K+200,23.52832882,120.4061429,48.67
國1,M,260300,260K+300,23.52747312,120.4058303,48.07
國1,M,260400,260K+400,23.52661206,120.4055355,47.74
國1,M,260500,260K+500,23.52574263,120.4052714,47.66
國1,M,260600,260K+600,23.5248661,120.4050365,47.75
國1,M,260700,260K+700,23.52398269,120.4048341,48.08
國1,M,260800,260K+800,23.52309399,120.4046612,48.58
國1,M,260900,260K+900,23.52220009,120.404523,49.28
國1,M,261000,261K+000,23.52130282,120.4044135,49.93
國1,M,261100,261K+100,23.52040388,120.4043216,50.53
國1,M,261200,261K+200,23.51950401,120.4042405,50.48
國1,M,261300,261K+300,23.51860415,120.4041593,50.42
國1,M,261400,261K+400,23.51770428,120.4040781,50.37
國1,M,261500,261K+500,23.51680534,120.4039864,50.07
國1,M,261600,261K+600,23.51590736,120.4038838,49.56
國1,M,261700,261K+700,23.51501124,120.4037636,49.02
國1,M,261800,261K+800,23.51411813,120.4036197,48.47
國1,M,261900,261K+900,23.51322873,120.4034508,47.93
國1,M,262000,262K+000,23.5123445,120.4032529,47.37
國1,M,262100,262K+100,23.51146683,120.4030232,46.83
國1,M,262200,262K+200,23.51059589,120.402765,46.27
國1,M,262300,262K+300,23.50973501,120.4024698,45.72
國1,M,262400,262K+400,23.50888239,120.4021476,45.17
國1,M,262500,262K+500,23.50804108,120.4017923,44.82
國1,M,262600,262K+600,23.50721122,120.4014066,44.71
國1,M,262700,262K+700,23.50639236,120.4009942,44.78
國1,M,262800,262K+800,23.50558716,120.4005512,45.11
國1,M,262900,262K+900,23.50479526,120.4000809,45.7
國1,M,263000,263K+000,23.50401989,120.3995792,46.5
國1,M,263100,263K+100,23.5032613,120.3990483,47.41
國1,M,263200,263K+200,23.50251785,120.3984927,48.1
國1,M,263300,263K+300,23.50179003,120.3979134,48.66
國1,M,263400,263K+400,23.50107529,120.3973151,49.05
國1,M,263500,263K+500,23.5003748,120.3966973,49.4
國1,M,263600,263K+600,23.4996845,120.3960662,49.72
國1,M,263700,263K+700,23.49900175,120.3954255,50.01
國1,M,263800,263K+800,23.49832342,120.3947792,50.26
國1,M,263900,263K+900,23.49764509,120.394133,50.52
國1,M,264000,264K+000,23.49696676,120.3934868,50.78
國1,M,264100,264K+100,23.49628842,120.3928405,51.04
國1,M,264200,264K+200,23.49560886,120.3921959,51.27
國1,M,264300,264K+300,23.4949215,120.3915609,51.36
國1,M,264400,264K+400,23.49423038,120.3909309,51.3
國1,M,264500,264K+500,23.49353108,120.3903116,50.92
國1,M,264600,264K+600,23.49282521,120.3897011,50.28
國1,M,264700,264K+700,23.49211012,120.3891034,49.34
國1,M,264800,264K+800,23.49138583,120.3885189,48.07
國1,M,264900,264K+900,23.49065468,120.3879446,46.49
國1,M,265000,265K+000,23.48991412,120.3873847,44.76
國1,M,265100,265K+100,23.48916504,120.3868382,43.82
國1,M,265200,265K+200,23.48840945,120.3863023,43.48
國1,M,265300,265K+300,23.48764729,120.3857773,43.55
國1,M,265400,265K+400,23.48687508,120.3852698,43.73
國1,M,265500,265K+500,23.48609696,120.3847732,43.9
國1,M,265600,265K+600,23.48531228,120.3842889,44.1
國1,M,265700,265K+700,23.48452086,120.3838176,44.33
國1,M,265800,265K+800,23.48372282,120.3833597,44.59
國1,M,265900,265K+900,23.48291839,120.3829151,44.88
國1,M,266000,266K+000,23.48210872,120.3824817,45.19
國1,M,266100,266K+100,23.48129178,120.3820647,45.55
國1,M,266200,266K+200,23.48046867,120.3816623,45.84
國1,M,266300,266K+300,23.47964036,120.3812726,46.17
國1,M,266400,266K+400,23.47880791,120.3808934,46.58
國1,M,266500,266K+500,23.47796824,120.3805333,46.88
國1,M,266600,266K+600,23.477125,120.3801833,47.24
國1,M,266700,266K+700,23.47627652,120.3798484,47.57
國1,M,266800,266K+800,23.47542184,120.3795326,47.71
國1,M,266900,266K+900,23.47456388,120.3792275,47.69
國1,M,267000,267K+000,23.47370136,120.3789379,47.38
國1,M,267100,267K+100,23.47283595,120.3786586,46.86
國1,M,267200,267K+200,23.47196604,120.3783963,46.08
國1,M,267300,267K+300,23.47109246,120.3781488,45.13
國1,M,267400,267K+400,23.47021515,120.3779173,44.34
國1,M,267500,267K+500,23.46933562,120.3776959,43.6
國1,M,267600,267K+600,23.46845339,120.3774875,43.25
國1,M,267700,267K+700,23.46756924,120.3772887,43.28
國1,M,267800,267K+800,23.46668394,120.377096,43.41
國1,M,267900,267K+900,23.46579865,120.3769032,43.54
國1,M,268000,268K+000,23.46491336,120.3767105,43.68
國1,M,268100,268K+100,23.46402806,120.3765177,43.81
國1,M,268200,268K+200,23.46314406,120.3763182,44.03
國1,M,268300,268K+300,23.46226185,120.3761096,44.3
國1,M,268400,268K+400,23.46138268,120.3758866,44.64
國1,M,268500,268K+500,23.46050768,120.375645,45.05
國1,M,268600,268K+600,23.45963827,120.3753808,45.46
國1,M,268700,268K+700,23.4587746,120.3750953,45.87
國1,M,268800,268K+800,23.45791772,120.3747867,46.29
國1,M,268900,268K+900,23.45706761,120.3744568,46.75
國1,M,269000,269K+000,23.45622538,120.3741041,47.19
國1,M,269100,269K+100,23.45539144,120.3737288,47.63
國1,M,269200,269K+200,23.45456517,120.3733342,48.04
國1,M,269300,269K+300,23.45374791,120.372918,48.31
國1,M,269400,269K+400,23.45293903,120.372483,48.43
國1,M,269500,269K+500,23.45213861,120.3720301,48.33
國1,M,269600,269K+600,23.45134475,120.3715637,48.08
國1,M,269700,269K+700,23.45055693,120.3710855,47.64
國1,M,269800,269K+800,23.44977807,120.3705903,47.06
國1,M,269900,269K+900,23.4490026,120.370089,46.5
國1,M,270000,270K+000,23.44823427,120.3695749,45.99
國1,M,270100,270K+100,23.44747033,120.3690531,45.46
國1,M,270200,270K+200,23.44670639,120.3685314,44.92
國1,M,270300,270K+300,23.44594903,120.3679984,45.2
國1,M,270400,270K+400,23.44519219,120.3674647,45.53
國1,M,270500,270K+500,23.44443535,120.3669309,45.86
國1,M,270600,270K+600,23.4436785,120.3663971,46.19
國1,M,270700,270K+700,23.44292166,120.3658633,46.52
國1,M,270800,270K+800,23.442163,120.3653326,46.98
國1,M,270900,270K+900,23.44140164,120.3648065,47.61
國1,M,271000,271K+000,23.44064028,120.3642804,48.24
國1,M,271100,271K+100,23.4398716,120.3637669,48.62
國1,M,271200,271K+200,23.4390992,120.36326,48.79
國1,M,271300,271K+300,23.43832177,120.3627623,48.68
國1,M,271400,271K+400,23.437538,120.3622764,48.07
國1,M,271500,271K+500,23.43674675,120.3618051,46.94
國1,M,271600,271K+600,23.43594819,120.3613484,46.18
國1,M,271700,271K+700,23.43514371,120.360904,45.39
國1,M,271800,271K+800,23.43433315,120.3604729,44.59
國1,M,271900,271K+900,23.43351428,120.3600607,44.13
國1,M,272000,272K+000,23.43269152,120.3596575,43.94
國1,M,272100,272K+100,23.43186102,120.3592734,44.29
國1,M,272200,272K+200,23.4310246,120.3589048,44.84
國1,M,272300,272K+300,23.4301828,120.3585509,45.45
國1,M,272400,272K+400,23.42933677,120.3582091,46.04
國1,M,272500,272K+500,23.42848483,120.3578849,46.53
國1,M,272600,272K+600,23.427628,120.3575761,46.76
國1,M,272700,272K+700,23.42676617,120.3572842,46.64
國1,M,272800,272K+800,23.42590053,120.3570059,46.22
國1,M,272900,272K+900,23.42503023,120.3567453,45.49
國1,M,273000,273K+000,23.42415616,120.3564999,44.69
國1,M,273100,273K+100,23.42327892,120.3562682,44.07
國1,M,273200,273K+200,23.42239816,120.3560527,43.86
國1,M,273300,273K+300,23.42151389,120.3558547,44.12
國1,M,273400,273K+400,23.42062689,120.3556717,44.7
國1,M,273500,273K+500,23.41973674,120.3555076,45.27
國1,M,273600,273K+600,23.41884466,120.3553562,45.75
國1,M,273700,273K+700,23.41795025,120.355222,46.02
國1,M,273800,273K+800,23.4170539,120.3551039,46.03
國1,M,273900,273K+900,23.4161559,120.3550013,45.81
國1,M,274000,274K+000,23.41525633,120.3549168,45.39
國1,M,274100,274K+100,23.41435551,120.3548499,44.7
國1,M,274200,274K+200,23.41345393,120.354796,43.85
國1,M,274300,274K+300,23.41255164,120.35476,43.04
國1,M,274400,274K+400,23.41164889,120.3547416,42.45
國1,M,274500,274K+500,23.41074597,120.3547332,42.06
國1,M,274600,274K+600,23.40984306,120.3547455,42.3
國1,M,274700,274K+700,23.40894031,120.3547647,42.58
國1,M,274800,274K+800,23.40803783,120.354797,42.95
國1,M,274900,274K+900,23.40713558,120.3548361,43.32
國1,M,275000,275K+000,23.40623347,120.3548788,43.51
國1,M,275100,275K+100,23.40533148,120.3549246,43.45
國1,M,275200,275K+200,23.40442949,120.3549705,43.4
國1,M,275300,275K+300,23.40352751,120.3550163,43.34
國1,M,275400,275K+400,23.40262552,120.3550622,43.29
國1,M,275500,275K+500,23.40172353,120.355108,43.24
國1,M,275600,275K+600,23.40082155,120.3551539,43.18
國1,M,275700,275K+700,23.39991956,120.3551997,43.13
國1,M,275800,275K+800,23.39901757,120.3552456,43.07
國1,M,275900,275K+900,23.39811558,120.3552914,43.02
國1,M,276000,276K+000,23.3972136,120.3553373,42.97
國1,M,276100,276K+100,23.39631161,120.3553831,42.91
國1,M,276200,276K+200,23.39540925,120.3554188,42.64
國1,M,276300,276K+300,23.3945068,120.3554522,42.32
國1,M,276400,276K+400,23.39360398,120.3554702,42.2
國1,M,276500,276K+500,23.39270105,120.3554785,42.06
國1,M,276600,276K+600,23.39179811,120.3554718,42.0
國1,M,276700,276K+700,23.39089544,120.3554468,41.94
國1,M,276800,276K+800,23.38999331,120.355405,41.94
國1,M,276900,276K+900,23.38909228,120.3553413,41.96
國1,M,277000,277K+000,23.38819264,120.3552575,41.93
國1,M,277100,277K+100,23.38729454,120.3551561,41.86
國1,M,277200,277K+200,23.38639849,120.3550352,41.85
國1,M,277300,277K+300,23.38550506,120.3548935,41.78
國1,M,277400,277K+400,23.3846144,120.3547326,41.78
國1,M,277500,277K+500,23.3837269,120.3545523,41.71
國1,M,277600,277K+600,23.38284255,120.3543548,41.58
國1,M,277700,277K+700,23.38196229,120.3541369,41.53
國1,M,277800,277K+800,23.3810862,120.3539001,41.69
國1,M,277900,277K+900,23.38021465,120.3536445,41.91
國1,M,278000,278K+000,23.37934836,120.3533687,42.28
國1,M,278100,278K+100,23.37848672,120.3530763,42.84
國1,M,278200,278K+200,23.37763084,120.3527647,43.48
國1,M,278300,278K+300,23.37678126,120.3524335,44.05
國1,M,278400,278K+400,23.37593718,120.3520861,44.53
國1,M,278500,278K+500,23.37510005,120.3517196,45.08
國1,M,278600,278K+600,23.37426965,120.3513355,45.7
國1,M,278700,278K+700,23.37344786,120.3509302,45.96
國1,M,278800,278K+800,23.37263307,120.3505088,46.11
國1,M,278900,278K+900,23.37182546,120.3500714,46.11
國1,M,279000,279K+000,23.37102589,120.349617,45.86
國1,M,279100,279K+100,23.37023502,120.349145,45.46
國1,M,279200,279K+200,23.36945356,120.3486549,44.76
國1,M,279300,279K+300,23.36868203,120.3481468,43.98
國1,M,279400,279K+400,23.36791963,120.3476228,43.27
國1,M,279500,279K+500,23.36716665,120.3470831,42.55
國1,M,279600,279K+600,23.36642358,120.3465275,41.78
國1,M,279700,279K+700,23.3656919,120.3459545,41.07
國1,M,279800,279K+800,23.3649684,120.3453693,40.53
國1,M,279900,279K+900,23.36425917,120.344764,40.32
國1,M,280000,280K+000,23.36355791,120.3441478,40.2
國1,M,280100,280K+100,23.36287181,120.343512,40.03
國1,M,280200,280K+200,23.36219609,120.3428633,39.84
國1,M,280300,280K+300,23.3615304,120.3422025,39.79
國1,M,280400,280K+400,23.36087725,120.3415272,39.86
國1,M,280500,280K+500,23.36023754,120.340837,39.89
國1,M,280600,280K+600,23.35961234,120.3401314,40.06
國1,M,280700,280K+700,23.35900002,120.3394126,40.28
國1,M,280800,280K+800,23.35840079,120.338681,40.2
國1,M,280900,280K+900,23.35781149,120.33794,39.8
國1,M,281000,281K+000,23.35723516,120.3371872,39.33
國1,M,281100,281K+100,23.35666874,120.3364255,39.2
國1,M,281200,281K+200,23.35611237,120.3356552,39.06
國1,M,281300,281K+300,23.35556545,120.334877,38.92
國1,M,281400,281K+400,23.35502743,120.3340916,38.82
國1,M,281500,281K+500,23.35449494,120.3333017,38.73
國1,M,281600,281K+600,23.3539709,120.3325053,38.66
國1,M,281700,281K+700,23.3534512,120.3317055,38.58
國1,M,281800,281K+800,23.35293789,120.3309009,38.5
國1,M,281900,281K+900,23.35243135,120.3300913,38.78
國1,M,282000,282K+000,23.3519249,120.3292816,39.07
國1,M,282100,282K+100,23.35142014,120.3284707,39.37
國1,M,282200,282K+200,23.35091883,120.3276573,39.68
國1,M,282300,282K+300,23.35041751,120.3268439,39.99
國1,M,282400,282K+400,23.34991619,120.3260304,40.3
國1,M,282500,282K+500,23.34941486,120.3252171,40.61
國1,M,282600,282K+600,23.34891256,120.3244044,40.8
國1,M,282700,282K+700,23.34840426,120.3235961,40.3
國1,M,282800,282K+800,23.34789595,120.3227878,39.8
國1,M,282900,282K+900,23.34737694,120.3219876,38.9
國1,M,283000,283K+000,23.34685773,120.3211875,38.0
國1,M,283100,283K+100,23.34633062,120.3203936,37.28
國1,M,283200,283K+200,23.34579764,120.3196042,36.69
國1,M,283300,283K+300,23.34525465,120.3188229,36.46
國1,M,283400,283K+400,23.34470647,120.3180458,36.42
國1,M,283500,283K+500,23.34414665,120.3172785,36.98
國1,M,283600,283K+600,23.34357696,120.3165198,37.31
國1,M,283700,283K+700,23.34299399,120.3157729,37.52
國1,M,283800,283K+800,23.34240213,120.3150345,37.64
國1,M,283900,283K+900,23.34179872,120.314307,37.6
國1,M,284000,284K+000,23.34118423,120.3135905,37.47
國1,M,284100,284K+100,23.34055917,120.3128848,37.3
國1,M,284200,284K+200,23.33992336,120.3121905,37.13
國1,M,284300,284K+300,23.33927676,120.3115079,37.11
國1,M,284400,284K+400,23.3386199,120.3108369,37.03
國1,M,284500,284K+500,23.33795203,120.3101788,36.84
國1,M,284600,284K+600,23.33727402,120.309533,36.76
國1,M,284700,284K+700,23.33658642,120.3088992,36.69
國1,M,284800,284K+800,23.33589007,120.3082767,36.58
國1,M,284900,284K+900,23.33518316,120.3076683,36.4
國1,M,285000,285K+000,23.33446665,120.3070733,36.14
國1,M,285100,285K+100,23.33374206,120.3064898,35.85
國1,M,285200,285K+200,23.3330081,120.3059203,35.52
國1,M,285300,285K+300,23.33226524,120.3053644,35.14
國1,M,285400,285K+400,23.33151428,120.3048215,34.74
國1,M,285500,285K+500,23.33075577,120.304291,34.24
國1,M,285600,285K+600,23.3299888,120.303775,33.89
國1,M,285700,285K+700,23.32921249,120.3032757,33.59
國1,M,285800,285K+800,23.32843136,120.3027852,33.24
國1,M,285900,285K+900,23.32764117,120.302312,33.07
國1,M,286000,286K+000,23.32684432,120.3018522,33.31
國1,M,286100,286K+100,23.32604421,120.301399,33.8
國1,M,286200,286K+200,23.32523763,120.3009595,34.62
國1,M,286300,286K+300,23.32442627,120.3005304,35.31
國1,M,286400,286K+400,23.32361373,120.3001039,35.97
國1,M,286500,286K+500,23.3227968,120.2996874,35.74
國1,M,286600,286K+600,23.32197882,120.2992733,35.3
國1,M,286700,286K+700,23.32116084,120.2988592,34.86
國1,M,286800,286K+800,23.32034285,120.2984451,34.42
國1,M,286900,286K+900,23.31952487,120.298031,33.97
國1,M,287000,287K+000,23.31870689,120.2976169,33.53
國1,M,287100,287K+100,23.31789076,120.2971985,33.29
國1,M,287200,287K+200,23.31707698,120.2967748,33.32
國1,M,287300,287K+300,23.31626613,120.2963446,33.62
國1,M,287400,287K+400,23.31546037,120.2959033,34.01
國1,M,287500,287K+500,23.31465681,120.2954574,34.42
國1,M,287600,287K+600,23.31385725,120.2950031,34.86
國1,M,287700,287K+700,23.31306326,120.2945374,35.24
國1,M,287800,287K+800,23.31227376,120.2940629,35.62
國1,M,287900,287K+900,23.31148718,120.2935828,36.0
國1,M,288000,288K+000,23.31070546,120.2930935,36.38
國1,M,288100,288K+100,23.30993006,120.2925925,36.73
國1,M,288200,288K+200,23.30915734,120.2920867,37.04
國1,M,288300,288K+300,23.30839,120.2915714,37.28
國1,M,288400,288K+400,23.30762816,120.2910465,37.3
國1,M,288500,288K+500,23.30687016,120.2905152,37.22
國1,M,288600,288K+600,23.30611785,120.2899746,36.93
國1,M,288700,288K+700,23.30536899,120.2894283,36.51
國1,M,288800,288K+800,23.30462675,120.2888716,36.04
國1,M,288900,288K+900,23.30388608,120.2883124,35.95
國1,M,289000,289K+000,23.30314652,120.2877515,36.14
國1,M,289100,289K+100,23.30240697,120.2871905,36.33
國1,M,289200,289K+200,23.30166498,120.2866334,36.63
國1,M,289300,289K+300,23.30091901,120.2860826,36.92
國1,M,289400,289K+400,23.30016494,120.2855448,37.15
國1,M,289500,289K+500,23.29940227,120.2850215,37.4
國1,M,289600,289K+600,23.29862671,120.2845209,37.46
國1,M,289700,289K+700,23.29783977,120.2840415,37.47
國1,M,289800,289K+800,23.29704188,120.2835838,37.37
國1,M,289900,289K+900,23.29623449,120.2831462,37.19
國1,M,290000,290K+000,23.29541806,120.2827286,36.93
國1,M,290100,290K+100,23.29459358,120.28233,36.68
國1,M,290200,290K+200,23.293767,120.2819365,36.43
國1,M,290300,290K+300,23.29293804,120.2815489,36.17
國1,M,290400,290K+400,23.29210908,120.2811613,35.91
國1,M,290500,290K+500,23.29128012,120.2807737,35.65
國1,M,290600,290K+600,23.29045536,120.2803758,35.42
國1,M,290700,290K+700,23.28963604,120.2799649,35.2
國1,M,290800,290K+800,23.28882571,120.2795336,34.99
國1,M,290900,290K+900,23.2880249,120.279082,34.76
國1,M,291000,291K+000,23.28723477,120.2786088,34.48
國1,M,291100,291K+100,23.28645605,120.278114,34.16
國1,M,291200,291K+200,23.28568992,120.2775967,33.87
國1,M,291300,291K+300,23.28493422,120.2770617,33.58
國1,M,291400,291K+400,23.28419153,120.2765058,33.26
國1,M,291500,291K+500,23.28346276,120.2759288,32.88
國1,M,291600,291K+600,23.28274827,120.2753311,32.51
國1,M,291700,291K+700,23.28204571,120.2747171,32.47
國1,M,291800,291K+800,23.28135965,120.2740817,32.53
國1,M,291900,291K+900,23.28068591,120.273431,32.62
國1,M,292000,292K+000,23.28002201,120.2727685,32.72
國1,M,292100,292K+100,23.27936655,120.2720962,32.9
國1,M,292200,292K+200,23.27871466,120.2714199,33.15
國1,M,292300,292K+300,23.27806277,120.2707435,33.4
國1,M,292400,292K+400,23.27740917,120.2700691,33.65
國1,M,292500,292K+500,23.27674749,120.269404,33.83
國1,M,292600,292K+600,23.27607962,120.2687463,34.04
國1,M,292700,292K+700,23.27539702,120.2681065,34.26
國1,M,292800,292K+800,23.27469784,120.2674881,34.54
國1,M,292900,292K+900,23.27398185,120.2668926,34.86
國1,M,293000,293K+000,23.27325194,120.2663173,35.21
國1,M,293100,293K+100,23.27250566,120.2657671,35.51
國1,M,293200,293K+200,23.27174574,120.2652393,35.75
國1,M,293300,293K+300,23.27097285,120.2647341,36.05
國1,M,293400,293K+400,23.27018694,120.2642529,36.33
國1,M,293500,293K+500,23.26938795,120.2637977,36.64
國1,M,293600,293K+600,23.26857873,120.263364,37.15
國1,M,293700,293K+700,23.26776132,120.2629488,37.47
國1,M,293800,293K+800,23.26693786,120.2625478,37.73
國1,M,293900,293K+900,23.26611101,120.262155,37.94
國1,M,294000,294K+000,23.26528416,120.2617623,38.14
國1,M,294100,294K+100,23.2644573,120.2613695,38.34
國1,M,294200,294K+200,23.26363009,120.2609776,38.41
國1,M,294300,294K+300,23.26280237,120.260587,38.28
國1,M,294400,294K+400,23.26197465,120.2601964,38.15
國1,M,294500,294K+500,23.26114692,120.2598058,38.01
國1,M,294600,294K+600,23.2603192,120.2594152,37.88
國1,M,294700,294K+700,23.25949147,120.2590246,37.75
國1,M,294800,294K+800,23.25866375,120.258634,37.62
國1,M,294900,294K+900,23.25783602,120.2582434,37.49
國1,M,295000,295K+000,23.25700829,120.2578528,37.36
國1,M,295100,295K+100,23.25618414,120.2574535,36.99
國1,M,295200,295K+200,23.25536348,120.257046,36.51
國1,M,295300,295K+300,23.2545455,120.256632,35.98
國1,M,295400,295K+400,23.25373036,120.2562117,35.52
國1,M,295500,295K+500,23.25291749,120.2557862,35.11
國1,M,295600,295K+600,23.25210921,120.2553505,34.95
國1,M,295700,295K+700,23.25130228,120.2549119,34.85
國1,M,295800,295K+800,23.25049535,120.2544733,34.76
國1,M,295900,295K+900,23.24968841,120.2540348,34.67
國1,M,296000,296K+000,23.24888148,120.2535962,34.58
國1,M,296100,296K+100,23.24807454,120.2531576,34.49
國1,M,296200,296K+200,23.2472676,120.2527191,34.4
國1,M,296300,296K+300,23.24646066,120.2522805,34.3
國1,M,296400,296K+400,23.24565372,120.251842,34.21
國1,M,296500,296K+500,23.24484678,120.2514034,34.12
國1,M,296600,296K+600,23.24403984,120.2509649,34.03
國1,M,296700,296K+700,23.24323289,120.2505264,33.94
國1,M,296800,296K+800,23.24242595,120.2500878,33.85
國1,M,296900,296K+900,23.241619,120.2496493,33.76
國1,M,297000,297K+000,23.24081206,120.2492108,33.66
國1,M,297100,297K+100,23.24000511,120.2487723,33.57
國1,M,297200,297K+200,23.23919816,120.2483338,33.48
國1,M,297300,297K+300,23.23839087,120.247896,33.4
國1,M,297400,297K+400,23.23758347,120.2474584,33.33
國1,M,297500,297K+500,23.23677607,120.2470209,33.26
國1,M,297600,297K+600,23.23596867,120.2465834,33.19
國1,M,297700,297K+700,23.23516127,120.2461459,33.12
國1,M,297800,297K+800,23.23435387,120.2457083,33.05
國1,M,297900,297K+900,23.23354647,120.2452708,32.98
國1,M,298000,298K+000,23.23273906,120.2448333,32.91
國1,M,298100,298K+100,23.23193166,120.2443958,32.84
國1,M,298200,298K+200,23.2311233,120.2439604,32.74
國1,M,298300,298K+300,23.23030884,120.2435385,32.51
國1,M,298400,298K+400,23.22948969,120.2431274,32.12
國1,M,298500,298K+500,23.22866475,120.2427301,31.69
國1,M,298600,298K+600,23.22783497,120.2423449,31.28
國1,M,298700,298K+700,23.22700168,120.2419686,30.9
國1,M,298800,298K+800,23.22616353,120.2416051,30.64
國1,M,298900,298K+900,23.22532104,120.2412535,30.48
國1,M,299000,299K+000,23.22447323,120.2409172,30.44
國1,M,299100,299K+100,23.22362182,120.2405918,30.48
國1,M,299200,299K+200,23.22276682,120.2402777,30.54
國1,M,299300,299K+300,23.22190847,120.2399744,30.6
國1,M,299400,299K+400,23.22104586,120.2396855,30.67
國1,M,299500,299K+500,23.22017885,120.2394126,30.73
國1,M,299600,299K+600,23.21931023,120.2391457,30.8
國1,M,299700,299K+700,23.21843763,120.2388944,30.94
國1,M,299800,299K+800,23.21756192,120.2386563,31.12
國1,M,299900,299K+900,23.21668372,120.238429,31.5
國1,M,300000,300K+000,23.21580239,120.2382164,32.03
國1,M,300100,300K+100,23.21491875,120.2380154,32.39
國1,M,300200,300K+200,23.21403283,120.2378267,32.29
國1,M,300300,300K+300,23.21314476,120.2376501,31.77
國1,M,300400,300K+400,23.21225446,120.237487,31.12
國1,M,300500,300K+500,23.21136193,120.237339,30.46
國1,M,300600,300K+600,23.21046774,120.2372034,29.78
國1,M,300700,300K+700,23.20957187,120.2370815,29.1
國1,M,300800,300K+800,23.20867496,120.2369686,28.45
國1,M,300900,300K+900,23.2077767,120.236869,28.04
國1,M,301000,301K+000,23.20687698,120.2367863,27.89
國1,M,301100,301K+100,23.20597631,120.2367163,27.97
國1,M,301200,301K+200,23.2050754,120.2366508,28.13
國1,M,301300,301K+300,23.20417357,120.2366018,28.63
國1,M,301400,301K+400,23.2032715,120.2365587,29.12
國1,M,301500,301K+500,23.20236911,120.2365235,29.59
國1,M,301600,301K+600,23.20146647,120.2364973,29.92
國1,M,301700,301K+700,23.20056376,120.2364736,30.2
國1,M,301800,301K+800,23.19966089,120.2364589,30.27
國1,M,301900,301K+900,23.19875798,120.2364463,30.3
國1,M,302000,302K+000,23.19785506,120.2364348,30.22
國1,M,302100,302K+100,23.19695212,120.2364257,29.88
國1,M,302200,302K+200,23.19604918,120.2364167,29.55
國1,M,302300,302K+300,23.19514624,120.2364076,29.22
國1,M,302400,302K+400,23.1942433,120.2363986,28.89
國1,M,302500,302K+500,23.19334044,120.2363832,28.53
國1,M,302600,302K+600,23.1924376,120.2363663,28.15
國1,M,302700,302K+700,23.19153485,120.2363448,27.93
國1,M,302800,302K+800,23.19063224,120.2363168,27.93
國1,M,302900,302K+900,23.18972998,120.2362783,28.19
國1,M,303000,303K+000,23.18882785,120.2362361,28.53
國1,M,303100,303K+100,23.18792632,120.2361814,29.0
國1,M,303200,303K+200,23.18702507,120.2361211,29.52
國1,M,303300,303K+300,23.18612481,120.2360461,30.63
國1,M,303400,303K+400,23.18522532,120.2359614,31.88
國1,M,303500,303K+500,23.18432627,120.2358713,33.18
國1,M,303600,303K+600,23.18342824,120.2357699,34.42
國1,M,303700,303K+700,23.18253123,120.235658,35.13
國1,M,303800,303K+800,23.1816352,120.235537,34.94
國1,M,303900,303K+900,23.18074045,120.2354057,34.35
國1,M,304000,304K+000,23.17984687,120.2352653,33.8
國1,M,304100,304K+100,23.17895448,120.2351163,33.53
國1,M,304200,304K+200,23.17806394,120.2349548,33.53
國1,M,304300,304K+300,23.17717432,120.2347874,33.55
國1,M,304400,304K+400,23.17628649,120.2346092,33.55
國1,M,304500,304K+500,23.17540126,120.2344165,33.56
國1,M,304600,304K+600,23.17451632,120.2342223,33.57
國1,M,304700,304K+700,23.17363473,120.234011,33.62
國1,M,304800,304K+800,23.17275363,120.2337973,33.69
國1,M,304900,304K+900,23.17187563,120.2335692,34.34
國1,M,305000,305K+000,23.17099763,120.2333412,35.0
國1,M,305100,305K+100,23.17011983,120.2331122,35.57
國1,M,305200,305K+200,23.16924316,120.2328781,35.68
國1,M,305300,305K+300,23.1683665,120.232644,35.79
國1,M,305400,305K+400,23.16748983,120.23241,35.89
國1,M,305500,305K+500,23.16661208,120.2321809,35.63
國1,M,305600,305K+600,23.16573241,120.2319605,34.71
國1,M,305700,305K+700,23.16485079,120.2317497,34.16
國1,M,305800,305K+800,23.16396613,120.2315541,34.08
國1,M,305900,305K+900,23.16307822,120.2313766,34.2
國1,M,306000,306K+000,23.1621869,120.2312205,34.36
國1,M,306100,306K+100,23.16129366,120.2310777,34.58
國1,M,306200,306K+200,23.16039742,120.2309589,35.28
國1,M,306300,306K+300,23.15949902,120.2308617,36.16
國1,M,306400,306K+400,23.15859936,120.2307785,36.83
國1,M,306500,306K+500,23.15769821,120.2307168,37.01
國1,M,306600,306K+600,23.15679605,120.2306752,37.09
國1,M,306700,306K+700,23.15589329,120.2306548,36.74
國1,M,306800,306K+800,23.15499036,120.2306515,36.07
國1,M,306900,306K+900,23.15408758,120.2306676,34.95
國1,M,307000,307K+000,23.15318538,120.2307057,33.82
國1,M,307100,307K+100,23.15228381,120.2307599,33.03
國1,M,307200,307K+200,23.15138344,120.2308334,32.41
國1,M,307300,307K+300,23.15048498,120.2309306,31.94
國1,M,307400,307K+400,23.14958787,120.2310417,31.56
國1,M,307500,307K+500,23.14869347,120.2311759,31.27
國1,M,307600,307K+600,23.1478016,120.2313285,31.1
國1,M,307700,307K+700,23.14691314,120.2315029,31.03
國1,M,307800,307K+800,23.14602808,120.2316964,31.13
國1,M,307900,307K+900,23.14514673,120.2319086,31.37
國1,M,308000,308K+000,23.14426877,120.2321367,31.68
國1,M,308100,308K+100,23.14339518,120.2323837,32.08
國1,M,308200,308K+200,23.14252673,120.2326509,32.58
國1,M,308300,308K+300,23.14166336,120.2329369,33.12
國1,M,308400,308K+400,23.14080587,120.2332427,33.85
國1,M,308500,308K+500,23.13995364,120.2335654,34.45
國1,M,308600,308K+600,23.13910738,120.2339058,35.0
國1,M,308700,308K+700,23.13826519,120.234258,35.53
國1,M,308800,308K+800,23.13742784,120.2346234,36.04
國1,M,308900,308K+900,23.13659429,120.2349989,36.48
國1,M,309000,309K+000,23.13576208,120.2353777,36.92
國1,M,309100,309K+100,23.13493261,120.2357636,37.35
國1,M,309200,309K+200,23.13410421,120.2361522,37.58
國1,M,309300,309K+300,23.13327619,120.2365417,37.76
國1,M,309400,309K+400,23.13244817,120.2369312,37.93
國1,M,309500,309K+500,23.13162016,120.2373208,38.1
國1,M,309600,309K+600,23.13079214,120.2377103,38.28
國1,M,309700,309K+700,23.12996412,120.2380998,38.45
國1,M,309800,309K+800,23.1291361,120.2384893,38.62
國1,M,309900,309K+900,23.12830807,120.2388788,38.8
國1,M,310000,310K+000,23.12748005,120.2392683,38.97
國1,M,310100,310K+100,23.12665128,120.2396559,38.45
國1,M,310200,310K+200,23.12582228,120.2400429,37.71
國1,M,310300,310K+300,23.12499328,120.2404299,36.98
國1,M,310400,310K+400,23.12416322,120.2408141,36.23
國1,M,310500,310K+500,23.1233294,120.2411888,35.47
國1,M,310600,310K+600,23.1224943,120.2415601,34.93
國1,M,310700,310K+700,23.12165686,120.2419253,34.82
國1,M,310800,310K+800,23.12081567,120.2422803,34.88
國1,M,310900,310K+900,23.11997429,120.2426347,34.94
國1,M,311000,311K+000,23.11913024,120.2429816,35.33
國1,M,311100,311K+100,23.11828362,120.2433211,35.57
國1,M,311200,311K+200,23.11743501,120.2436548,35.55
國1,M,311300,311K+300,23.11658385,120.2439806,34.94
國1,M,311400,311K+400,23.11573061,120.2443,33.85
國1,M,311500,311K+500,23.11487421,120.2446094,33.08
國1,M,311600,311K+600,23.11401707,120.2449165,32.38
國1,M,311700,311K+700,23.11315832,120.2452182,31.8
國1,M,311800,311K+800,23.11229657,120.2455098,31.46
國1,M,311900,311K+900,23.11143354,120.245797,31.13
國1,M,312000,312K+000,23.11056814,120.2460757,30.81
國1,M,312100,312K+100,23.10970096,120.2463478,30.48
國1,M,312200,312K+200,23.10883206,120.2466135,30.13
國1,M,312300,312K+300,23.10796145,120.2468725,29.83
國1,M,312400,312K+400,23.10708942,120.2471259,29.56
國1,M,312500,312K+500,23.10621563,120.2473721,29.62
國1,M,312600,312K+600,23.10534041,120.2476123,29.97
國1,M,312700,312K+700,23.10446282,120.2478423,30.05
國1,M,312800,312K+800,23.10358401,120.2480666,29.82
國1,M,312900,312K+900,23.10270297,120.2482803,29.16
國1,M,313000,313K+000,23.10181899,120.2484792,28.12
國1,M,313100,313K+100,23.10093295,120.2486672,27.26
國1,M,313200,313K+200,23.10004493,120.2488442,27.09
國1,M,313300,313K+300,23.09915663,120.2490196,27.06
國1,M,313400,313K+400,23.09826833,120.249195,27.03
國1,M,313500,313K+500,23.09738002,120.2493704,27.0
國1,M,313600,313K+600,23.09649172,120.2495457,26.97
國1,M,313700,313K+700,23.09560342,120.2497211,26.94
國1,M,313800,313K+800,23.09471511,120.2498965,26.92
國1,M,313900,313K+900,23.09382681,120.2500718,26.89
國1,M,314000,314K+000,23.09293821,120.2502454,26.86
國1,M,314100,314K+100,23.09204897,120.2504151,26.84
國1,M,314200,314K+200,23.09115894,120.2505799,26.74
國1,M,314300,314K+300,23.09026738,120.2507346,26.57
國1,M,314400,314K+400,23.08937424,120.2508784,26.41
國1,M,314500,314K+500,23.08848008,120.2510146,26.51
國1,M,314600,314K+600,23.08758566,120.2511488,26.68
國1,M,314700,314K+700,23.08669098,120.2512809,26.88
國1,M,314800,314K+800,23.08579546,120.2514062,27.17
國1,M,314900,314K+900,23.08489994,120.2515315,27.47
國1,M,315000,315K+000,23.08400376,120.2516511,27.78
國1,M,315100,315K+100,23.08310693,120.2517649,28.1
國1,M,315200,315K+200,23.08221009,120.2518787,28.42
國1,M,315300,315K+300,23.0813127,120.2519871,28.66
國1,M,315400,315K+400,23.08041465,120.2520891,28.8
國1,M,315500,315K+500,23.0795166,120.2521911,28.95
國1,M,315600,315K+600,23.07861809,120.2522882,29.09
國1,M,315700,315K+700,23.07771907,120.2523797,29.23
國1,M,315800,315K+800,23.07682002,120.2524708,29.36
國1,M,315900,315K+900,23.07592013,120.2525517,29.46
國1,M,316000,316K+000,23.07502023,120.2526326,29.57
國1,M,316100,316K+100,23.07411991,120.2527074,29.96
國1,M,316200,316K+200,23.07321934,120.2527788,30.51
國1,M,316300,316K+300,23.07231877,120.2528502,31.06
國1,M,316400,316K+400,23.07141779,120.2529145,32.06
國1,M,316500,316K+500,23.07051662,120.2529754,33.27
國1,M,316600,316K+600,23.06961519,120.2530317,33.85
國1,M,316700,316K+700,23.06871334,120.2530808,33.42
國1,M,316800,316K+800,23.06781149,120.25313,32.98
國1,M,316900,316K+900,23.06690927,120.2531697,32.34
國1,M,317000,317K+000,23.06600695,120.2532069,31.65
國1,M,317100,317K+100,23.06510445,120.2532388,31.57
國1,M,317200,317K+200,23.06420179,120.2532654,31.92
國1,M,317300,317K+300,23.06329902,120.2532868,32.32
國1,M,317400,317K+400,23.06239616,120.2533025,32.86
國1,M,317500,317K+500,23.06149324,120.2533137,33.51
國1,M,317600,317K+600,23.06059028,120.25332,33.98
國1,M,317700,317K+700,23.05968728,120.2533206,34.23
國1,M,317800,317K+800,23.05878428,120.2533212,34.48
國1,M,317900,317K+900,23.05788132,120.2533118,34.47
國1,M,318000,318K+000,23.05697839,120.2533006,34.44
國1,M,318100,318K+100,23.05607551,120.2532844,34.4
國1,M,318200,318K+200,23.05517287,120.2532573,34.1
國1,M,318300,318K+300,23.0542705,120.2532223,33.71
國1,M,318400,318K+400,23.0533687,120.253172,33.22
國1,M,318500,318K+500,23.05246748,120.2531118,32.79
國1,M,318600,318K+600,23.05156735,120.2530343,32.5
國1,M,318700,318K+700,23.05066854,120.2529407,32.24
國1,M,318800,318K+800,23.04977062,120.2528376,31.98
國1,M,318900,318K+900,23.04887451,120.2527175,31.71
國1,M,319000,319K+000,23.04798005,120.2525837,31.51
國1,M,319100,319K+100,23.04708756,120.2524354,31.84
國1,M,319200,319K+200,23.04619668,120.2522764,32.52
國1,M,319300,319K+300,23.04530764,120.2521057,33.41
國1,M,319400,319K+400,23.04441911,120.2519319,34.26
國1,M,319500,319K+500,23.04353058,120.2517581,35.11
國1,M,319600,319K+600,23.04264205,120.2515844,35.97
國1,M,319700,319K+700,23.04175352,120.2514106,36.82
國1,M,319800,319K+800,23.04086499,120.2512368,37.67
國1,M,319900,319K+900,23.03997646,120.251063,38.52
國1,M,320000,320K+000,23.03908793,120.2508892,39.37
國1,M,320100,320K+100,23.0381994,120.2507154,40.22
國1,M,320200,320K+200,23.03731086,120.2505416,41.07
國1,M,320300,320K+300,23.03642233,120.2503679,41.92
國1,M,320400,320K+400,23.0355338,120.2501941,42.78
國1,M,320500,320K+500,23.03464479,120.2500231,43.35
國1,M,320600,320K+600,23.03375516,120.2498559,43.57
國1,M,320700,320K+700,23.03286286,120.2497069,43.76
國1,M,320800,320K+800,23.03196747,120.2495813,43.92
國1,M,320900,320K+900,23.03106948,120.2494791,44.09
國1,M,321000,321K+000,23.03016938,120.2494014,44.22
國1,M,321100,321K+100,23.02926767,120.2493495,44.38
國1,M,321200,321K+200,23.02836497,120.2493242,44.6
國1,M,321300,321K+300,23.02746203,120.2493219,45.1
國1,M,321400,321K+400,23.02655941,120.2493464,45.91
國1,M,321500,321K+500,23.02565806,120.2494018,46.9
國1,M,321600,321K+600,23.02476014,120.2495037,47.94
國1,M,321700,321K+700,23.02386736,120.249649,48.99
國1,M,321800,321K+800,23.02298115,120.2498358,49.71
國1,M,321900,321K+900,23.02209985,120.2500483,49.78
國1,M,322000,322K+000,23.02121909,120.2502635,49.77
國1,M,322100,322K+100,23.02033658,120.2504697,49.59
國1,M,322200,322K+200,23.01944481,120.2506211,48.76
國1,M,322300,322K+300,23.01854552,120.2507032,47.56
國1,M,322400,322K+400,23.01764293,120.2507001,46.2
國1,M,322500,322K+500,23.01674373,120.2506174,44.87
國1,M,322600,322K+600,23.01585373,120.250455,43.6
國1,M,322700,322K+700,23.01497551,120.2502291,42.26
國1,M,322800,322K+800,23.01410526,120.2499692,40.95
國1,M,322900,322K+900,23.01323555,120.249707,39.65
國1,M,323000,323K+000,23.01236584,120.2494449,38.35
國1,M,323100,323K+100,23.01149478,120.249188,37.11
國1,M,323200,323K+200,23.01062073,120.2489434,35.93
國1,M,323300,323K+300,23.0097391,120.248733,34.99
國1,M,323400,323K+400,23.00885277,120.2485469,34.24
國1,M,323500,323K+500,23.00796083,120.2483954,33.74
國1,M,323600,323K+600,23.00706464,120.2482764,33.58
國1,M,323700,323K+700,23.00616532,120.2481888,33.62
國1,M,323800,323K+800,23.00526369,120.2481364,33.9
國1,M,323900,323K+900,23.004361,120.2481135,34.4
國1,M,324000,324K+000,23.00345807,120.2481102,34.96
國1,M,324100,324K+100,23.0025551,120.2481176,35.52
國1,M,324200,324K+200,23.00165214,120.2481265,35.62
國1,M,324300,324K+300,23.00074918,120.2481365,35.39
國1,M,324400,324K+400,22.99984622,120.2481465,35.16
國1,M,324500,324K+500,22.99894327,120.2481565,34.92
國1,M,324600,324K+600,22.99804031,120.2481665,34.69
國1,M,324700,324K+700,22.99713735,120.2481765,34.46
國1,M,324800,324K+800,22.99623439,120.2481865,34.23
國1,M,324900,324K+900,22.99533144,120.2481965,34.0
國1,M,325000,325K+000,22.99442848,120.2482065,33.76
國1,M,325100,325K+100,22.99352552,120.2482165,33.53
國1,M,325200,325K+200,22.99262256,120.2482266,33.3
國1,M,325300,325K+300,22.9917196,120.2482366,33.07
國1,M,325400,325K+400,22.99081664,120.2482466,32.84
國1,M,325500,325K+500,22.98991369,120.2482566,32.61
國1,M,325600,325K+600,22.98901073,120.2482666,32.37
國1,M,325700,325K+700,22.98810777,120.2482766,32.14
國1,M,325800,325K+800,22.98720481,120.2482866,31.91
國1,M,325900,325K+900,22.98630185,120.2482966,31.68
國1,M,326000,326K+000,22.98539889,120.2483066,31.45
國1,M,326100,326K+100,22.98449593,120.2483166,31.22
國1,M,326200,326K+200,22.98359297,120.2483266,30.98
國1,M,326300,326K+300,22.98269001,120.2483366,30.75
國1,M,326400,326K+400,22.98178705,120.2483467,30.53
國1,M,326500,326K+500,22.98088436,120.2483705,30.99
國1,M,326600,326K+600,22.97998231,120.2484142,31.62
國1,M,326700,326K+700,22.97908112,120.2484749,32.45
國1,M,326800,326K+800,22.97818113,120.2485537,33.39
國1,M,326900,326K+900,22.97728293,120.2486534,34.33
國1,M,327000,327K+000,22.97638686,120.2487732,35.22
國1,M,327100,327K+100,22.9754923,120.248906,35.87
國1,M,327200,327K+200,22.97459874,120.2490467,36.13
國1,M,327300,327K+300,22.97370517,120.2491873,36.39
國1,M,327400,327K+400,22.97281161,120.249328,36.65
國1,M,327500,327K+500,22.97191804,120.2494686,36.9
國1,M,327600,327K+600,22.97102447,120.2496093,37.16
國1,M,327700,327K+700,22.97013053,120.249747,37.23
國1,M,327800,327K+800,22.96923513,120.2498731,36.55
國1,M,327900,327K+900,22.96833648,120.2499682,35.69
國1,M,328000,328K+000,22.96743586,120.2500375,34.78
國1,M,328100,328K+100,22.96653382,120.2500802,33.89
國1,M,328200,328K+200,22.96563102,120.2500962,32.98
國1,M,328300,328K+300,22.96472818,120.2500867,32.13
國1,M,328400,328K+400,22.96382601,120.2500462,31.63
國1,M,328500,328K+500,22.96292512,120.2499807,31.6
國1,M,328600,328K+600,22.96202511,120.2499013,31.82
國1,M,328700,328K+700,22.96112509,120.249822,32.04
國1,M,328800,328K+800,22.96022507,120.2497427,32.26
國1,M,328900,328K+900,22.95932506,120.2496634,32.48
國1,M,329000,329K+000,22.95842504,120.2495841,32.7
國1,M,329100,329K+100,22.95752502,120.2495047,32.92
國1,M,329200,329K+200,22.956625,120.2494254,33.15
國1,M,329300,329K+300,22.95572498,120.2493461,33.37
國1,M,329400,329K+400,22.95482497,120.2492668,33.59
國1,M,329500,329K+500,22.95392495,120.2491875,33.81
國1,M,329600,329K+600,22.95302493,120.2491082,34.03
國1,M,329700,329K+700,22.95212491,120.2490288,34.25
國1,M,329800,329K+800,22.9512247,120.2489523,34.35
國1,M,329900,329K+900,22.95032347,120.2488922,33.91
國1,M,330000,330K+000,22.9494211,120.2488578,33.26
國1,M,330100,330K+100,22.94851816,120.2488557,32.77
國1,M,330200,330K+200,22.94761567,120.2488868,32.72
國1,M,330300,330K+300,22.9467146,120.2489502,33.1
國1,M,330400,330K+400,22.94581636,120.2490498,33.7
國1,M,330500,330K+500,22.94492159,120.2491805,34.32
國1,M,330600,330K+600,22.94403081,120.24934,34.92
國1,M,330700,330K+700,22.94314545,120.2495312,35.51
國1,M,330800,330K+800,22.94226672,120.2497556,36.02
國1,M,330900,330K+900,22.94139626,120.2500148,36.27
國1,M,331000,331K+000,22.94053309,120.250301,36.35
國1,M,331100,331K+100,22.93967996,120.2506204,36.3
國1,M,331200,331K+200,22.93883664,120.2509689,36.25
國1,M,331300,331K+300,22.9380008,120.2513376,34.97
國1,M,331400,331K+400,22.93716542,120.2517076,33.58
國1,M,331500,331K+500,22.93633229,120.2520835,33.07
國1,M,331600,331K+600,22.93549718,120.2524523,34.02
國1,M,331700,331K+700,22.93466799,120.2528359,34.55
國1,M,331800,331K+800,22.93383163,120.2532003,34.96
國1,M,331900,331K+900,22.93300137,120.2535829,35.12
國1,M,332000,332K+000,22.93216642,120.253953,35.15
國1,M,332100,332K+100,22.93133351,120.2543296,35.18
國1,M,332200,332K+200,22.93049846,120.2546993,35.2
國1,M,332300,332K+300,22.92966525,120.2550752,35.21
國1,M,332400,332K+400,22.92883204,120.255451,35.21
國1,M,332500,332K+500,22.92799883,120.2558269,35.22
國1,M,332600,332K+600,22.92716561,120.2562027,35.22
國1,M,332700,332K+700,22.9263324,120.2565786,35.23
國1,M,332800,332K+800,22.92549918,120.2569544,35.24
國1,M,332900,332K+900,22.92466596,120.2573302,35.24
國1,M,333000,333K+000,22.92383275,120.257706,35.25
國1,M,333100,333K+100,22.92299953,120.2580819,35.25
國1,M,333200,333K+200,22.92216631,120.2584577,35.26
國1,M,333300,333K+300,22.92133308,120.2588335,35.26
國1,M,333400,333K+400,22.92049986,120.2592093,35.27
國1,M,333500,333K+500,22.91966664,120.2595851,35.28
國1,M,333600,333K+600,22.91883341,120.2599609,35.28
國1,M,333700,333K+700,22.91800018,120.2603367,35.29
國1,M,333800,333K+800,22.91716696,120.2607125,35.29
國1,M,333900,333K+900,22.91633373,120.2610882,35.3
國1,M,334000,334K+000,22.91550029,120.2614635,35.37
國1,M,334100,334K+100,22.91466676,120.2618385,35.47
國1,M,334200,334K+200,22.91383323,120.2622135,35.57
國1,M,334300,334K+300,22.9129997,120.2625884,35.66
國1,M,334400,334K+400,22.91216617,120.2629634,35.76
國1,M,334500,334K+500,22.91133263,120.2633384,35.86
國1,M,334600,334K+600,22.9104991,120.2637134,35.96
國1,M,334700,334K+700,22.90966556,120.2640884,36.06
國1,M,334800,334K+800,22.90883202,120.2644633,36.16
國1,M,334900,334K+900,22.90799849,120.2648383,36.26
國1,M,335000,335K+000,22.90716495,120.2652132,36.36
國1,M,335100,335K+100,22.90633141,120.2655882,36.46
國1,M,335200,335K+200,22.90549787,120.2659631,36.56
國1,M,335300,335K+300,22.90466432,120.2663381,36.66
國1,M,335400,335K+400,22.90383078,120.266713,36.76
國1,M,335500,335K+500,22.90299724,120.2670879,36.85
國1,M,335600,335K+600,22.90216447,120.2674648,36.98
國1,M,335700,335K+700,22.9013361,120.2678529,37.24
國1,M,335800,335K+800,22.90050774,120.268241,37.5
國1,M,335900,335K+900,22.89968039,120.2686315,37.78
國1,M,336000,336K+000,22.89885566,120.2690285,38.1
國1,M,336100,336K+100,22.8980331,120.2694307,38.4
國1,M,336200,336K+200,22.89721236,120.2698371,38.68
國1,M,336300,336K+300,22.89639316,120.2702472,38.97
國1,M,336400,336K+400,22.89557641,120.2706629,39.26
國1,M,336500,336K+500,22.89476017,120.2710798,39.57
國1,M,336600,336K+600,22.89394867,120.2715074,40.08
國1,M,336700,336K+700,22.89313716,120.2719349,40.58
國1,M,336800,336K+800,22.89232616,120.2723635,41.02
國1,M,336900,336K+900,22.89151736,120.272797,41.21
國1,M,337000,337K+000,22.89070855,120.2732304,41.4
國1,M,337100,337K+100,22.88989974,120.2736639,41.59
國1,M,337200,337K+200,22.88909094,120.2740973,41.78
國1,M,337300,337K+300,22.88828212,120.2745307,41.98
國1,M,337400,337K+400,22.88747331,120.2749642,42.17
國1,M,337500,337K+500,22.8866645,120.2753976,42.36
國1,M,337600,337K+600,22.88585569,120.275831,42.55
國1,M,337700,337K+700,22.88504687,120.2762644,42.74
國1,M,337800,337K+800,22.88423805,120.2766978,42.93
國1,M,337900,337K+900,22.88342923,120.2771312,43.12
國1,M,338000,338K+000,22.88262041,120.2775646,43.31
國1,M,338100,338K+100,22.88181159,120.277998,43.5
國1,M,338200,338K+200,22.88100277,120.2784314,43.69
國1,M,338300,338K+300,22.88019395,120.2788648,43.88
國1,M,338400,338K+400,22.87938512,120.2792982,44.07
國1,M,338500,338K+500,22.87857629,120.2797316,44.26
國1,M,338600,338K+600,22.87776746,120.2801649,44.46
國1,M,338700,338K+700,22.87695863,120.2805983,44.65
國1,M,338800,338K+800,22.8761476,120.2810268,44.29
國1,M,338900,338K+900,22.875334,120.2814495,43.66
國1,M,339000,339K+000,22.87451569,120.2818616,43.02
國1,M,339100,339K+100,22.87369348,120.2822644,42.37
國1,M,339200,339K+200,22.87286742,120.2826581,41.72
國1,M,339300,339K+300,22.8720381,120.2830436,41.08
國1,M,339400,339K+400,22.87120466,120.2834186,40.49
國1,M,339500,339K+500,22.87036885,120.2837875,40.01
國1,M,339600,339K+600,22.86952879,120.284145,39.66
國1,M,339700,339K+700,22.86868515,120.2844925,39.41
國1,M,339800,339K+800,22.86783955,120.2848345,39.21
國1,M,339900,339K+900,22.86699394,120.2851764,39.01
國1,M,340000,340K+000,22.86614803,120.2855175,38.75
國1,M,340100,340K+100,22.86530169,120.2858573,38.41
國1,M,340200,340K+200,22.86445535,120.2861971,38.07
國1,M,340300,340K+300,22.86360901,120.2865369,37.73
國1,M,340400,340K+400,22.86276267,120.2868767,37.39
國1,M,340500,340K+500,22.86191633,120.2872165,37.06
國1,M,340600,340K+600,22.86106999,120.2875563,36.72
國1,M,340700,340K+700,22.86022365,120.2878961,36.38
國1,M,340800,340K+800,22.85937731,120.2882359,36.04
國1,M,340900,340K+900,22.85853096,120.2885757,35.7
國1,M,341000,341K+000,22.85768462,120.2889154,35.36
國1,M,341100,341K+100,22.85683827,120.2892552,35.03
國1,M,341200,341K+200,22.85599193,120.289595,34.69
國1,M,341300,341K+300,22.85514558,120.2899348,34.35
國1,M,341400,341K+400,22.8543051,120.290291,34.21
國1,M,341500,341K+500,22.85347335,120.2906703,33.98
國1,M,341600,341K+600,22.85265046,120.2910715,33.68
國1,M,341700,341K+700,22.85183711,120.2914947,33.32
國1,M,341800,341K+800,22.8510336,120.2919393,32.97
國1,M,341900,341K+900,22.85024134,120.2924066,32.62
國1,M,342000,342K+000,22.8494585,120.2928921,32.25
國1,M,342100,342K+100,22.84868723,120.2933988,31.82
國1,M,342200,342K+200,22.84792263,120.2939172,31.36
國1,M,342300,342K+300,22.847159,120.2944372,31.19
國1,M,342400,342K+400,22.846396,120.2949584,31.23
國1,M,342500,342K+500,22.845633,120.2954795,31.27
國1,M,342600,342K+600,22.84487,120.2960007,31.3
國1,M,342700,342K+700,22.84410699,120.2965218,31.34
國1,M,342800,342K+800,22.84334399,120.2970429,31.38
國1,M,342900,342K+900,22.84258098,120.297564,31.41
國1,M,343000,343K+000,22.84181797,120.2980852,31.45
國1,M,343100,343K+100,22.84105496,120.2986063,31.49
國1,M,343200,343K+200,22.84029194,120.2991274,31.52
國1,M,343300,343K+300,22.83952893,120.2996485,31.56
國1,M,343400,343K+400,22.83876591,120.3001696,31.6
國1,M,343500,343K+500,22.83800289,120.3006906,31.63
國1,M,343600,343K+600,22.83723987,120.3012117,31.67
國1,M,343700,343K+700,22.83647684,120.3017328,31.71
國1,M,343800,343K+800,22.83571382,120.3022539,31.74
國1,M,343900,343K+900,22.83495079,120.3027749,31.78
國1,M,344000,344K+000,22.83418776,120.303296,31.82
國1,M,344100,344K+100,22.83342473,120.303817,31.85
國1,M,344200,344K+200,22.8326617,120.3043381,31.89
國1,M,344300,344K+300,22.83189866,120.3048591,31.93
國1,M,344400,344K+400,22.83113563,120.3053802,31.96
國1,M,344500,344K+500,22.83037259,120.3059012,32.0
國1,M,344600,344K+600,22.82961077,120.3064243,31.74
國1,M,344700,344K+700,22.82884997,120.306949,31.2
國1,M,344800,344K+800,22.82808419,120.3074654,31.24
國1,M,344900,344K+900,22.82732165,120.3079871,32.14
國1,M,345000,345K+000,22.82655937,120.3085094,33.11
國1,M,345100,345K+100,22.82579023,120.3090197,34.25
國1,M,345200,345K+200,22.82501078,120.3095113,34.97
國1,M,345300,345K+300,22.82421527,120.3099723,35.28
國1,M,345400,345K+400,22.82341314,120.3104197,35.42
國1,M,345500,345K+500,22.82260316,120.3108503,35.54
國1,M,345600,345K+600,22.82178287,120.3112574,35.7
國1,M,345700,345K+700,22.82094872,120.3116305,35.7
國1,M,345800,345K+800,22.82010498,120.3119775,35.65
國1,M,345900,345K+900,22.81925308,120.3123005,35.59
國1,M,346000,346K+000,22.81839362,120.3125994,35.5
國1,M,346100,346K+100,22.81752673,120.3128721,35.24
國1,M,346200,346K+200,22.81665251,120.313116,34.84
國1,M,346300,346K+300,22.81577449,120.3133437,34.36
國1,M,346400,346K+400,22.81489648,120.3135714,33.88
國1,M,346500,346K+500,22.81401839,120.3137987,33.52
國1,M,346600,346K+600,22.81313992,120.3140244,33.91
國1,M,346700,346K+700,22.81226145,120.31425,34.29
國1,M,346800,346K+800,22.81138297,120.3144756,34.67
國1,M,346900,346K+900,22.81050449,120.3147012,35.06
國1,M,347000,347K+000,22.80962602,120.3149269,35.44
國1,M,347100,347K+100,22.80874754,120.3151525,35.82
國1,M,347200,347K+200,22.80786906,120.3153781,36.21
國1,M,347300,347K+300,22.80699059,120.3156037,36.59
國1,M,347400,347K+400,22.80611211,120.3158293,36.97
國1,M,347500,347K+500,22.80523363,120.3160549,37.36
國1,M,347600,347K+600,22.80435515,120.3162805,37.74
國1,M,347700,347K+700,22.80347667,120.3165061,38.12
國1,M,347800,347K+800,22.80259823,120.3167319,38.48
國1,M,347900,347K+900,22.80172055,120.316961,38.37
國1,M,348000,348K+000,22.80084286,120.3171902,38.25
國1,M,348100,348K+100,22.79996445,120.3174161,38.16
國1,M,348200,348K+200,22.79908522,120.3176383,38.09
國1,M,348300,348K+300,22.79820608,120.3178609,38.02
國1,M,348400,348K+400,22.79732767,120.3180868,38.07
國1,M,348500,348K+500,22.79644925,120.3183128,38.12
國1,M,348600,348K+600,22.79557084,120.3185387,38.17
國1,M,348700,348K+700,22.79469243,120.3187646,38.22
國1,M,348800,348K+800,22.79381402,120.3189905,38.27
國1,M,348900,348K+900,22.7929356,120.3192165,38.32
國1,M,349000,349K+000,22.79205719,120.3194424,38.37
國1,M,349100,349K+100,22.79117878,120.3196683,38.42
國1,M,349200,349K+200,22.79030223,120.3199023,39.1
國1,M,349300,349K+300,22.78942816,120.3201468,40.09
國1,M,349400,349K+400,22.78855715,120.3204038,40.8
國1,M,349500,349K+500,22.7876885,120.3206698,41.16
國1,M,349600,349K+600,22.78682511,120.3209552,40.9
國1,M,349700,349K+700,22.78596278,120.3212443,40.52
國1,M,349800,349K+800,22.78510556,120.3215504,40.02
國1,M,349900,349K+900,22.78424985,120.3218615,39.49
國1,M,350000,350K+000,22.78339463,120.3221742,39.16
國1,M,350100,350K+100,22.78254051,120.3224904,39.24
國1,M,350200,350K+200,22.78168638,120.3228066,39.32
國1,M,350300,350K+300,22.78083225,120.3231227,39.4
國1,M,350400,350K+400,22.77997812,120.3234389,39.49
國1,M,350500,350K+500,22.77912399,120.3237551,39.57
國1,M,350600,350K+600,22.77826986,120.3240712,39.65
國1,M,350700,350K+700,22.77741573,120.3243874,39.73
國1,M,350800,350K+800,22.7765616,120.3247036,39.82
國1,M,350900,350K+900,22.77570747,120.3250197,39.9
國1,M,351000,351K+000,22.77485333,120.3253359,39.98
國1,M,351100,351K+100,22.7739992,120.325652,40.06
國1,M,351200,351K+200,22.77314506,120.3259681,40.15
國1,M,351300,351K+300,22.77229093,120.3262843,40.23
國1,M,351400,351K+400,22.77143679,120.3266004,40.31
國1,M,351500,351K+500,22.77058265,120.3269165,40.4
國1,M,351600,351K+600,22.76973073,120.3272395,40.28
國1,M,351700,351K+700,22.76888024,120.3275668,40.15
國1,M,351800,351K+800,22.7680359,120.3279121,40.54
國1,M,351900,351K+900,22.76719376,120.3282635,41.15
國1,M,352000,352K+000,22.76635645,120.3286281,42.24
國1,M,352100,352K+100,22.76552203,120.3290001,43.38
國1,M,352200,352K+200,22.7646935,120.3293872,44.63
國1,M,352300,352K+300,22.76386727,120.3297801,45.18
國1,M,352400,352K+400,22.76304306,120.330178,45.11
國1,M,352500,352K+500,22.76221884,120.3305759,45.04
國1,M,352600,352K+600,22.76139462,120.3309738,44.97
國1,M,352700,352K+700,22.76057041,120.3313717,44.9
國1,M,352800,352K+800,22.75974345,120.3317629,44.55
國1,M,352900,352K+900,22.75890752,120.3321311,43.95
國1,M,353000,353K+000,22.75806397,120.3324785,43.32
國1,M,353100,353K+100,22.757211,120.332798,42.65
國1,M,353200,353K+200,22.75635134,120.3330959,42.15
國1,M,353300,353K+300,22.75548448,120.3333685,41.79
國1,M,353400,353K+400,22.75461156,120.3336176,41.5
國1,M,353500,353K+500,22.75373206,120.3338382,41.36
國1,M,353600,353K+600,22.75284814,120.3340372,41.33
國1,M,353700,353K+700,22.7519596,120.3342106,41.33
國1,M,353800,353K+800,22.75106732,120.3343599,41.25
國1,M,353900,353K+900,22.75017178,120.334485,41.14
國1,M,354000,354K+000,22.74927342,120.3345837,41.05
國1,M,354100,354K+100,22.7483729,120.3346558,40.96
國1,M,354200,354K+200,22.74747082,120.3346996,40.85
國1,M,354300,354K+300,22.74656802,120.3347201,40.68
國1,M,354400,354K+400,22.74566498,120.3347152,40.59
國1,M,354500,354K+500,22.74476225,120.3346905,40.46
國1,M,354600,354K+600,22.74385956,120.334663,40.33
國1,M,354700,354K+700,22.74295695,120.3346327,40.75
國1,M,354800,354K+800,22.74205435,120.3346023,41.19
國1,M,354900,354K+900,22.74115175,120.3345719,41.64
國1,M,355000,355K+000,22.74024915,120.3345415,42.09
國1,M,355100,355K+100,22.73934655,120.3345111,42.54
國1,M,355200,355K+200,22.73844395,120.3344807,42.98
國1,M,355300,355K+300,22.73754134,120.3344503,43.43
國1,M,355400,355K+400,22.73663874,120.3344199,43.88
國1,M,355500,355K+500,22.73573614,120.3343895,44.33
國1,M,355600,355K+600,22.73483354,120.3343591,44.77
國1,M,355700,355K+700,22.73393094,120.3343287,45.22
國1,M,355800,355K+800,22.73302833,120.3342983,45.67
國1,M,355900,355K+900,22.73212573,120.3342679,46.12
國1,M,356000,356K+000,22.73122313,120.3342375,46.56
國1,M,356100,356K+100,22.73032124,120.3341892,46.73
國1,M,356200,356K+200,22.72942113,120.3341112,46.56
國1,M,356300,356K+300,22.72852282,120.3340119,46.48
國1,M,356400,356K+400,22.72762697,120.3338895,46.24
國1,M,356500,356K+500,22.72673449,120.3337412,45.99
國1,M,356600,356K+600,22.72584556,120.3335699,45.65
國1,M,356700,356K+700,22.7249607,120.3333756,45.38
國1,M,356800,356K+800,22.72407946,120.3331629,45.09
國1,M,356900,356K+900,22.72319831,120.3329499,44.81
國1,M,357000,357K+000,22.72231716,120.3327368,44.53
國1,M,357100,357K+100,22.72143601,120.3325237,44.24
國1,M,357200,357K+200,22.72055486,120.3323107,43.96
國1,M,357300,357K+300,22.71967315,120.3321004,43.34
國1,M,357400,357K+400,22.71879138,120.3318904,42.68
國1,M,357500,357K+500,22.7179096,120.3316804,42.02
國1,M,357600,357K+600,22.71702871,120.3314663,41.1
國1,M,357700,357K+700,22.71614813,120.3312507,40.08
國1,M,357800,357K+800,22.71526754,120.3310352,39.07
國1,M,357900,357K+900,22.71438696,120.3308196,38.05
國1,M,358000,358K+000,22.71350607,120.3306054,37.92
國1,M,358100,358K+100,22.71262505,120.3303916,38.13
國1,M,358200,358K+200,22.71174404,120.3301779,38.35
國1,M,358300,358K+300,22.71086302,120.3299642,38.56
國1,M,358400,358K+400,22.70998201,120.3297505,38.77
國1,M,358500,358K+500,22.70910099,120.3295368,38.99
國1,M,358600,358K+600,22.70821998,120.329323,39.2
國1,M,358700,358K+700,22.70733896,120.3291093,39.41
國1,M,358800,358K+800,22.70645794,120.3288956,39.63
國1,M,358900,358K+900,22.70557693,120.3286819,39.84
國1,M,359000,359K+000,22.70469591,120.3284682,40.06
國1,M,359100,359K+100,22.7038134,120.3282619,40.45
國1,M,359200,359K+200,22.70292544,120.3280848,40.86
國1,M,359300,359K+300,22.70203981,120.327895,41.3
國1,M,359400,359K+400,22.70114608,120.3277568,41.74
國1,M,359500,359K+500,22.7002492,120.3276439,41.98
國1,M,359600,359K+600,22.69934986,120.3275565,41.82
國1,M,359700,359K+700,22.6984488,120.3274931,41.23
國1,M,359800,359K+800,22.69754657,120.3274535,40.46
國1,M,359900,359K+900,22.69664368,120.3274376,39.83
國1,M,360000,360K+000,22.69574083,120.3274423,39.23
國1,M,360100,360K+100,22.69483931,120.3274983,38.68
國1,M,360200,360K+200,22.69393854,120.3275674,38.46
國1,M,360300,360K+300,22.69303777,120.3276366,38.24
國1,M,360400,360K+400,22.69213699,120.3277057,38.02
國1,M,360500,360K+500,22.69123622,120.3277748,37.8
國1,M,360600,360K+600,22.69033545,120.3278439,37.58
國1,M,360700,360K+700,22.68943468,120.3279131,37.36
國1,M,360800,360K+800,22.6885339,120.3279822,37.14
國1,M,360900,360K+900,22.68763313,120.3280513,36.92
國1,M,361000,361K+000,22.68673236,120.3281204,36.7
國1,M,361100,361K+100,22.68583158,120.3281895,36.48
國1,M,361200,361K+200,22.68493081,120.3282587,36.27
國1,M,361300,361K+300,22.68403004,120.3283278,36.05
國1,M,361400,361K+400,22.68312922,120.3283963,35.81
國1,M,361500,361K+500,22.68222839,120.3284645,35.57
國1,M,361600,361K+600,22.68132755,120.3285327,35.34
國1,M,361700,361K+700,22.68042672,120.3286009,35.1
國1,M,361800,361K+800,22.67952589,120.3286691,34.86
國1,M,361900,361K+900,22.67862506,120.3287373,34.62
國1,M,362000,362K+000,22.67772422,120.3288055,34.38
國1,M,362100,362K+100,22.67682339,120.3288738,34.14
國1,M,362200,362K+200,22.67592255,120.328942,33.9
國1,M,362300,362K+300,22.67502172,120.3290102,33.66
國1,M,362400,362K+400,22.67412089,120.3290784,33.42
國1,M,362500,362K+500,22.67322015,120.329148,33.3
國1,M,362600,362K+600,22.6723196,120.3292205,33.45
國1,M,362700,362K+700,22.67141874,120.3292884,33.58
國1,M,362800,362K+800,22.67051785,120.3293557,33.7
國1,M,362900,362K+900,22.66961695,120.329423,33.83
國1,M,363000,363K+000,22.66871606,120.3294903,33.96
國1,M,363100,363K+100,22.66781534,120.3295602,33.89
國1,M,363200,363K+200,22.66691479,120.3296327,33.67
國1,M,363300,363K+300,22.66601531,120.3297186,33.38
國1,M,363400,363K+400,22.66511962,120.3298413,33.05
國1,M,363500,363K+500,22.66422962,120.3300051,32.87
國1,M,363600,363K+600,22.66334853,120.3302179,33.08
國1,M,363700,363K+700,22.66247824,120.3304772,33.62
國1,M,363800,363K+800,22.6616227,120.3307881,34.45
國1,M,363900,363K+900,22.66077949,120.3311358,35.54
國1,M,364000,364K+000,22.65995476,120.3315318,36.52
國1,M,364100,364K+100,22.65914128,120.3319543,37.03
國1,M,364200,364K+200,22.65833024,120.3323822,37.35
國1,M,364300,364K+300,22.6575192,120.3328101,37.67
國1,M,364400,364K+400,22.65670113,120.3332221,37.99
國1,M,364500,364K+500,22.65587446,120.3336137,38.25
國1,M,364600,364K+600,22.65504043,120.3339867,38.45
國1,M,364700,364K+700,22.65419836,120.3343382,38.52
國1,M,364800,364K+800,22.65334977,120.3346708,38.66
國1,M,364900,364K+900,22.65249477,120.3349838,38.87
國1,M,365000,365K+000,22.65163402,120.3352779,39.12
國1,M,365100,365K+100,22.65076726,120.3355507,39.33
國1,M,365200,365K+200,22.64989561,120.3358049,39.46
國1,M,365300,365K+300,22.64901916,120.3360393,39.56
國1,M,365400,365K+400,22.64813805,120.3362525,39.53
國1,M,365500,365K+500,22.64725247,120.3364429,39.69
國1,M,365600,365K+600,22.64636303,120.3366112,39.82
國1,M,365700,365K+700,22.64547068,120.3367602,39.87
國1,M,365800,365K+800,22.64457553,120.3368882,39.79
國1,M,365900,365K+900,22.64367812,120.3369964,39.65
國1,M,366000,366K+000,22.64277873,120.3370838,39.28
國1,M,366100,366K+100,22.64187789,120.3371515,38.86
國1,M,366200,366K+200,22.64097572,120.3371934,38.54
國1,M,366300,366K+300,22.64007291,120.337215,38.63
國1,M,366400,366K+400,22.6391699,120.3372168,38.87
國1,M,366500,366K+500,22.63826706,120.3371981,39.05
國1,M,366600,366K+600,22.6373649,120.337156,39.42
國1,M,366700,366K+700,22.63646367,120.3370956,39.85
國1,M,366800,366K+800,22.63556394,120.3370127,40.1
國1,M,366900,366K+900,22.63466563,120.336913,40.01
國1,M,367000,367K+000,22.6337676,120.3368105,39.86
國1,M,367100,367K+100,22.63286975,120.3367062,39.69
國1,M,367200,367K+200,22.63197189,120.3366019,39.51
國1,M,367300,367K+300,22.63107403,120.3364976,39.34
國1,M,367400,367K+400,22.63017596,120.3363955,39.16
國1,M,367500,367K+500,22.62927691,120.336304,38.97
國1,M,367600,367K+600,22.62837592,120.336239,38.8
國1,M,367700,367K+700,22.62747378,120.3361961,38.65
國1,M,367800,367K+800,22.62657092,120.3361764,38.45
國1,M,367900,367K+900,22.62566791,120.3361828,38.26
國1,M,368000,368K+000,22.6247654,120.336216,38.09
國1,M,368100,368K+100,22.62386335,120.3362615,37.89
國1,M,368200,368K+200,22.62296236,120.3363267,37.73
國1,M,368300,368K+300,22.62206235,120.3364065,37.61
國1,M,368400,368K+400,22.62116368,120.3365019,37.55
國1,M,368500,368K+500,22.62026668,120.3366142,37.55
國1,M,368600,368K+600,22.6193715,120.3367422,37.61
國1,M,368700,368K+700,22.61847833,120.3368856,37.71
國1,M,368800,368K+800,22.61758752,120.3370452,37.81
國1,M,368900,368K+900,22.61669952,120.3372219,37.92
國1,M,369000,369K+000,22.61581399,120.3374125,38.02
國1,M,369100,369K+100,22.61493197,120.3376212,38.13
國1,M,369200,369K+200,22.61405314,120.337845,38.18
國1,M,369300,369K+300,22.61318147,120.3380991,38.3
國1,M,369400,369K+400,22.61231586,120.3383762,38.41
國1,M,369500,369K+500,22.61145798,120.3386799,38.55
國1,M,369600,369K+600,22.61060774,120.3390077,38.29
國1,M,369700,369K+700,22.60976673,120.339362,38.41
國1,M,369800,369K+800,22.60893527,120.3397415,38.5
國1,M,369900,369K+900,22.60811424,120.3401465,38.6
國1,M,370000,370K+000,22.60730302,120.3405737,38.71
國1,M,370100,370K+100,22.60650178,120.3410223,38.8
國1,M,370200,370K+200,22.60570117,120.3414723,38.88
國1,M,370300,370K+300,22.60488464,120.341887,38.99
國1,M,370400,370K+400,22.60403028,120.3421995,39.07
國1,M,370500,370K+500,22.60314438,120.3423837,39.06
國1,M,370600,370K+600,22.60224311,120.3424279,38.94
國1,M,370700,370K+700,22.60134494,120.3423331,38.72
國1,M,370800,370K+800,22.60046811,120.3421039,38.51
國1,M,370900,370K+900,22.59962713,120.341751,38.28
國1,M,371000,371K+000,22.59881966,120.3413162,37.9
國1,M,371100,371K+100,22.59803696,120.3408312,37.56
國1,M,371200,371K+200,22.59727144,120.3403154,37.11
國1,M,371300,371K+300,22.59651518,120.3397839,36.54
國1,M,371400,371K+400,22.59577086,120.3392332,35.93
國1,M,371500,371K+500,22.59503929,120.3386631,35.22
國1,M,371600,371K+600,22.59431914,120.3380764,34.41
國1,M,371700,371K+700,22.5936099,120.3374746,33.61
國1,M,371800,371K+800,22.59291116,120.3368586,32.86
國1,M,371900,371K+900,22.59222724,120.3362236,32.07
國1,M,372000,372K+000,22.59155726,120.3355715,31.33
國1,M,372100,372K+100,22.59090145,120.334903,30.72
國1,M,372200,372K+200,22.5902616,120.3342167,30.4
國1,M,372300,372K+300,22.58963227,120.3335194,30.22
國1,M,372400,372K+400,22.58901605,120.3328085,30.2
國1,M,372500,372K+500,22.58841868,120.3320792,30.18
國1,M,372600,372K+600,22.58783429,120.3313378,30.16
國1,M,372700,372K+700,22.58726215,120.3305854,30.21
國1,M,372800,372K+800,22.58670659,120.3298188,29.89
國1,M,372900,372K+900,22.58615882,120.3290456,29.36
國1,M,373000,373K+000,22.58561296,120.3282709,28.77
國1,M,373100,373K+100,22.58506616,120.3274971,29.02
國1,M,373200,373K+200,22.58451721,120.3267252,31.19
國1,M,373300,373K+300,22.58396826,120.3259533,33.35
國1,M,373400,373K+400,22.58342216,120.325179,34.84
國1,M,373500,373K+500,22.58288866,120.3243945,33.37
國1,M,373600,373K+600,22.58234954,120.3236145,34.0
國1,M,373700,373K+700,22.58180072,120.3228423,34.58
國1,M,373800,373K+800,22.58125091,120.3220708,35.05
國1,M,373900,373K+900,22.5807011,120.3212994,35.52
國1,M,374000,374K+000,22.58015128,120.3205279,35.99
國1,M,374100,374K+100,22.57960146,120.3197565,36.47
國1,M,374200,374K+200,22.57905164,120.3189851,36.94
國1,M,374300,374K+300,22.57850593,120.3182103,37.0
國1,M,374400,374K+400,22.57796036,120.3174354,37.04
國2,M,0,000K+000,25.06573868,121.2175738,51.38
國2,M,100,000K+100,25.06514945,121.2168228,51.61
國2,M,200,000K+200,25.06456022,121.2160718,51.84
國2,M,300,000K+300,25.06396454,121.2153271,52.11
國2,M,400,000K+400,25.06331683,121.2146373,52.27
國2,M,500,000K+500,25.06258788,121.2140548,52.38
國2,M,600,000K+600,25.06178255,121.2136099,52.42
國2,M,700,000K+700,25.06091912,121.2133252,52.35
國2,M,800,000K+800,25.06002585,121.2131931,52.26
國2,M,900,000K+900,25.05912491,121.2132288,52.2
國2,M,1000,001K+000,25.05823852,121.2134126,52.63
國2,M,1100,001K+100,25.05737441,121.2136986,53.57
國2,M,1200,001K+200,25.05653175,121.2140538,54.62
國2,M,1300,001K+300,25.05569725,121.2144319,55.58
國2,M,1400,001K+400,25.05486121,121.2148041,56.68
國2,M,1500,001K+500,25.05402871,121.2151875,57.75
國2,M,1600,001K+600,25.05319621,121.2155709,58.82
國2,M,1700,001K+700,25.05236371,121.2159542,59.89
國2,M,1800,001K+800,25.05153019,121.2163349,60.96
國2,M,1900,001K+900,25.05069645,121.216715,62.03
國2,M,2000,002K+000,25.0498627,121.217095,63.1
國2,M,2100,002K+100,25.04902986,121.2174775,64.17
國2,M,2200,002K+200,25.04819743,121.217861,65.25
國2,M,2300,002K+300,25.04736501,121.2182445,66.33
國2,M,2400,002K+400,25.04654212,121.2186444,67.33
國2,M,2500,002K+500,25.04571056,121.2190302,68.33
國2,M,2600,002K+600,25.04487899,121.219416,69.33
國2,M,2700,002K+700,25.044054,121.2198183,69.93
國2,M,2800,002K+800,25.0432423,121.220252,70.2
國2,M,2900,002K+900,25.042455,121.2207364,70.18
國2,M,3000,003K+000,25.04169983,121.2212789,69.93
國2,M,3100,003K+100,25.04099082,121.2218915,69.8
國2,M,3200,003K+200,25.04033388,121.2225706,69.83
國2,M,3300,003K+300,25.03974045,121.2233169,70.07
國2,M,3400,003K+400,25.03920288,121.2241125,70.51
國2,M,3500,003K+500,25.03873873,121.2249623,71.07
國2,M,3600,003K+600,25.03834301,121.2258527,71.66
國2,M,3700,003K+700,25.0380042,121.226771,72.26
國2,M,3800,003K+800,25.03770401,121.2277055,72.86
國2,M,3900,003K+900,25.03743631,121.2286518,73.38
國2,M,4000,004K+000,25.03717806,121.2296014,74.11
國2,M,4100,004K+100,25.03692378,121.2305522,75.07
國2,M,4200,004K+200,25.0366695,121.231503,76.02
國2,M,4300,004K+300,25.03641521,121.2324538,76.97
國2,M,4400,004K+400,25.03616091,121.2334046,77.92
國2,M,4500,004K+500,25.03590661,121.2343554,78.88
國2,M,4600,004K+600,25.03565231,121.2353062,79.83
國2,M,4700,004K+700,25.0353977,121.2362569,80.75
國2,M,4800,004K+800,25.03513824,121.237206,81.13
國2,M,4900,004K+900,25.03485825,121.2381481,81.46
國2,M,5000,005K+000,25.03453941,121.239075,81.76
國2,M,5100,005K+100,25.03418357,121.2399856,82.06
國2,M,5200,005K+200,25.03378338,121.2408736,82.35
國2,M,5300,005K+300,25.03335275,121.2417445,82.61
國2,M,5400,005K+400,25.03290017,121.2426019,83.04
國2,M,5500,005K+500,25.03244539,121.2434579,83.52
國2,M,5600,005K+600,25.0319906,121.244314,84.0
國2,M,5700,005K+700,25.03153581,121.24517,84.47
國2,M,5800,005K+800,25.03108101,121.246026,84.95
國2,M,5900,005K+900,25.03062621,121.246882,85.42
國2,M,6000,006K+000,25.0301714,121.247738,85.9
國2,M,6100,006K+100,25.02971659,121.2485939,86.37
國2,M,6200,006K+200,25.02926654,121.2494529,86.91
國2,M,6300,006K+300,25.02882897,121.2503196,87.43
國2,M,6400,006K+400,25.02843053,121.2512084,87.87
國2,M,6500,006K+500,25.02809475,121.2521278,88.31
國2,M,6600,006K+600,25.02782757,121.2530741,88.75
國2,M,6700,006K+700,25.02763636,121.2540422,89.19
國2,M,6800,006K+800,25.02751744,121.2550241,89.62
國2,M,6900,006K+900,25.02746014,121.2560128,90.06
國2,M,7000,007K+000,25.02745137,121.2570035,90.57
國2,M,7100,007K+100,25.02747336,121.2579941,91.3
國2,M,7200,007K+200,25.0275108,121.2589841,92.15
國2,M,7300,007K+300,25.02754883,121.2599741,93.01
國2,M,7400,007K+400,25.02757347,121.2609645,94.03
國2,M,7500,007K+500,25.02756249,121.2619551,95.77
國2,M,7600,007K+600,25.02750519,121.2629437,97.46
國2,M,7700,007K+700,25.02738049,121.2639245,98.15
國2,M,7800,007K+800,25.02718061,121.2648902,97.84
國2,M,7900,007K+900,25.02688867,121.2658273,97.02
國2,M,8000,008K+000,25.02650357,121.2667228,96.55
國2,M,8100,008K+100,25.02603001,121.2675657,96.14
國2,M,8200,008K+200,25.02547613,121.2683474,95.89
國2,M,8300,008K+300,25.02484406,121.269054,96.07
國2,M,8400,008K+400,25.02414784,121.2696839,96.68
國2,M,8500,008K+500,25.02341044,121.2702551,97.64
國2,M,8600,008K+600,25.02265335,121.2707946,99.31
國2,M,8700,008K+700,25.02189445,121.271331,101.19
國2,M,8800,008K+800,25.02113556,121.2718674,103.08
國2,M,8900,008K+900,25.02037666,121.2724038,104.96
國2,M,9000,009K+000,25.01961776,121.2729402,106.85
國2,M,9100,009K+100,25.01885886,121.2734766,108.73
國2,M,9200,009K+200,25.01810096,121.2740147,110.35
國2,M,9300,009K+300,25.01735063,121.2745657,109.98
國2,M,9400,009K+400,25.01660119,121.2751182,109.52
國2,M,9500,009K+500,25.01585959,121.2756832,108.68
國2,M,9600,009K+600,25.0151233,121.2762565,108.22
國2,M,9700,009K+700,25.01439369,121.2768401,108.52
國2,M,9800,009K+800,25.01366848,121.2774301,109.26
國2,M,9900,009K+900,25.01294931,121.2780289,110.59
國2,M,10000,010K+000,25.01223014,121.2786277,111.93
國2,M,10100,010K+100,25.01150549,121.2792184,113.39
國2,M,10200,010K+200,25.01076396,121.2797832,114.99
國2,M,10300,010K+300,25.01000313,121.2803161,116.5
國2,M,10400,010K+400,25.00921981,121.2808084,117.54
國2,M,10500,010K+500,25.00841666,121.2812607,117.66
國2,M,10600,010K+600,25.00759699,121.2816757,116.93
國2,M,10700,010K+700,25.00675967,121.2820458,116.01
國2,M,10800,010K+800,25.00590771,121.2823732,115.61
國2,M,10900,010K+900,25.00504377,121.2826603,115.66
國2,M,11000,011K+000,25.00416943,121.2829067,116.21
國2,M,11100,011K+100,25.00328506,121.2831054,117.26
國2,M,11200,011K+200,25.00239335,121.283259,118.51
國2,M,11300,011K+300,25.00149615,121.2833679,119.81
國2,M,11400,011K+400,25.00059548,121.283434,121.04
國2,M,11500,011K+500,24.99969303,121.2834559,122.15
國2,M,11600,011K+600,24.99879061,121.2834307,123.2
國2,M,11700,011K+700,24.99789024,121.2833604,124.08
國2,M,11800,011K+800,24.99699321,121.2832494,124.91
國2,M,11900,011K+900,24.99610237,121.283089,125.62
國2,M,12000,012K+000,24.99521588,121.2829018,126.32
國2,M,12100,012K+100,24.99433394,121.2826902,127.0
國2,M,12200,012K+200,24.99345284,121.2824742,127.67
國2,M,12300,012K+300,24.99257097,121.2822622,128.33
國2,M,12400,012K+400,24.99168676,121.2820624,129.0
國2,M,12500,012K+500,24.99079728,121.2818934,129.67
國2,M,12600,012K+600,24.98990222,121.2817648,130.33
國2,M,12700,012K+700,24.98900263,121.2816837,130.99
國2,M,12800,012K+800,24.9881002,121.2816728,131.66
國2,M,12900,012K+900,24.98719889,121.2817251,132.31
國2,M,13000,013K+000,24.98630404,121.2818542,132.98
國2,M,13100,013K+100,24.98541957,121.2820511,133.84
國2,M,13200,013K+200,24.98454988,121.282316,135.02
國2,M,13300,013K+300,24.98369972,121.2826483,136.29
國2,M,13400,013K+400,24.98287368,121.2830473,137.36
國2,M,13500,013K+500,24.98207603,121.2835107,138.26
國2,M,13600,013K+600,24.98131023,121.2840347,138.99
國2,M,13700,013K+700,24.9805801,121.2846166,139.54
國2,M,13800,013K+800,24.97989006,121.2852548,139.9
國2,M,13900,013K+900,24.97924131,121.2859433,140.08
國2,M,14000,014K+000,24.97864138,121.2866831,140.07
國2,M,14100,014K+100,24.97808991,121.2874669,139.99
國2,M,14200,014K+200,24.97759234,121.2882931,139.89
國2,M,14300,014K+300,24.97714801,121.2891551,139.82
國2,M,14400,014K+400,24.97676149,121.2900499,139.72
國2,M,14500,014K+500,24.97643648,121.2909737,139.62
國2,M,14600,014K+600,24.97616355,121.2919177,139.54
國2,M,14700,014K+700,24.97593809,121.2928766,139.45
國2,M,14800,014K+800,24.97574617,121.2938444,139.35
國2,M,14900,014K+900,24.97557733,121.2948173,139.26
國2,M,15000,015K+000,24.97542315,121.2957932,139.29
國2,M,15100,015K+100,24.97527293,121.2967699,139.42
國2,M,15200,015K+200,24.9751227,121.2977466,139.55
國2,M,15300,015K+300,24.97497247,121.2987232,139.68
國2,M,15400,015K+400,24.97482223,121.2996999,139.8
國2,M,15500,015K+500,24.97467198,121.3006766,139.93
國2,M,15600,015K+600,24.97452173,121.3016532,140.06
國2,M,15700,015K+700,24.97437147,121.3026299,140.19
國2,M,15800,015K+800,24.9742212,121.3036065,140.32
國2,M,15900,015K+900,24.97407093,121.3045832,140.44
國2,M,16000,016K+000,24.97391842,121.3055594,140.64
國2,M,16100,016K+100,24.97375935,121.3065344,140.78
國2,M,16200,016K+200,24.97358109,121.3075053,140.75
國2,M,16300,016K+300,24.97337974,121.3084707,140.61
國2,M,16400,016K+400,24.9731497,121.3094284,140.37
國2,M,16500,016K+500,24.9728865,121.3103758,140.0
國2,M,16600,016K+600,24.97259921,121.3113146,139.54
國2,M,16700,016K+700,24.97228328,121.3122424,139.01
國2,M,16800,016K+800,24.97193688,121.313157,138.69
國2,M,16900,016K+900,24.97156314,121.3140585,138.6
國2,M,17000,017K+000,24.97116464,121.3149471,138.74
國2,M,17100,017K+100,24.97073763,121.3158197,139.07
國2,M,17200,017K+200,24.97028323,121.3166754,139.37
國2,M,17300,017K+300,24.96980561,121.3175158,139.46
國2,M,17400,017K+400,24.96930222,121.3183379,139.26
國2,M,17500,017K+500,24.9687698,121.3191377,138.88
國2,M,17600,017K+600,24.96820653,121.3199115,138.75
國2,M,17700,017K+700,24.96760571,121.3206504,138.97
國2,M,17800,017K+800,24.96696383,121.3213465,139.58
國2,M,17900,017K+900,24.96627203,121.3219825,140.41
國2,M,18000,018K+000,24.96554284,121.3225658,141.05
國2,M,18100,018K+100,24.96477196,121.3230808,141.38
國2,M,18200,018K+200,24.9639685,121.3235317,141.37
國2,M,18300,018K+300,24.96313502,121.3239113,141.08
國2,M,18400,018K+400,24.96227995,121.3242283,140.5
國2,M,18500,018K+500,24.9614076,121.3244827,139.62
國2,M,18600,018K+600,24.96052517,121.3246912,138.41
國2,M,18700,018K+700,24.9596344,121.3248511,136.96
國2,M,18800,018K+800,24.9587383,121.3249698,135.52
國2,M,18900,018K+900,24.95783833,121.3250465,134.23
國2,M,19000,019K+000,24.95693599,121.3250745,133.12
國2,M,19100,019K+100,24.95603329,121.325066,132.24
國2,M,19200,019K+200,24.95513112,121.3250302,131.54
國2,M,19300,019K+300,24.95423004,121.3249689,131.05
國2,M,19400,019K+400,24.95333009,121.3248901,130.65
國2,M,19500,019K+500,24.95243066,121.324805,129.77
國2,M,19600,019K+600,24.95153173,121.3247142,128.31
國2,M,19700,019K+700,24.9506328,121.3246234,126.84
國2,M,19800,019K+800,24.94973387,121.3245325,125.37
國2,M,19900,019K+900,24.94883494,121.3244417,123.9
國2,M,20000,020K+000,24.947936,121.3243509,122.43
國2,M,20100,020K+100,24.94703707,121.3242601,120.96
國2,M,20200,020K+200,24.94613814,121.3241693,119.5
國2,M,20300,020K+300,24.94523921,121.3240785,118.03
國2,M,20347,020K+347,24.94481951,121.3240361,117.34
國3,M,0,000K+000,25.13971205,121.714681,81.37
國3,M,100,000K+100,25.13921512,121.7138534,83.78
國3,M,200,000K+200,25.13872396,121.7130217,86.17
國3,M,300,000K+300,25.13825816,121.7121726,88.46
國3,M,400,000K+400,25.13783463,121.7112972,90.7
國3,M,500,000K+500,25.13745138,121.7103997,92.8
國3,M,600,000K+600,25.13711057,121.7094819,94.79
國3,M,700,000K+700,25.13682213,121.7085425,96.42
國3,M,800,000K+800,25.13654521,121.7075986,97.78
國3,M,900,000K+900,25.13626828,121.7066548,99.13
國3,M,1000,001K+000,25.13597146,121.7057183,100.26
國3,M,1100,001K+100,25.13563617,121.7047978,101.4
國3,M,1200,001K+200,25.13524404,121.7039049,102.54
國3,M,1300,001K+300,25.13478353,121.7030525,103.69
國3,M,1400,001K+400,25.13426317,121.7022428,104.86
國3,M,1500,001K+500,25.13368313,121.7014835,106.02
國3,M,1600,001K+600,25.13304853,121.7007787,107.2
國3,M,1700,001K+700,25.13235992,121.7001379,108.38
國3,M,1800,001K+800,25.13162573,121.6995618,109.55
國3,M,1900,001K+900,25.13085186,121.6990521,110.73
國3,M,2000,002K+000,25.13004551,121.6986069,111.95
國3,M,2100,002K+100,25.1292029,121.6982521,113.18
國3,M,2200,002K+200,25.12833809,121.6979686,114.52
國3,M,2300,002K+300,25.12745718,121.6977533,115.87
國3,M,2400,002K+400,25.12656657,121.6975921,117.14
國3,M,2500,002K+500,25.1256724,121.6974562,118.42
國3,M,2600,002K+600,25.12477823,121.6973203,119.71
國3,M,2700,002K+700,25.12388741,121.6971605,120.94
國3,M,2800,002K+800,25.12300357,121.6969601,122.2
國3,M,2900,002K+900,25.12213563,121.6966887,123.33
國3,M,3000,003K+000,25.12128938,121.6963443,124.12
國3,M,3100,003K+100,25.12047238,121.6959233,124.56
國3,M,3200,003K+200,25.11969074,121.6954279,124.69
國3,M,3300,003K+300,25.11894988,121.6948619,124.38
國3,M,3400,003K+400,25.11825217,121.6942333,123.84
國3,M,3500,003K+500,25.11760658,121.6935407,122.84
國3,M,3600,003K+600,25.11701577,121.6927914,121.62
國3,M,3700,003K+700,25.1164792,121.6919945,120.0
國3,M,3800,003K+800,25.11596966,121.6911762,118.09
國3,M,3900,003K+900,25.11546061,121.6903576,116.2
國3,M,4000,004K+000,25.11492659,121.6895585,114.3
國3,M,4100,004K+100,25.11434669,121.6887992,112.36
國3,M,4200,004K+200,25.11372433,121.6880816,110.41
國3,M,4300,004K+300,25.11305508,121.6874168,108.52
國3,M,4400,004K+400,25.11235027,121.6867979,106.71
國3,M,4500,004K+500,25.11161096,121.6862298,104.89
國3,M,4600,004K+600,25.1108351,121.6857237,103.04
國3,M,4700,004K+700,25.11003383,121.6852678,101.15
國3,M,4800,004K+800,25.10921882,121.6848418,99.21
國3,M,4900,004K+900,25.10840326,121.6844171,97.26
國3,M,5000,005K+000,25.10758921,121.6839888,95.44
國3,M,5100,005K+100,25.10677694,121.6835565,93.76
國3,M,5200,005K+200,25.10597407,121.6831036,92.18
國3,M,5300,005K+300,25.10518592,121.6826204,91.09
國3,M,5400,005K+400,25.1044233,121.6820902,90.55
國3,M,5500,005K+500,25.10369065,121.6815114,90.63
國3,M,5600,005K+600,25.10300182,121.6808712,91.34
國3,M,5700,005K+700,25.10235982,121.6801748,92.67
國3,M,5800,005K+800,25.10176682,121.6794278,94.17
國3,M,5900,005K+900,25.10122745,121.6786334,95.14
國3,M,6000,006K+000,25.10074373,121.6777967,95.45
國3,M,6100,006K+100,25.1003219,121.6769206,95.06
國3,M,6200,006K+200,25.09995841,121.6760134,94.05
國3,M,6300,006K+300,25.09965161,121.6750812,92.68
國3,M,6400,006K+400,25.09938007,121.6741358,91.3
國3,M,6500,006K+500,25.09912322,121.6731854,89.89
國3,M,6600,006K+600,25.0988582,121.6722378,88.52
國3,M,6700,006K+700,25.09856829,121.671299,87.13
國3,M,6800,006K+800,25.09823203,121.6703794,85.8
國3,M,6900,006K+900,25.09784353,121.6694848,84.44
國3,M,7000,007K+000,25.09739546,121.6686246,83.14
國3,M,7100,007K+100,25.09689873,121.6677972,81.97
國3,M,7200,007K+200,25.09635129,121.6670092,81.15
國3,M,7300,007K+300,25.09575488,121.6662652,80.65
國3,M,7400,007K+400,25.09513031,121.6655494,80.49
國3,M,7500,007K+500,25.09450532,121.6648341,80.43
國3,M,7600,007K+600,25.09390148,121.6640972,80.74
國3,M,7700,007K+700,25.09335313,121.6633102,80.89
國3,M,7800,007K+800,25.09287418,121.6624705,80.84
國3,M,7900,007K+900,25.09247434,121.6615822,80.54
國3,M,8000,008K+000,25.0921568,121.6606549,80.01
國3,M,8100,008K+100,25.09191331,121.6597005,79.19
國3,M,8200,008K+200,25.09170477,121.6587361,78.01
國3,M,8300,008K+300,25.09149653,121.6577715,76.77
國3,M,8400,008K+400,25.09126212,121.6568144,75.48
國3,M,8500,008K+500,25.09096268,121.6558797,74.22
國3,M,8600,008K+600,25.09058908,121.6549779,73.0
國3,M,8700,008K+700,25.09014397,121.654116,71.78
國3,M,8800,008K+800,25.08962604,121.6533046,70.53
國3,M,8900,008K+900,25.08904668,121.6525451,69.36
國3,M,9000,009K+000,25.08840633,121.6518472,68.14
國3,M,9100,009K+100,25.08771076,121.6512159,66.92
國3,M,9200,009K+200,25.08696447,121.6506589,65.71
國3,M,9300,009K+300,25.0861756,121.6501779,64.47
國3,M,9400,009K+400,25.08535094,121.6497758,63.24
國3,M,9500,009K+500,25.08449964,121.649447,62.05
國3,M,9600,009K+600,25.08363628,121.6491577,60.82
國3,M,9700,009K+700,25.08277038,121.6488775,59.54
國3,M,9800,009K+800,25.08190391,121.6485995,58.34
國3,M,9900,009K+900,25.0810359,121.6483272,57.32
國3,M,10000,010K+000,25.08016789,121.6480549,56.29
國3,M,10100,010K+100,25.07929987,121.6477827,55.27
國3,M,10200,010K+200,25.07843186,121.6475104,54.24
國3,M,10300,010K+300,25.07756385,121.6472381,53.22
國3,M,10400,010K+400,25.07669617,121.6469645,52.75
國3,M,10500,010K+500,25.07582876,121.6466897,52.72
國3,M,10600,010K+600,25.07496135,121.646415,52.69
國3,M,10700,010K+700,25.07409394,121.6461403,52.66
國3,M,10800,010K+800,25.07322653,121.6458655,52.63
國3,M,10900,010K+900,25.07235911,121.6455908,52.59
國3,M,11000,011K+000,25.0714917,121.6453161,52.56
國3,M,11100,011K+100,25.07062428,121.6450413,52.53
國3,M,11200,011K+200,25.06975687,121.6447666,52.5
國3,M,11300,011K+300,25.06888945,121.6444919,52.47
國3,M,11400,011K+400,25.06802203,121.6442172,52.44
國3,M,11500,011K+500,25.06715468,121.6439422,52.42
國3,M,11600,011K+600,25.0662889,121.6436614,52.85
國3,M,11700,011K+700,25.06542194,121.6433851,53.32
國3,M,11800,011K+800,25.06455389,121.6431128,53.82
國3,M,11900,011K+900,25.06368584,121.6428406,54.33
國3,M,12000,012K+000,25.06281779,121.6425683,54.83
國3,M,12100,012K+100,25.06195174,121.6422886,55.36
國3,M,12200,012K+200,25.06109122,121.6419893,55.87
國3,M,12300,012K+300,25.06024685,121.6416392,56.22
國3,M,12400,012K+400,25.0594283,121.6412219,56.44
國3,M,12500,012K+500,25.05864304,121.6407338,56.57
國3,M,12600,012K+600,25.05789508,121.6401796,56.64
國3,M,12700,012K+700,25.05719077,121.6395602,56.67
國3,M,12800,012K+800,25.0565325,121.6388826,56.6
國3,M,12900,012K+900,25.05592661,121.6381484,56.51
國3,M,13000,013K+000,25.05537462,121.6373645,56.26
國3,M,13100,013K+100,25.05488308,121.6365335,55.93
國3,M,13200,013K+200,25.05445313,121.6356623,55.54
國3,M,13300,013K+300,25.05407185,121.6347641,55.06
國3,M,13400,013K+400,25.05371958,121.6338516,54.47
國3,M,13500,013K+500,25.05336731,121.6329391,53.88
國3,M,13600,013K+600,25.0529988,121.6320344,53.15
國3,M,13700,013K+700,25.05259135,121.6311503,52.37
國3,M,13800,013K+800,25.0521235,121.6303033,51.69
國3,M,13900,013K+900,25.05159385,121.6295013,51.13
國3,M,14000,014K+000,25.05100675,121.628749,50.7
國3,M,14100,014K+100,25.05036215,121.6280558,50.38
國3,M,14200,014K+200,25.04966946,121.627421,50.23
國3,M,14300,014K+300,25.04892991,121.6268533,50.12
國3,M,14400,014K+400,25.04814903,121.6263566,50.14
國3,M,14500,014K+500,25.04733389,121.6259314,50.44
國3,M,14600,014K+600,25.04648922,121.6255823,50.61
國3,M,14700,014K+700,25.04562061,121.6253133,51.18
國3,M,14800,014K+800,25.0447379,121.6251064,51.7
國3,M,14900,014K+900,25.04384921,121.6249322,52.44
國3,M,15000,015K+000,25.04295967,121.6247633,53.24
國3,M,15100,015K+100,25.04207091,121.6245897,54.09
國3,M,15200,015K+200,25.0411918,121.6243655,55.12
國3,M,15300,015K+300,25.04032859,121.6240768,56.27
國3,M,15400,015K+400,25.03949138,121.6237077,57.53
國3,M,15500,015K+500,25.03868381,121.623266,58.96
國3,M,15600,015K+600,25.03791228,121.6227523,60.51
國3,M,15700,015K+700,25.03718387,121.6221676,62.18
國3,M,15800,015K+800,25.03650322,121.6215174,63.98
國3,M,15900,015K+900,25.03586902,121.6208131,65.99
國3,M,16000,016K+000,25.03529398,121.6200498,68.04
國3,M,16100,016K+100,25.03475993,121.6192514,70.16
國3,M,16200,016K+200,25.03425338,121.6184316,72.32
國3,M,16300,016K+300,25.0337617,121.6176008,74.49
國3,M,16400,016K+400,25.03327467,121.6167668,76.67
國3,M,16500,016K+500,25.03278763,121.6159327,78.85
國3,M,16600,016K+600,25.03230059,121.6150987,81.03
國3,M,16700,016K+700,25.03181355,121.6142646,83.21
國3,M,16800,016K+800,25.03132649,121.6134306,85.39
國3,M,16900,016K+900,25.03083944,121.6125965,87.57
國3,M,17000,017K+000,25.03035238,121.6117625,89.75
國3,M,17100,017K+100,25.02986531,121.6109285,91.93
國3,M,17200,017K+200,25.02937824,121.6100945,94.11
國3,M,17300,017K+300,25.02889116,121.6092605,96.3
國3,M,17400,017K+400,25.02840408,121.6084265,98.48
國3,M,17500,017K+500,25.027917,121.6075925,100.66
國3,M,17600,017K+600,25.02741844,121.6067666,102.51
國3,M,17700,017K+700,25.02690165,121.6059543,104.01
國3,M,17800,017K+800,25.02636361,121.6051589,105.29
國3,M,17900,017K+900,25.02579959,121.6043854,106.14
國3,M,18000,018K+000,25.02520508,121.60364,106.76
國3,M,18100,018K+100,25.02457263,121.6029331,107.11
國3,M,18200,018K+200,25.02390362,121.6022681,107.06
國3,M,18300,018K+300,25.02320483,121.601641,106.77
國3,M,18400,018K+400,25.02247379,121.6010599,106.25
國3,M,18500,018K+500,25.02171461,121.6005243,105.41
國3,M,18600,018K+600,25.02093002,121.6000346,104.31
國3,M,18700,018K+700,25.02012126,121.5995951,102.89
國3,M,18800,018K+800,25.0192907,121.5992076,101.26
國3,M,18900,018K+900,25.01844412,121.5988644,99.47
國3,M,19000,019K+000,25.01758147,121.5985732,97.64
國3,M,19100,019K+100,25.01670986,121.598316,95.78
國3,M,19200,019K+200,25.01583184,121.5980865,93.92
國3,M,19300,019K+300,25.01494937,121.5978784,92.1
國3,M,19400,019K+400,25.01406544,121.5976777,90.3
國3,M,19500,019K+500,25.01318062,121.5974817,88.65
國3,M,19600,019K+600,25.01229579,121.5972857,87.01
國3,M,19700,019K+700,25.01141097,121.5970897,85.37
國3,M,19800,019K+800,25.01052614,121.5968937,83.73
國3,M,19900,019K+900,25.00964131,121.5966977,82.09
國3,M,20000,020K+000,25.00875648,121.5965017,80.45
國3,M,20100,020K+100,25.00787166,121.5963057,78.81
國3,M,20200,020K+200,25.00698683,121.5961097,77.17
國3,M,20300,020K+300,25.00610215,121.5959122,77.16
國3,M,20400,020K+400,25.00521748,121.5957147,77.29
國3,M,20500,020K+500,25.00433281,121.5955172,77.42
國3,M,20600,020K+600,25.00344814,121.5953196,77.54
國3,M,20700,020K+700,25.00256347,121.5951221,77.67
國3,M,20800,020K+800,25.00167881,121.5949246,77.79
國3,M,20900,020K+900,25.00079414,121.594727,77.92
國3,M,21000,021K+000,24.99990947,121.5945295,78.05
國3,M,21100,021K+100,24.9990248,121.594332,78.17
國3,M,21200,021K+200,24.99813965,121.5941376,79.58
國3,M,21300,021K+300,24.99725443,121.5939438,81.21
國3,M,21400,021K+400,24.9963692,121.59375,82.84
國3,M,21500,021K+500,24.99548397,121.5935561,84.47
國3,M,21600,021K+600,24.99459875,121.5933623,86.1
國3,M,21700,021K+700,24.99371355,121.5931683,87.66
國3,M,21800,021K+800,24.99282881,121.5929713,88.37
國3,M,21900,021K+900,24.99194407,121.5927743,89.08
國3,M,22000,022K+000,24.99106355,121.5925562,90.73
國3,M,22100,022K+100,24.99018883,121.5923122,92.36
國3,M,22200,022K+200,24.98932371,121.5920298,93.74
國3,M,22300,022K+300,24.98847087,121.5917054,94.97
國3,M,22400,022K+400,24.98762866,121.5913493,96.16
國3,M,22500,022K+500,24.98680181,121.590952,97.22
國3,M,22600,022K+600,24.98598952,121.59052,98.22
國3,M,22700,022K+700,24.98519777,121.5900444,99.13
國3,M,22800,022K+800,24.98442745,121.589528,100.03
國3,M,22900,022K+900,24.98368142,121.5889706,100.97
國3,M,23000,023K+000,24.98296409,121.5883696,101.89
國3,M,23100,023K+100,24.98227323,121.5877324,102.79
國3,M,23200,023K+200,24.98161155,121.5870588,103.75
國3,M,23300,023K+300,24.98098151,121.5863498,104.69
國3,M,23400,023K+400,24.98038465,121.5856068,105.56
國3,M,23500,023K+500,24.97982548,121.5848294,106.42
國3,M,23600,023K+600,24.97930164,121.5840229,107.28
國3,M,23700,023K+700,24.97881531,121.5831887,108.09
國3,M,23800,023K+800,24.97836477,121.5823306,108.87
國3,M,23900,023K+900,24.97795835,121.5814463,109.47
國3,M,24000,024K+000,24.97759166,121.5805414,109.72
國3,M,24100,024K+100,24.97726561,121.5796179,109.62
國3,M,24200,024K+200,24.97698122,121.5786781,109.2
國3,M,24300,024K+300,24.97674018,121.5777238,108.36
國3,M,24400,024K+400,24.97654172,121.5767578,107.17
國3,M,24500,024K+500,24.9763888,121.5757819,105.64
國3,M,24600,024K+600,24.97628007,121.574799,103.79
國3,M,24700,024K+700,24.97621478,121.5738115,101.62
國3,M,24800,024K+800,24.97619753,121.5728216,99.08
國3,M,24900,024K+900,24.97622443,121.571832,96.43
國3,M,25000,025K+000,24.9762948,121.5708451,93.8
國3,M,25100,025K+100,24.97641036,121.5698633,91.15
國3,M,25200,025K+200,24.97657029,121.5688889,88.38
國3,M,25300,025K+300,24.97676113,121.5679212,85.74
國3,M,25400,025K+400,24.97696138,121.5669557,83.33
國3,M,25500,025K+500,24.97715808,121.5659893,80.96
國3,M,25600,025K+600,24.97731213,121.5650139,78.87
國3,M,25700,025K+700,24.97739517,121.5640281,76.99
國3,M,25800,025K+800,24.97739073,121.5630382,75.34
國3,M,25900,025K+900,24.97730537,121.5620528,74.0
國3,M,26000,026K+000,24.97713789,121.5610801,72.85
國3,M,26100,026K+100,24.97688985,121.5601283,71.92
國3,M,26200,026K+200,24.97657893,121.5591987,71.22
國3,M,26300,026K+300,24.97620431,121.5582979,70.63
國3,M,26400,026K+400,24.97578217,121.5574227,70.22
國3,M,26500,026K+500,24.97531899,121.5565729,69.89
國3,M,26600,026K+600,24.97481498,121.5557518,69.68
國3,M,26700,026K+700,24.97427031,121.5549621,69.58
國3,M,26800,026K+800,24.97368425,121.5542091,69.52
國3,M,26900,026K+900,24.97305972,121.5534941,69.41
國3,M,27000,027K+000,24.97240476,121.5528128,69.16
國3,M,27100,027K+100,24.97172426,121.5521644,68.44
國3,M,27200,027K+200,24.97102292,121.5515412,67.73
國3,M,27300,027K+300,24.97030947,121.5509358,67.43
國3,M,27400,027K+400,24.96958391,121.5503474,67.43
國3,M,27500,027K+500,24.96885149,121.5497703,67.5
國3,M,27600,027K+600,24.96811814,121.5491945,67.58
國3,M,27700,027K+700,24.96738254,121.5486207,67.69
國3,M,27800,027K+800,24.96664623,121.5480481,67.81
國3,M,27900,027K+900,24.96591049,121.5474767,67.97
國3,M,28000,028K+000,24.96517078,121.546914,68.19
國3,M,28100,028K+100,24.96443809,121.5463397,68.35
國3,M,28200,028K+200,24.96370504,121.5457617,68.56
國3,M,28300,028K+300,24.96297264,121.5451828,68.69
國3,M,28400,028K+400,24.96223981,121.5446083,68.88
國3,M,28500,028K+500,24.9615234,121.5440066,68.89
國3,M,28600,028K+600,24.96084436,121.5433544,68.79
國3,M,28700,028K+700,24.96021148,121.5426504,68.6
國3,M,28800,028K+800,24.95965384,121.5418737,68.31
國3,M,28900,028K+900,24.95919312,121.5410244,67.95
國3,M,29000,029K+000,24.95884179,121.5401132,67.51
國3,M,29100,029K+100,24.9586073,121.5391578,66.19
國3,M,29200,029K+200,24.95848938,121.538177,64.54
國3,M,29300,029K+300,24.95849377,121.5371877,63.32
國3,M,29400,029K+400,24.95861498,121.5362073,62.37
國3,M,29500,029K+500,24.95885453,121.5352533,61.29
國3,M,29600,029K+600,24.95920849,121.5343431,59.91
國3,M,29700,029K+700,24.95966791,121.5334918,58.77
國3,M,29800,029K+800,24.96022617,121.5327146,57.41
國3,M,29900,029K+900,24.96086042,121.5320106,55.96
國3,M,30000,030K+000,24.96154009,121.5313593,54.47
國3,M,30100,030K+100,24.96224528,121.5307412,53.1
國3,M,30200,030K+200,24.96295693,121.5301318,52.4
國3,M,30300,030K+300,24.96366858,121.5295225,51.7
國3,M,30400,030K+400,24.96438022,121.5289131,51.0
國3,M,30500,030K+500,24.96509186,121.5283037,50.31
國3,M,30600,030K+600,24.9658035,121.5276943,49.61
國3,M,30700,030K+700,24.96651513,121.5270849,48.92
國3,M,30800,030K+800,24.96722676,121.5264755,48.22
國3,M,30900,030K+900,24.96793839,121.525866,47.52
國3,M,31000,031K+000,24.96865002,121.5252566,46.82
國3,M,31100,031K+100,24.96936165,121.5246472,46.13
國3,M,31200,031K+200,24.97007327,121.5240377,45.43
國3,M,31300,031K+300,24.97078489,121.5234283,44.74
國3,M,31400,031K+400,24.97149651,121.5228188,44.04
國3,M,31500,031K+500,24.97220812,121.5222094,43.34
國3,M,31600,031K+600,24.97291974,121.5215999,42.65
國3,M,31700,031K+700,24.97362885,121.520987,43.26
國3,M,31800,031K+800,24.9743239,121.5203551,44.32
國3,M,31900,031K+900,24.97498811,121.5196848,45.34
國3,M,32000,032K+000,24.97560241,121.5189596,46.29
國3,M,32100,032K+100,24.97615495,121.518177,47.24
國3,M,32200,032K+200,24.97663774,121.5173407,48.14
國3,M,32300,032K+300,24.97705282,121.5164617,49.07
國3,M,32400,032K+400,24.97739015,121.5155435,49.85
國3,M,32500,032K+500,24.97765411,121.5145968,50.56
國3,M,32600,032K+600,24.97783919,121.5136279,51.23
國3,M,32700,032K+700,24.97794103,121.5126442,51.89
國3,M,32800,032K+800,24.97796497,121.5116545,52.49
國3,M,32900,032K+900,24.97793898,121.5106646,53.13
國3,M,33000,033K+000,24.97790181,121.509675,53.78
國3,M,33100,033K+100,24.97787028,121.5086851,54.41
國3,M,33200,033K+200,24.97786439,121.5076949,54.9
國3,M,33300,033K+300,24.97790591,121.5067056,55.08
國3,M,33400,033K+400,24.97799408,121.50572,54.95
國3,M,33500,033K+500,24.97812879,121.5047408,54.57
國3,M,33600,033K+600,24.97831278,121.5037712,54.09
國3,M,33700,033K+700,24.97854534,121.5028144,53.64
國3,M,33800,033K+800,24.97881979,121.5018709,53.22
國3,M,33900,033K+900,24.97913726,121.5009439,52.78
國3,M,34000,034K+000,24.97949913,121.5000367,52.39
國3,M,34100,034K+100,24.97991122,121.4991555,51.91
國3,M,34200,034K+200,24.98036129,121.4982972,51.48
國3,M,34300,034K+300,24.98085517,121.4974682,50.95
國3,M,34400,034K+400,24.98138533,121.4966667,50.35
國3,M,34500,034K+500,24.98194808,121.4958924,49.76
國3,M,34600,034K+600,24.98254877,121.4951532,49.21
國3,M,34700,034K+700,24.98318066,121.4944459,48.68
國3,M,34800,034K+800,24.98382752,121.493755,48.21
國3,M,34900,034K+900,24.98448133,121.4930719,47.77
國3,M,35000,035K+000,24.98513513,121.4923889,47.33
國3,M,35100,035K+100,24.98578107,121.491697,46.76
國3,M,35200,035K+200,24.98640799,121.4909844,46.04
國3,M,35300,035K+300,24.98699654,121.4902336,45.32
國3,M,35400,035K+400,24.98753697,121.4894404,44.71
國3,M,35500,035K+500,24.98802701,121.488609,44.19
國3,M,35600,035K+600,24.98843573,121.4877264,43.68
國3,M,35700,035K+700,24.9887648,121.4868045,43.2
國3,M,35800,035K+800,24.98900716,121.4858507,42.88
國3,M,35900,035K+900,24.98915947,121.4848748,42.82
國3,M,36000,036K+000,24.9892232,121.4838871,42.95
國3,M,36100,036K+100,24.98919745,121.4828976,43.33
國3,M,36200,036K+200,24.98908326,121.4819154,44.11
國3,M,36300,036K+300,24.98888155,121.4809505,45.39
國3,M,36400,036K+400,24.98858997,121.4800135,46.82
國3,M,36500,036K+500,24.98821367,121.4791137,48.58
國3,M,36600,036K+600,24.98776087,121.4782576,50.4
國3,M,36700,036K+700,24.98724829,121.4774427,52.24
國3,M,36800,036K+800,24.98668987,121.4766647,53.9
國3,M,36900,036K+900,24.98610292,121.4759122,55.17
國3,M,37000,037K+000,24.98550235,121.4751727,55.39
國3,M,37100,037K+100,24.98489811,121.4744367,55.1
國3,M,37200,037K+200,24.98429386,121.4737008,54.82
國3,M,37300,037K+300,24.98368961,121.4729648,54.54
國3,M,37400,037K+400,24.98308535,121.4722289,54.26
國3,M,37500,037K+500,24.98248109,121.4714929,53.97
國3,M,37600,037K+600,24.98187683,121.470757,53.69
國3,M,37700,037K+700,24.98127256,121.4700211,53.41
國3,M,37800,037K+800,24.98066829,121.4692852,53.13
國3,M,37900,037K+900,24.98006401,121.4685493,52.84
國3,M,38000,038K+000,24.97945973,121.4678134,52.56
國3,M,38100,038K+100,24.97885545,121.4670775,52.28
國3,M,38200,038K+200,24.97826018,121.4663328,51.64
國3,M,38300,038K+300,24.97767908,121.465575,51.16
國3,M,38400,038K+400,24.97713487,121.4647848,50.79
國3,M,38500,038K+500,24.97664345,121.4639544,50.45
國3,M,38600,038K+600,24.97621324,121.4630839,50.32
國3,M,38700,038K+700,24.97585137,121.4621769,50.5
國3,M,38800,038K+800,24.97555691,121.4612411,50.79
國3,M,38900,038K+900,24.97533761,121.4602807,51.17
國3,M,39000,039K+000,24.97519061,121.4593039,51.47
國3,M,39100,039K+100,24.97511519,121.4583173,51.55
國3,M,39200,039K+200,24.97510558,121.4573271,51.31
國3,M,39300,039K+300,24.97513618,121.4563372,50.88
國3,M,39400,039K+400,24.97517946,121.455348,50.07
國3,M,39500,039K+500,24.97522207,121.4543586,49.26
國3,M,39600,039K+600,24.97523318,121.4533684,48.54
國3,M,39700,039K+700,24.97519243,121.4523792,47.91
國3,M,39800,039K+800,24.97507978,121.451397,47.26
國3,M,39900,039K+900,24.97487812,121.450432,46.74
國3,M,40000,040K+000,24.97458894,121.4494943,46.32
國3,M,40100,040K+100,24.97421913,121.4485914,45.87
國3,M,40200,040K+200,24.97376431,121.4477364,45.56
國3,M,40300,040K+300,24.97323693,121.4469331,45.32
國3,M,40400,040K+400,24.97263744,121.4461931,45.22
國3,M,40500,040K+500,24.9719738,121.4455223,45.06
國3,M,40600,040K+600,24.97125809,121.4449194,45.09
國3,M,40700,040K+700,24.97049956,121.4443827,45.13
國3,M,40800,040K+800,24.96971853,121.4438861,45.22
國3,M,40900,040K+900,24.96892649,121.4434108,45.48
國3,M,41000,041K+000,24.96813151,121.4429414,45.71
國3,M,41100,041K+100,24.96734694,121.4424514,45.98
國3,M,41200,041K+200,24.96658094,121.4419274,46.33
國3,M,41300,041K+300,24.9658425,121.4413579,46.68
國3,M,41400,041K+400,24.96513826,121.4407384,46.91
國3,M,41500,041K+500,24.9644659,121.4400777,47.16
國3,M,41600,041K+600,24.96383151,121.4393733,47.41
國3,M,41700,041K+700,24.96323691,121.4386284,47.47
國3,M,41800,041K+800,24.96267966,121.4378494,47.54
國3,M,41900,041K+900,24.96216862,121.4370332,47.55
國3,M,42000,042K+000,24.96170103,121.4361862,47.76
國3,M,42100,042K+100,24.96128042,121.4353101,47.98
國3,M,42200,042K+200,24.9609048,121.4344098,48.05
國3,M,42300,042K+300,24.96058076,121.4334856,48.49
國3,M,42400,042K+400,24.96030612,121.4325426,48.94
國3,M,42500,042K+500,24.96008171,121.4315835,49.4
國3,M,42600,042K+600,24.95990736,121.4306119,49.73
國3,M,42700,042K+700,24.95976955,121.4296332,50.04
國3,M,42800,042K+800,24.95964485,121.4286524,50.36
國3,M,42900,042K+900,24.95951754,121.427672,50.67
國3,M,43000,043K+000,24.95936944,121.4266952,50.99
國3,M,43100,043K+100,24.95917918,121.4257273,51.38
國3,M,43200,043K+200,24.95892815,121.4247763,51.73
國3,M,43300,043K+300,24.95860376,121.4238526,52.02
國3,M,43400,043K+400,24.95820881,121.4229624,52.3
國3,M,43500,043K+500,24.95774434,121.4221136,52.56
國3,M,43600,043K+600,24.95721326,121.4213132,52.66
國3,M,43700,043K+700,24.95662293,121.4205644,52.54
國3,M,43800,043K+800,24.95597373,121.4198767,52.37
國3,M,43900,043K+900,24.95528088,121.419242,52.14
國3,M,44000,044K+000,24.95456583,121.4186375,51.77
國3,M,44100,044K+100,24.95385141,121.4180321,51.42
國3,M,44200,044K+200,24.95315877,121.4173972,51.26
國3,M,44300,044K+300,24.95251443,121.4167042,51.18
國3,M,44400,044K+400,24.95193562,121.4159449,51.38
國3,M,44500,044K+500,24.95142788,121.4151269,51.82
國3,M,44600,044K+600,24.95099742,121.414257,52.34
國3,M,44700,044K+700,24.95064859,121.4133441,52.85
國3,M,44800,044K+800,24.95038404,121.4123978,53.4
國3,M,44900,044K+900,24.95020943,121.411427,53.8
國3,M,45000,045K+000,24.95011485,121.4104427,54.02
國3,M,45100,045K+100,24.95008944,121.409453,54.06
國3,M,45200,045K+200,24.95011654,121.4084633,54.05
國3,M,45300,045K+300,24.95018002,121.4074756,53.78
國3,M,45400,045K+400,24.95026237,121.4064894,53.52
國3,M,45500,045K+500,24.95035257,121.4055041,53.6
國3,M,45600,045K+600,24.95044276,121.4045188,53.68
國3,M,45700,045K+700,24.95053294,121.4035335,53.76
國3,M,45800,045K+800,24.95062312,121.4025482,53.84
國3,M,45900,045K+900,24.95071329,121.4015629,53.92
國3,M,46000,046K+000,24.95080345,121.4005775,54.0
國3,M,46100,046K+100,24.95089361,121.3995922,54.08
國3,M,46200,046K+200,24.95098376,121.3986069,54.16
國3,M,46300,046K+300,24.9510739,121.3976216,54.24
國3,M,46400,046K+400,24.95116404,121.3966362,54.32
國3,M,46500,046K+500,24.95125417,121.3956509,54.4
國3,M,46600,046K+600,24.9513443,121.3946656,54.49
國3,M,46700,046K+700,24.95143256,121.39368,54.59
國3,M,46800,046K+800,24.95151915,121.3926943,54.72
國3,M,46900,046K+900,24.95160441,121.3917085,54.9
國3,M,47000,047K+000,24.95167629,121.3907214,55.57
國3,M,47100,047K+100,24.95174238,121.3897338,56.24
國3,M,47200,047K+200,24.95179272,121.3887451,56.91
國3,M,47300,047K+300,24.95182857,121.3877557,57.58
國3,M,47400,047K+400,24.9518432,121.3867656,58.33
國3,M,47500,047K+500,24.95183226,121.3857754,58.99
國3,M,47600,047K+600,24.95179818,121.3847859,59.57
國3,M,47700,047K+700,24.95173503,121.3837981,60.04
國3,M,47800,047K+800,24.95163826,121.3828136,60.43
國3,M,47900,047K+900,24.95152349,121.3818315,60.8
國3,M,48000,048K+000,24.951386,121.3808528,61.14
國3,M,48100,048K+100,24.95119949,121.3798841,61.48
國3,M,48200,048K+200,24.95098157,121.3789232,61.8
國3,M,48300,048K+300,24.95073914,121.3779694,62.11
國3,M,48400,048K+400,24.95046929,121.3770245,62.43
國3,M,48500,048K+500,24.9501706,121.37609,62.74
國3,M,48600,048K+600,24.94984572,121.3751662,63.06
國3,M,48700,048K+700,24.94949187,121.3742552,63.38
國3,M,48800,048K+800,24.94911379,121.373356,63.71
國3,M,48900,048K+900,24.94870974,121.3724706,64.03
國3,M,49000,049K+000,24.94827878,121.3716005,64.36
國3,M,49100,049K+100,24.94780335,121.3707589,64.65
國3,M,49200,049K+200,24.94731541,121.3699257,64.95
國3,M,49300,049K+300,24.94680351,121.3691101,65.29
國3,M,49400,049K+400,24.94626561,121.3683149,65.69
國3,M,49500,049K+500,24.94570459,121.3675393,66.2
國3,M,49600,049K+600,24.94512203,121.3667829,66.81
國3,M,49700,049K+700,24.94451558,121.3660496,67.51
國3,M,49800,049K+800,24.94389031,121.3653355,68.25
國3,M,49900,049K+900,24.94324569,121.3646423,69.0
國3,M,50000,050K+000,24.94259043,121.3639612,69.76
國3,M,50100,050K+100,24.94193038,121.3632856,70.53
國3,M,50200,050K+200,24.94126834,121.3626124,71.3
國3,M,50300,050K+300,24.9406092,121.3619358,72.07
國3,M,50400,050K+400,24.9399558,121.3612526,72.82
國3,M,50500,050K+500,24.93931775,121.3605521,73.51
國3,M,50600,050K+600,24.93869805,121.3598321,74.34
國3,M,50700,050K+700,24.93810454,121.3590861,75.09
國3,M,50800,050K+800,24.93754219,121.3583118,75.84
國3,M,50900,050K+900,24.93701852,121.3575055,76.49
國3,M,51000,051K+000,24.93653511,121.3566695,77.04
國3,M,51100,051K+100,24.93610907,121.3557968,77.5
國3,M,51200,051K+200,24.93573526,121.3548957,77.86
國3,M,51300,051K+300,24.93541979,121.3539682,78.12
國3,M,51400,051K+400,24.93515622,121.3530215,78.3
國3,M,51500,051K+500,24.93495101,121.3520575,78.36
國3,M,51600,051K+600,24.93480864,121.3510799,78.4
國3,M,51700,051K+700,24.93472499,121.3500943,78.44
國3,M,51800,051K+800,24.93469914,121.3491048,78.44
國3,M,51900,051K+900,24.93473336,121.3481156,78.44
國3,M,52000,052K+000,24.9348274,121.3471311,78.47
國3,M,52100,052K+100,24.9349698,121.3461536,78.71
國3,M,52200,052K+200,24.93515766,121.3451853,79.18
國3,M,52300,052K+300,24.9353779,121.3442252,79.86
國3,M,52400,052K+400,24.93563685,121.3432767,80.79
國3,M,52500,052K+500,24.93592174,121.3423373,81.94
國3,M,52600,052K+600,24.93622713,121.3414056,83.33
國3,M,52700,052K+700,24.93654762,121.3404801,84.76
國3,M,52800,052K+800,24.93687784,121.3395586,86.17
國3,M,52900,052K+900,24.93721036,121.3386382,87.58
國3,M,53000,053K+000,24.93754288,121.3377177,88.99
國3,M,53100,053K+100,24.93786993,121.3367949,90.36
國3,M,53200,053K+200,24.93818239,121.335866,91.45
國3,M,53300,053K+300,24.93848058,121.3349315,92.37
國3,M,53400,053K+400,24.93875399,121.3339879,93.02
國3,M,53500,053K+500,24.93900406,121.3330366,93.45
國3,M,53600,053K+600,24.93921512,121.3320739,93.67
國3,M,53700,053K+700,24.93938457,121.3311014,93.64
國3,M,53800,053K+800,24.93950925,121.3301209,93.38
國3,M,53900,053K+900,24.93958118,121.329134,93.0
國3,M,54000,054K+000,24.93959744,121.3281442,92.84
國3,M,54100,054K+100,24.93955507,121.3271553,92.89
國3,M,54200,054K+200,24.93945912,121.326171,93.21
國3,M,54300,054K+300,24.93930706,121.3251952,93.73
國3,M,54400,054K+400,24.93909933,121.3242317,94.46
國3,M,54500,054K+500,24.93883538,121.323285,95.46
國3,M,54600,054K+600,24.93851903,121.3223579,96.69
國3,M,54700,054K+700,24.93814918,121.321455,98.03
國3,M,54800,054K+800,24.93773138,121.3205776,99.28
國3,M,54900,054K+900,24.93726566,121.3197297,100.38
國3,M,55000,055K+000,24.93675004,121.3189171,101.34
國3,M,55100,055K+100,24.93618933,121.3181414,102.21
國3,M,55200,055K+200,24.93558989,121.3174013,103.04
國3,M,55300,055K+300,24.93494987,121.3167032,103.91
國3,M,55400,055K+400,24.93428371,121.3160351,104.76
國3,M,55500,055K+500,24.93359502,121.3153951,105.65
國3,M,55600,055K+600,24.93289586,121.3147687,106.52
國3,M,55700,055K+700,24.93218619,121.3141567,107.38
國3,M,55800,055K+800,24.93147652,121.3135447,108.25
國3,M,55900,055K+900,24.93076915,121.3129295,109.12
國3,M,56000,056K+000,24.93006797,121.3123059,109.99
國3,M,56100,056K+100,24.92938335,121.3116606,110.87
國3,M,56200,056K+200,24.92872102,121.3109879,111.73
國3,M,56300,056K+300,24.92808555,121.3102847,111.99
國3,M,56400,056K+400,24.9274842,121.3095465,112.68
國3,M,56500,056K+500,24.92691731,121.3087762,113.56
國3,M,56600,056K+600,24.92638438,121.3079772,114.43
國3,M,56700,056K+700,24.92588976,121.3071491,115.32
國3,M,56800,056K+800,24.92542744,121.3062989,116.19
國3,M,56900,056K+900,24.92499458,121.3054301,117.08
國3,M,57000,057K+000,24.92457809,121.3045517,117.95
國3,M,57100,057K+100,24.9241616,121.3036733,118.82
國3,M,57200,057K+200,24.92374132,121.3027971,119.78
國3,M,57300,057K+300,24.92330827,121.3019286,120.92
國3,M,57400,057K+400,24.92284765,121.3010773,122.27
國3,M,57500,057K+500,24.92234665,121.3002541,123.89
國3,M,57600,057K+600,24.9217972,121.299469,125.77
國3,M,57700,057K+700,24.92120174,121.2987253,127.66
國3,M,57800,057K+800,24.92056264,121.2980265,129.48
國3,M,57900,057K+900,24.91988204,121.2973766,131.33
國3,M,58000,058K+000,24.91916384,121.2967774,133.22
國3,M,58100,058K+100,24.91841131,121.2962313,135.09
國3,M,58200,058K+200,24.91762852,121.2957387,136.97
國3,M,58300,058K+300,24.91682405,121.2952899,138.83
國3,M,58400,058K+400,24.91600993,121.2948623,140.65
國3,M,58500,058K+500,24.91519153,121.2944447,142.53
國3,M,58600,058K+600,24.91437495,121.2940229,144.41
國3,M,58700,058K+700,24.91357056,121.2935741,146.32
國3,M,58800,058K+800,24.91278723,121.2930829,148.38
國3,M,58900,058K+900,24.91204316,121.2925233,150.76
國3,M,59000,059K+000,24.91134233,121.2919003,153.39
國3,M,59100,059K+100,24.91069376,121.2912129,156.36
國3,M,59200,059K+200,24.91009973,121.2904687,159.44
國3,M,59300,059K+300,24.90956154,121.2896749,162.49
國3,M,59400,059K+400,24.9090886,121.2888327,165.41
國3,M,59500,059K+500,24.90868212,121.2879496,168.01
國3,M,59600,059K+600,24.90834112,121.2870337,170.17
國3,M,59700,059K+700,24.90806893,121.2860904,171.98
國3,M,59800,059K+800,24.90785952,121.2851277,173.48
國3,M,59900,059K+900,24.90769124,121.2841552,174.63
國3,M,60000,060K+000,24.90754329,121.2831787,175.42
國3,M,60100,060K+100,24.90739454,121.2822023,176.17
國3,M,60200,060K+200,24.9072321,121.2812286,176.63
國3,M,60300,060K+300,24.90704273,121.2802608,177.12
國3,M,60400,060K+400,24.90680429,121.2793062,177.65
國3,M,60500,060K+500,24.90651251,121.2783697,178.17
國3,M,60600,060K+600,24.90616408,121.2774569,178.69
國3,M,60700,060K+700,24.90575687,121.2765742,179.21
國3,M,60800,060K+800,24.90531132,121.2757134,179.79
國3,M,60900,060K+900,24.90482001,121.2748831,180.52
國3,M,61000,061K+000,24.90428942,121.2740824,181.09
國3,M,61100,061K+100,24.90373111,121.2733046,181.89
國3,M,61200,061K+200,24.9031472,121.2725497,183.16
國3,M,61300,061K+300,24.90254072,121.2718168,184.9
國3,M,61400,061K+400,24.90190813,121.2711111,187.09
國3,M,61500,061K+500,24.90125383,121.2704297,189.57
國3,M,61600,061K+600,24.90057856,121.2697734,192.4
國3,M,61700,061K+700,24.89987883,121.2691487,195.37
國3,M,61800,061K+800,24.89915825,121.2685532,198.32
國3,M,61900,061K+900,24.89841978,121.2679846,201.06
國3,M,62000,062K+000,24.8976609,121.267449,203.5
國3,M,62100,062K+100,24.89688525,121.2669431,205.65
國3,M,62200,062K+200,24.89609157,121.2664718,207.46
國3,M,62300,062K+300,24.8952834,121.266031,208.98
國3,M,62400,062K+400,24.89446389,121.265616,210.2
國3,M,62500,062K+500,24.89363515,121.2652234,211.1
國3,M,62600,062K+600,24.8928004,121.2648464,211.7
國3,M,62700,062K+700,24.89196425,121.2644731,212.22
國3,M,62800,062K+800,24.8911281,121.2640998,212.75
國3,M,62900,062K+900,24.89029363,121.263722,213.26
國3,M,63000,063K+000,24.88946345,121.2633331,213.78
國3,M,63100,063K+100,24.88864496,121.2629155,214.31
國3,M,63200,063K+200,24.88783952,121.2624686,214.84
國3,M,63300,063K+300,24.88705576,121.2619775,215.35
國3,M,63400,063K+400,24.88629294,121.2614484,215.87
國3,M,63500,063K+500,24.88555453,121.2608791,216.4
國3,M,63600,063K+600,24.88484522,121.2602671,216.9
國3,M,63700,063K+700,24.88416256,121.2596196,217.42
國3,M,63800,063K+800,24.88351214,121.2589334,217.95
國3,M,63900,063K+900,24.88289301,121.2582132,218.47
國3,M,64000,064K+000,24.88230766,121.2574599,219.0
國3,M,64100,064K+100,24.8817568,121.256676,219.52
國3,M,64200,064K+200,24.88124313,121.2558622,220.03
國3,M,64300,064K+300,24.88076685,121.2550216,220.54
國3,M,64400,064K+400,24.88032191,121.2541605,221.05
國3,M,64500,064K+500,24.879906,121.2532821,221.58
國3,M,64600,064K+600,24.87950286,121.2523966,222.09
國3,M,64700,064K+700,24.87910892,121.2515061,222.98
國3,M,64800,064K+800,24.87871545,121.2506153,223.9
國3,M,64900,064K+900,24.87831948,121.249726,224.94
國3,M,65000,065K+000,24.87790297,121.2488481,226.7
國3,M,65100,065K+100,24.87745887,121.2479869,228.86
國3,M,65200,065K+200,24.87698128,121.2471476,231.41
國3,M,65300,065K+300,24.87646441,121.2463368,234.35
國3,M,65400,065K+400,24.87591009,121.2455563,237.33
國3,M,65500,065K+500,24.87532144,121.2448067,240.13
國3,M,65600,065K+600,24.87470033,121.2440891,242.66
國3,M,65700,065K+700,24.87405153,121.2434015,244.92
國3,M,65800,065K+800,24.87338335,121.2427363,246.96
國3,M,65900,065K+900,24.8726964,121.2420943,248.66
國3,M,66000,066K+000,24.87200364,121.2414598,250.02
國3,M,66100,066K+100,24.8713096,121.240827,251.3
國3,M,66200,066K+200,24.87061789,121.2401911,252.34
國3,M,66300,066K+300,24.86993099,121.2395489,253.06
國3,M,66400,066K+400,24.86925431,121.2388938,253.52
國3,M,66500,066K+500,24.8685923,121.238221,253.88
國3,M,66600,066K+600,24.86795298,121.2375224,254.22
國3,M,66700,066K+700,24.86733696,121.2367991,254.56
國3,M,66800,066K+800,24.86675076,121.2360466,254.91
國3,M,66900,066K+900,24.86619536,121.2352667,255.26
國3,M,67000,067K+000,24.86567375,121.2344591,255.62
國3,M,67100,067K+100,24.86518355,121.2336282,255.99
國3,M,67200,067K+200,24.86473177,121.2327715,256.36
國3,M,67300,067K+300,24.86431728,121.2318926,256.73
國3,M,67400,067K+400,24.86393686,121.2309953,257.1
國3,M,67500,067K+500,24.86359028,121.2300817,257.48
國3,M,67600,067K+600,24.86327044,121.2291564,257.83
國3,M,67700,067K+700,24.8629807,121.2282192,258.23
國3,M,67800,067K+800,24.86271293,121.2272742,258.61
國3,M,67900,067K+900,24.86246238,121.2263235,258.99
國3,M,68000,068K+000,24.86222377,121.2253691,259.4
國3,M,68100,068K+100,24.86199696,121.2244113,259.78
國3,M,68200,068K+200,24.8617721,121.2234529,260.16
國3,M,68300,068K+300,24.86154723,121.2224945,260.54
國3,M,68400,068K+400,24.86132075,121.2215366,260.92
國3,M,68500,068K+500,24.8610894,121.2205801,261.31
國3,M,68600,068K+600,24.86084943,121.2196261,261.71
國3,M,68700,068K+700,24.86060132,121.2186747,262.11
國3,M,68800,068K+800,24.86033732,121.2177284,262.49
國3,M,68900,068K+900,24.86006132,121.2167863,262.87
國3,M,69000,069K+000,24.85976309,121.2158523,263.23
國3,M,69100,069K+100,24.85944716,121.2149253,263.6
國3,M,69200,069K+200,24.85910745,121.2140086,264.0
國3,M,69300,069K+300,24.85874843,121.2131006,264.34
國3,M,69400,069K+400,24.85837042,121.2122021,264.76
國3,M,69500,069K+500,24.85796791,121.2113164,265.3
國3,M,69600,069K+600,24.85754681,121.2104412,266.08
國3,M,69700,069K+700,24.8571066,121.2095773,267.13
國3,M,69800,069K+800,24.8566434,121.2087281,268.39
國3,M,69900,069K+900,24.85615145,121.2078986,269.87
國3,M,70000,070K+000,24.85563004,121.2070911,271.6
國3,M,70100,070K+100,24.85507819,121.2063083,273.55
國3,M,70200,070K+200,24.85448827,121.2055597,275.72
國3,M,70300,070K+300,24.85386605,121.2048433,278.15
國3,M,70400,070K+400,24.85321332,121.2041604,280.88
國3,M,70500,070K+500,24.85252741,121.2035179,283.65
國3,M,70600,070K+600,24.85181642,121.2029089,286.38
國3,M,70700,070K+700,24.85107901,121.2023389,289.11
國3,M,70800,070K+800,24.85031299,121.2018162,291.88
國3,M,70900,070K+900,24.84952581,121.2013328,294.63
國3,M,71000,071K+000,24.84871906,121.2008899,297.38
國3,M,71100,071K+100,24.84789215,121.2004939,300.13
國3,M,71200,071K+200,24.84704717,121.2001469,302.86
國3,M,71300,071K+300,24.84618798,121.1998447,305.59
國3,M,71400,071K+400,24.84531674,121.199587,308.24
國3,M,71500,071K+500,24.84443468,121.1993778,310.64
國3,M,71600,071K+600,24.84354341,121.1992223,312.72
國3,M,71700,071K+700,24.84264653,121.1991121,314.55
國3,M,71800,071K+800,24.84174587,121.1990478,316.11
國3,M,71900,071K+900,24.84084322,121.1990365,317.32
國3,M,72000,072K+000,24.83994065,121.1990561,318.24
國3,M,72100,072K+100,24.83903874,121.1990983,317.55
國3,M,72200,072K+200,24.83813711,121.1991475,316.04
國3,M,72300,072K+300,24.83723547,121.1991967,314.53
國3,M,72400,072K+400,24.83633384,121.1992458,313.02
國3,M,72500,072K+500,24.8354322,121.199295,311.51
國3,M,72600,072K+600,24.83453057,121.1993442,310.0
國3,M,72700,072K+700,24.83362893,121.1993934,308.49
國3,M,72800,072K+800,24.8327273,121.1994425,306.98
國3,M,72900,072K+900,24.83182566,121.1994917,305.47
國3,M,73000,073K+000,24.83092403,121.1995409,303.96
國3,M,73100,073K+100,24.83002239,121.19959,302.45
國3,M,73200,073K+200,24.82912076,121.1996392,300.94
國3,M,73300,073K+300,24.82821912,121.1996884,299.42
國3,M,73400,073K+400,24.82731749,121.1997375,297.92
國3,M,73500,073K+500,24.82641585,121.1997867,296.4
國3,M,73600,073K+600,24.82551421,121.1998359,294.89
國3,M,73700,073K+700,24.82461258,121.199885,293.38
國3,M,73800,073K+800,24.82371094,121.1999342,291.87
國3,M,73900,073K+900,24.8228093,121.1999834,290.36
國3,M,74000,074K+000,24.82190767,121.2000325,288.85
國3,M,74100,074K+100,24.82100603,121.2000817,287.34
國3,M,74200,074K+200,24.8201044,121.2001309,285.83
國3,M,74300,074K+300,24.81920276,121.20018,284.32
國3,M,74400,074K+400,24.81830112,121.2002292,282.81
國3,M,74500,074K+500,24.81739948,121.2002783,281.3
國3,M,74600,074K+600,24.81649785,121.2003275,279.79
國3,M,74700,074K+700,24.81559614,121.2003755,278.41
國3,M,74800,074K+800,24.81469435,121.2004215,277.04
國3,M,74900,074K+900,24.81379225,121.2004597,275.74
國3,M,75000,075K+000,24.81288973,121.2004826,274.46
國3,M,75100,075K+100,24.81198701,121.2004857,273.24
國3,M,75200,075K+200,24.81108457,121.2004617,271.91
國3,M,75300,075K+300,24.81018332,121.2004058,270.54
國3,M,75400,075K+400,24.80928573,121.2003008,269.06
國3,M,75500,075K+500,24.80839345,121.2001517,267.51
國3,M,75600,075K+600,24.80751035,121.1999471,265.86
國3,M,75700,075K+700,24.8066409,121.1996819,264.07
國3,M,75800,075K+800,24.80578829,121.1993577,262.19
國3,M,75900,075K+900,24.80495545,121.1989769,260.22
國3,M,76000,076K+000,24.80414602,121.1985395,258.17
國3,M,76100,076K+100,24.80336337,121.1980473,256.01
國3,M,76200,076K+200,24.80261103,121.1975013,253.73
國3,M,76300,076K+300,24.80188956,121.1969073,251.39
國3,M,76400,076K+400,24.80120465,121.1962636,248.93
國3,M,76500,076K+500,24.80055698,121.1955752,246.37
國3,M,76600,076K+600,24.79995456,121.1948393,243.74
國3,M,76700,076K+700,24.79938629,121.1940715,241.13
國3,M,76800,076K+800,24.79886969,121.193261,238.49
國3,M,76900,076K+900,24.79839584,121.1924197,235.8
國3,M,77000,077K+000,24.79797506,121.1915453,233.2
國3,M,77100,077K+100,24.79760639,121.1906431,230.73
國3,M,77200,077K+200,24.79728259,121.1897204,228.43
國3,M,77300,077K+300,24.79701692,121.1887756,226.28
國3,M,77400,077K+400,24.79680647,121.1878141,224.56
國3,M,77500,077K+500,24.79664773,121.1868409,222.88
國3,M,77600,077K+600,24.79654524,121.1858585,221.45
國3,M,77700,077K+700,24.7965003,121.1848709,220.3
國3,M,77800,077K+800,24.79651489,121.1838823,219.09
國3,M,77900,077K+900,24.79658143,121.1828964,217.91
國3,M,78000,078K+000,24.79670586,121.1819169,216.56
國3,M,78100,078K+100,24.79688619,121.1809483,215.11
國3,M,78200,078K+200,24.79711749,121.1799926,213.62
國3,M,78300,078K+300,24.79740643,121.1790559,212.14
國3,M,78400,078K+400,24.79774942,121.1781414,210.4
國3,M,78500,078K+500,24.79813871,121.1772494,208.77
國3,M,78600,078K+600,24.79856884,121.1763802,206.93
國3,M,78700,078K+700,24.79903292,121.1755321,204.92
國3,M,78800,078K+800,24.79952009,121.1746996,202.78
國3,M,78900,078K+900,24.80002401,121.1738792,200.68
國3,M,79000,079K+000,24.80053352,121.1730628,198.93
國3,M,79100,079K+100,24.80104311,121.1722465,197.18
國3,M,79200,079K+200,24.8015527,121.1714302,195.44
國3,M,79300,079K+300,24.80205916,121.1706116,193.83
國3,M,79400,079K+400,24.80255372,121.1697842,192.52
國3,M,79500,079K+500,24.80303443,121.1689471,191.36
國3,M,79600,079K+600,24.80350022,121.1680999,190.32
國3,M,79700,079K+700,24.8039426,121.1672378,189.46
國3,M,79800,079K+800,24.80436261,121.1663624,188.74
國3,M,79900,079K+900,24.80475406,121.1654713,187.94
國3,M,80000,080K+000,24.80511961,121.164567,186.91
國3,M,80100,080K+100,24.80546249,121.1636522,185.68
國3,M,80200,080K+200,24.80577022,121.1627225,184.15
國3,M,80300,080K+300,24.80605207,121.1617831,182.39
國3,M,80400,080K+400,24.80630426,121.1608336,180.42
國3,M,80500,080K+500,24.80652751,121.1598755,178.19
國3,M,80600,080K+600,24.80672369,121.1589103,175.75
國3,M,80700,080K+700,24.80688822,121.1579382,173.06
國3,M,80800,080K+800,24.80702206,121.1569604,170.09
國3,M,80900,080K+900,24.8071238,121.1559781,167.07
國3,M,81000,081K+000,24.80719415,121.1549925,164.06
國3,M,81100,081K+100,24.80723886,121.1540051,161.04
國3,M,81200,081K+200,24.80725481,121.1530167,158.05
國3,M,81300,081K+300,24.80724719,121.1520281,155.17
國3,M,81400,081K+400,24.8072023,121.1510406,152.53
國3,M,81500,081K+500,24.80712926,121.1500552,150.09
國3,M,81600,081K+600,24.80702346,121.1490732,147.86
國3,M,81700,081K+700,24.80689132,121.148095,145.83
國3,M,81800,081K+800,24.80672648,121.1471228,144.1
國3,M,81900,081K+900,24.80653292,121.1461569,142.62
國3,M,82000,082K+000,24.80630838,121.145199,141.39
國3,M,82100,082K+100,24.80605838,121.1442487,140.39
國3,M,82200,082K+200,24.8057765,121.1433092,139.67
國3,M,82300,082K+300,24.80546761,121.1423799,139.17
國3,M,82400,082K+400,24.80513161,121.1414619,138.88
國3,M,82500,082K+500,24.80476717,121.1405569,138.87
國3,M,82600,082K+600,24.80437351,121.1396668,139.12
國3,M,82700,082K+700,24.80395506,121.1387904,139.59
國3,M,82800,082K+800,24.80351007,121.1379298,140.32
國3,M,82900,082K+900,24.80303718,121.1370874,141.28
國3,M,83000,083K+000,24.80254165,121.1362608,142.47
國3,M,83100,083K+100,24.80201897,121.1354546,143.91
國3,M,83200,083K+200,24.80147263,121.1346674,145.56
國3,M,83300,083K+300,24.80090305,121.1339003,147.27
國3,M,83400,083K+400,24.80031017,121.1331547,149.0
國3,M,83500,083K+500,24.79969597,121.13243,150.75
國3,M,83600,083K+600,24.79906042,121.1317278,152.47
國3,M,83700,083K+700,24.79840173,121.1310516,154.13
國3,M,83800,083K+800,24.79772349,121.1303992,155.9
國3,M,83900,083K+900,24.79702599,121.1297716,157.61
國3,M,84000,084K+000,24.79631079,121.1291683,159.25
國3,M,84100,084K+100,24.79557573,121.1285943,160.67
國3,M,84200,084K+200,24.79482484,121.1280454,161.89
國3,M,84300,084K+300,24.79405597,121.1275271,162.87
國3,M,84400,084K+400,24.79327417,121.1270327,163.65
國3,M,84500,084K+500,24.79247684,121.1265688,164.26
國3,M,84600,084K+600,24.79166815,121.1261292,164.58
國3,M,84700,084K+700,24.79085049,121.1257098,164.92
國3,M,84800,084K+800,24.79002822,121.1253015,165.49
國3,M,84900,084K+900,24.78920507,121.1248952,166.11
國3,M,85000,085K+000,24.78838192,121.1244889,166.72
國3,M,85100,085K+100,24.78756421,121.1240699,167.76
國3,M,85200,085K+200,24.78675602,121.1236295,169.07
國3,M,85300,085K+300,24.78596828,121.1231469,170.68
國3,M,85400,085K+400,24.78521082,121.1226097,172.62
國3,M,85500,085K+500,24.78448574,121.1220213,174.79
國3,M,85600,085K+600,24.78380013,121.1213788,177.13
國3,M,85700,085K+700,24.78315325,121.1206896,179.31
國3,M,85800,085K+800,24.78254942,121.1199549,181.09
國3,M,85900,085K+900,24.78199359,121.1191761,182.41
國3,M,86000,086K+000,24.78148177,121.1183618,183.39
國3,M,86100,086K+100,24.78102456,121.1175094,183.95
國3,M,86200,086K+200,24.78061741,121.116627,184.14
國3,M,86300,086K+300,24.78026674,121.1157159,183.89
國3,M,86400,086K+400,24.77997572,121.11478,183.12
國3,M,86500,086K+500,24.77973672,121.1138267,181.99
國3,M,86600,086K+600,24.77956069,121.1128573,180.49
國3,M,86700,086K+700,24.77943642,121.1118781,178.63
國3,M,86800,086K+800,24.77936301,121.1108928,176.34
國3,M,86900,086K+900,24.7793201,121.1099053,174.1
國3,M,87000,087K+000,24.77929658,121.1089168,172.26
國3,M,87100,087K+100,24.77927305,121.1079284,170.43
國3,M,87200,087K+200,24.77924951,121.10694,168.6
國3,M,87300,087K+300,24.77921886,121.1059517,167.17
國3,M,87400,087K+400,24.77917596,121.104964,165.96
國3,M,87500,087K+500,24.77912424,121.1039768,164.9
國3,M,87600,087K+600,24.77904986,121.1029913,164.08
國3,M,87700,087K+700,24.7789527,121.1020083,163.36
國3,M,87800,087K+800,24.77883071,121.1010285,162.47
國3,M,87900,087K+900,24.77867613,121.1000544,161.41
國3,M,88000,088K+000,24.778491,121.0990868,160.09
國3,M,88100,088K+100,24.77827269,121.0981274,158.58
國3,M,88200,088K+200,24.77802033,121.0971782,156.84
國3,M,88300,088K+300,24.77774073,121.0962382,154.86
國3,M,88400,088K+400,24.77742417,121.0953125,152.67
國3,M,88500,088K+500,24.77707969,121.0943988,150.34
國3,M,88600,088K+600,24.77670283,121.0935006,147.92
國3,M,88700,088K+700,24.7762983,121.092617,145.48
國3,M,88800,088K+800,24.77586264,121.0917513,143.01
國3,M,88900,088K+900,24.77539523,121.0909057,140.62
國3,M,89000,089K+000,24.77490087,121.0900788,138.26
國3,M,89100,089K+100,24.7743792,121.0892721,135.87
國3,M,89200,089K+200,24.77383408,121.0884844,133.56
國3,M,89300,089K+300,24.77326176,121.08772,131.36
國3,M,89400,089K+400,24.77265948,121.0869837,129.41
國3,M,89500,089K+500,24.77203685,121.0862679,127.62
國3,M,89600,089K+600,24.77139129,121.0855769,126.09
國3,M,89700,089K+700,24.77072741,121.084907,124.77
國3,M,89800,089K+800,24.77005074,121.0842525,123.71
國3,M,89900,089K+900,24.76936111,121.0836144,122.93
國3,M,90000,090K+000,24.76866511,121.0829846,122.26
國3,M,90100,090K+100,24.7679577,121.0823701,122.18
國3,M,90200,090K+200,24.7672502,121.0817558,122.11
國3,M,90300,090K+300,24.7665427,121.0811415,122.04
國3,M,90400,090K+400,24.76583779,121.0805237,122.38
國3,M,90500,090K+500,24.7651337,121.0799047,122.86
國3,M,90600,090K+600,24.76444223,121.079269,123.66
國3,M,90700,090K+700,24.76376307,121.0786177,124.68
國3,M,90800,090K+800,24.76310535,121.0779404,125.98
國3,M,90900,090K+900,24.7624725,121.0772354,127.5
國3,M,91000,091K+000,24.76186576,121.0765034,129.2
國3,M,91100,091K+100,24.76128479,121.0757469,131.16
國3,M,91200,091K+200,24.7607298,121.0749674,133.49
國3,M,91300,091K+300,24.76020488,121.0741635,136.18
國3,M,91400,091K+400,24.7597104,121.0733367,138.82
國3,M,91500,091K+500,24.75924849,121.0724876,141.39
國3,M,91600,091K+600,24.75881577,121.0716203,143.86
國3,M,91700,091K+700,24.75841619,121.0707341,146.38
國3,M,91800,091K+800,24.758048,121.0698318,149.04
國3,M,91900,091K+900,24.75772042,121.0689107,150.68
國3,M,92000,092K+000,24.75743351,121.0679736,152.75
國3,M,92100,092K+100,24.7572021,121.0670183,154.79
國3,M,92200,092K+200,24.75701933,121.0660504,156.91
國3,M,92300,092K+300,24.7568824,121.0650736,159.08
國3,M,92400,092K+400,24.75679797,121.0640895,161.26
國3,M,92500,092K+500,24.75675759,121.0631022,163.48
國3,M,92600,092K+600,24.75677113,121.0621139,165.72
國3,M,92700,092K+700,24.75683458,121.0611279,167.96
國3,M,92800,092K+800,24.7569498,121.0601476,169.96
國3,M,92900,092K+900,24.75711297,121.0591755,171.73
國3,M,93000,093K+000,24.75732338,121.0582143,173.25
國3,M,93100,093K+100,24.75758325,121.0572676,174.47
國3,M,93200,093K+200,24.75789015,121.0563379,175.38
國3,M,93300,093K+300,24.75824438,121.0554286,176.03
國3,M,93400,093K+400,24.75864399,121.0545421,176.38
國3,M,93500,093K+500,24.75908352,121.0536785,176.43
國3,M,93600,093K+600,24.75955655,121.0528364,176.18
國3,M,93700,093K+700,24.76004744,121.0520066,175.57
國3,M,93800,093K+800,24.76054422,121.051181,174.56
國3,M,93900,093K+900,24.76104098,121.0503554,173.56
國3,M,94000,094K+000,24.76152003,121.0495175,172.13
國3,M,94100,094K+100,24.76197867,121.0486661,170.48
國3,M,94200,094K+200,24.76238714,121.0477848,168.49
國3,M,94300,094K+300,24.76274062,121.0468756,166.22
國3,M,94400,094K+400,24.76303399,121.0459411,163.8
國3,M,94500,094K+500,24.7632683,121.0449868,161.18
國3,M,94600,094K+600,24.76343731,121.0440161,158.6
國3,M,94700,094K+700,24.7635377,121.043034,156.03
國3,M,94800,094K+800,24.76358223,121.042047,153.6
國3,M,94900,094K+900,24.76355516,121.0410591,151.76
國3,M,95000,095K+000,24.76346914,121.0400752,150.43
國3,M,95100,095K+100,24.76331882,121.0391005,149.53
國3,M,95200,095K+200,24.76310468,121.0381403,149.12
國3,M,95300,095K+300,24.76282546,121.0372002,149.23
國3,M,95400,095K+400,24.76248962,121.0362827,149.76
國3,M,95500,095K+500,24.76208964,121.0353967,150.89
國3,M,95600,095K+600,24.76163932,121.0345402,152.42
國3,M,95700,095K+700,24.76113044,121.033724,154.35
國3,M,95800,095K+800,24.76057403,121.0329458,155.95
國3,M,95900,095K+900,24.75998173,121.0321997,157.07
國3,M,96000,096K+000,24.75936711,121.0314754,157.7
國3,M,96100,096K+100,24.75874551,121.0307583,157.66
國3,M,96200,096K+200,24.75812695,121.0300381,157.48
國3,M,96300,096K+300,24.75752929,121.0292971,156.67
國3,M,96400,096K+400,24.75696711,121.0285238,155.36
國3,M,96500,096K+500,24.75644677,121.0277163,153.54
國3,M,96600,096K+600,24.75598227,121.026869,151.17
國3,M,96700,096K+700,24.75556456,121.0259932,148.41
國3,M,96800,096K+800,24.75520368,121.0250878,145.08
國3,M,96900,096K+900,24.75489951,121.0241575,142.06
國3,M,97000,097K+000,24.75465067,121.0232078,139.04
國3,M,97100,097K+100,24.75446309,121.0222413,136.12
國3,M,97200,097K+200,24.75433168,121.0212639,133.14
國3,M,97300,097K+300,24.75426302,121.0202787,130.06
國3,M,97400,097K+400,24.75425263,121.0192908,127.1
國3,M,97500,097K+500,24.75430102,121.0183041,124.06
國3,M,97600,097K+600,24.75441415,121.0173239,121.04
國3,M,97700,097K+700,24.75458006,121.0163527,117.98
國3,M,97800,097K+800,24.75479957,121.0153943,114.95
國3,M,97900,097K+900,24.75506011,121.0144482,111.94
國3,M,98000,098K+000,24.75534666,121.0135111,108.92
國3,M,98100,098K+100,24.75564914,121.0125799,106.17
國3,M,98200,098K+200,24.75595162,121.0116487,103.43
國3,M,98300,098K+300,24.7562526,121.0107169,100.71
國3,M,98400,098K+400,24.7565285,121.0097757,98.49
國3,M,98500,098K+500,24.75677253,121.0088241,96.53
國3,M,98600,098K+600,24.7569768,121.0078614,94.84
國3,M,98700,098K+700,24.7571187,121.0068853,93.46
國3,M,98800,098K+800,24.75719749,121.0059005,92.47
國3,M,98900,098K+900,24.75721388,121.0049122,91.72
國3,M,99000,099K+000,24.75716521,121.0039252,91.2
國3,M,99100,099K+100,24.75704835,121.002945,91.05
國3,M,99200,099K+200,24.75688156,121.0019735,91.21
國3,M,99300,099K+300,24.75667535,121.001011,91.59
國3,M,99400,099K+400,24.75644674,121.0000545,92.06
國3,M,99500,099K+500,24.75621988,120.9990975,92.53
國3,M,99600,099K+600,24.75600874,120.9981362,92.94
國3,M,99700,099K+700,24.7558396,120.9971652,93.42
國3,M,99800,099K+800,24.75572587,120.9961847,93.9
國3,M,99900,099K+900,24.75567814,120.9951977,94.31
國3,M,100000,100K+000,24.75570429,120.9942097,94.83
國3,M,100100,100K+100,24.75579873,120.9932267,95.32
國3,M,100200,100K+200,24.75596195,120.9922547,95.71
國3,M,100300,100K+300,24.75619117,120.9912987,95.98
國3,M,100400,100K+400,24.75647139,120.990359,95.98
國3,M,100500,100K+500,24.756786,120.9894323,95.84
國3,M,100600,100K+600,24.75711923,120.9885134,95.47
國3,M,100700,100K+700,24.75745399,120.9875952,95.02
國3,M,100800,100K+800,24.7577622,120.9866659,94.52
國3,M,100900,100K+900,24.75802798,120.9857213,94.08
國3,M,101000,101K+000,24.75822393,120.9847564,93.69
國3,M,101100,101K+100,24.75834094,120.9837763,93.67
國3,M,101200,101K+200,24.75838977,120.9827895,93.94
國3,M,101300,101K+300,24.75835987,120.9818016,94.49
國3,M,101400,101K+400,24.75825756,120.9808195,95.06
國3,M,101500,101K+500,24.75809239,120.9798476,95.61
國3,M,101600,101K+600,24.75790869,120.9788796,96.03
國3,M,101700,101K+700,24.75774868,120.9779066,96.41
國3,M,101800,101K+800,24.75764152,120.976925,96.51
國3,M,101900,101K+900,24.75759538,120.9759378,96.35
國3,M,102000,102K+000,24.75760672,120.9749493,96.05
國3,M,102100,102K+100,24.75767886,120.9739639,95.77
國3,M,102200,102K+200,24.75781225,120.9729863,95.82
國3,M,102300,102K+300,24.75799867,120.972019,96.2
國3,M,102400,102K+400,24.75821485,120.9710591,97.11
國3,M,102500,102K+500,24.75843537,120.9701003,98.17
國3,M,102600,102K+600,24.75864931,120.9691399,99.3
國3,M,102700,102K+700,24.75881914,120.9681691,100.99
國3,M,102800,102K+800,24.75893802,120.9671894,102.66
國3,M,102900,102K+900,24.75900232,120.9662034,104.01
國3,M,103000,103K+000,24.75901901,120.9652151,105.03
國3,M,103100,103K+100,24.75897891,120.9642275,105.82
國3,M,103200,103K+200,24.75888369,120.9632445,106.23
國3,M,103300,103K+300,24.75874167,120.9622682,106.39
國3,M,103400,103K+400,24.75854326,120.9613038,106.14
國3,M,103500,103K+500,24.7582963,120.960353,105.71
國3,M,103600,103K+600,24.75799466,120.9594212,104.91
國3,M,103700,103K+700,24.75764724,120.9585088,103.96
國3,M,103800,103K+800,24.75725888,120.9576164,102.82
國3,M,103900,103K+900,24.75684289,120.9567391,101.44
國3,M,104000,104K+000,24.7564054,120.9558743,99.72
國3,M,104100,104K+100,24.75596159,120.9550135,97.85
國3,M,104200,104K+200,24.75551777,120.9541527,95.97
國3,M,104300,104K+300,24.7550858,120.9532848,93.73
國3,M,104400,104K+400,24.75467527,120.9524046,91.24
國3,M,104500,104K+500,24.7542952,120.9515083,88.53
國3,M,104600,104K+600,24.7539697,120.9505866,85.96
國3,M,104700,104K+700,24.75368363,120.9496494,83.59
國3,M,104800,104K+800,24.7534532,120.9486939,81.43
國3,M,104900,104K+900,24.75327588,120.9477247,79.47
國3,M,105000,105K+000,24.75315024,120.9467461,77.73
國3,M,105100,105K+100,24.75307607,120.945761,76.24
國3,M,105200,105K+200,24.75304099,120.9447733,74.95
國3,M,105300,105K+300,24.75303782,120.9437848,73.89
國3,M,105400,105K+400,24.75305824,120.9427964,73.07
國3,M,105500,105K+500,24.75309516,120.9418085,72.58
國3,M,105600,105K+600,24.75313586,120.9408208,72.2
國3,M,105700,105K+700,24.75316942,120.9398328,71.98
國3,M,105800,105K+800,24.75318059,120.9388443,72.06
國3,M,105900,105K+900,24.7531491,120.9378564,72.36
國3,M,106000,106K+000,24.75306388,120.9368724,72.63
國3,M,106100,106K+100,24.75291648,120.9358971,72.51
國3,M,106200,106K+200,24.75270701,120.9349356,72.23
國3,M,106300,106K+300,24.75244163,120.9339909,71.67
國3,M,106400,106K+400,24.75212123,120.9330668,70.77
國3,M,106500,106K+500,24.75174406,120.9321689,69.56
國3,M,106600,106K+600,24.75131454,120.9312996,68.08
國3,M,106700,106K+700,24.75083117,120.930465,66.32
國3,M,106800,106K+800,24.75029701,120.9296683,64.25
國3,M,106900,106K+900,24.74971791,120.9289105,61.86
國3,M,107000,107K+000,24.74909238,120.9281981,59.48
國3,M,107100,107K+100,24.74842751,120.9275298,57.4
國3,M,107200,107K+200,24.74773062,120.9269017,55.53
國3,M,107300,107K+300,24.74701379,120.9263009,53.99
國3,M,107400,107K+400,24.74628531,120.9257169,52.83
國3,M,107500,107K+500,24.74555577,120.9251346,51.69
國3,M,107600,107K+600,24.74482798,120.9245496,50.69
國3,M,107700,107K+700,24.74410841,120.9239526,50.04
國3,M,107800,107K+800,24.743403,120.9233357,49.52
國3,M,107900,107K+900,24.74271756,120.9226924,49.0
國3,M,108000,108K+000,24.74206017,120.922015,48.4
國3,M,108100,108K+100,24.74143701,120.9212998,47.93
國3,M,108200,108K+200,24.7408455,120.9205531,47.42
國3,M,108300,108K+300,24.74029043,120.9197737,46.82
國3,M,108400,108K+400,24.73976991,120.9189662,46.22
國3,M,108500,108K+500,24.73928673,120.9181313,45.63
國3,M,108600,108K+600,24.73883462,120.9172757,45.02
國3,M,108700,108K+700,24.73841306,120.9164016,44.37
國3,M,108800,108K+800,24.73800728,120.9155185,43.82
國3,M,108900,108K+900,24.73761212,120.9146296,43.24
國3,M,109000,109K+000,24.73721837,120.91374,42.64
國3,M,109100,109K+100,24.7368187,120.9128536,42.14
國3,M,109200,109K+200,24.73640734,120.9119736,41.81
國3,M,109300,109K+300,24.73597196,120.9111077,41.78
國3,M,109400,109K+400,24.73550276,120.9102633,42.04
國3,M,109500,109K+500,24.7350023,120.9094406,42.6
國3,M,109600,109K+600,24.73446497,120.9086464,43.12
國3,M,109700,109K+700,24.73389716,120.907878,44.11
國3,M,109800,109K+800,24.73329788,120.9071389,45.37
國3,M,109900,109K+900,24.73266926,120.9064296,46.94
國3,M,110000,110K+000,24.73200898,120.9057557,48.68
國3,M,110100,110K+100,24.73132404,120.9051121,50.63
國3,M,110200,110K+200,24.73061366,120.9045025,52.93
國3,M,110300,110K+300,24.72987629,120.9039328,55.31
國3,M,110400,110K+400,24.72911816,120.9033967,57.7
國3,M,110500,110K+500,24.72833874,120.9028983,59.97
國3,M,110600,110K+600,24.72754406,120.9024297,62.43
國3,M,110700,110K+700,24.72674161,120.9019774,64.79
國3,M,110800,110K+800,24.72593285,120.9015386,67.14
國3,M,110900,110K+900,24.72512404,120.9010999,69.5
國3,M,111000,111K+000,24.72431524,120.9006612,71.86
國3,M,111100,111K+100,24.72350643,120.9002225,74.21
國3,M,111200,111K+200,24.72270617,120.8997652,76.2
國3,M,111300,111K+300,24.72191219,120.8992949,77.76
國3,M,111400,111K+400,24.72112757,120.8988061,78.81
國3,M,111500,111K+500,24.72035195,120.8983003,79.46
國3,M,111600,111K+600,24.71958734,120.8977748,79.65
國3,M,111700,111K+700,24.71883209,120.8972333,79.47
國3,M,111800,111K+800,24.71808822,120.8966731,78.85
國3,M,111900,111K+900,24.71735784,120.8960922,77.72
國3,M,112000,112K+000,24.71664268,120.8954892,76.15
國3,M,112100,112K+100,24.71593966,120.8948694,74.32
國3,M,112200,112K+200,24.71525554,120.8942248,72.4
國3,M,112300,112K+300,24.71458875,120.8935587,70.45
國3,M,112400,112K+400,24.71394252,120.8928688,68.5
國3,M,112500,112K+500,24.71331666,120.8921567,66.59
國3,M,112600,112K+600,24.71271354,120.8914215,64.71
國3,M,112700,112K+700,24.71213341,120.8906643,63.2
國3,M,112800,112K+800,24.71157251,120.88989,62.02
國3,M,112900,112K+900,24.7110358,120.8890953,61.22
國3,M,113000,113K+000,24.71052277,120.888282,60.77
國3,M,113100,113K+100,24.7100338,120.8874512,60.32
國3,M,113200,113K+200,24.70957155,120.8866022,59.88
國3,M,113300,113K+300,24.70912919,120.8857406,59.46
國3,M,113400,113K+400,24.70870955,120.8848655,59.05
國3,M,113500,113K+500,24.70830913,120.8839797,58.6
國3,M,113600,113K+600,24.70792608,120.8830847,58.16
國3,M,113700,113K+700,24.70755124,120.8821856,57.68
國3,M,113800,113K+800,24.70718333,120.881283,57.19
國3,M,113900,113K+900,24.70682445,120.8803761,56.4
國3,M,114000,114K+000,24.70646794,120.8794681,55.53
國3,M,114100,114K+100,24.70611141,120.8785602,54.66
國3,M,114200,114K+200,24.70575488,120.8776522,53.79
國3,M,114300,114K+300,24.70539835,120.8767442,52.92
國3,M,114400,114K+400,24.70504181,120.8758362,52.06
國3,M,114500,114K+500,24.70468526,120.8749282,51.19
國3,M,114600,114K+600,24.70432871,120.8740203,50.32
國3,M,114700,114K+700,24.70397216,120.8731123,49.45
國3,M,114800,114K+800,24.7036156,120.8722044,48.59
國3,M,114900,114K+900,24.70325903,120.8712964,47.72
國3,M,115000,115K+000,24.70290246,120.8703885,46.85
國3,M,115100,115K+100,24.70254588,120.8694805,45.98
國3,M,115200,115K+200,24.70218929,120.8685726,45.12
國3,M,115300,115K+300,24.70183271,120.8676647,44.25
國3,M,115400,115K+400,24.70147611,120.8667568,43.38
國3,M,115500,115K+500,24.70110928,120.8658538,42.12
國3,M,115600,115K+600,24.70072749,120.8649583,40.83
國3,M,115700,115K+700,24.70032844,120.8640719,39.52
國3,M,115800,115K+800,24.69990405,120.8631998,38.17
國3,M,115900,115K+900,24.69945231,120.8623442,36.96
國3,M,116000,116K+000,24.69896757,120.8615106,36.06
國3,M,116100,116K+100,24.69845515,120.860697,35.37
國3,M,116200,116K+200,24.69791678,120.8599038,34.97
國3,M,116300,116K+300,24.69734903,120.8591355,34.69
國3,M,116400,116K+400,24.69675782,120.8583887,34.39
國3,M,116500,116K+500,24.69614288,120.8576651,34.09
國3,M,116600,116K+600,24.6955107,120.8569596,33.79
國3,M,116700,116K+700,24.6948648,120.8562691,33.47
國3,M,116800,116K+800,24.69420766,120.8555915,33.25
國3,M,116900,116K+900,24.69354096,120.8549252,33.11
國3,M,117000,117K+000,24.69286426,120.854271,33.01
國3,M,117100,117K+100,24.69217546,120.853632,32.98
國3,M,117200,117K+200,24.69147528,120.8530082,33.01
國3,M,117300,117K+300,24.69076541,120.8523976,33.12
國3,M,117400,117K+400,24.69004648,120.8517999,33.3
國3,M,117500,117K+500,24.68931784,120.8512164,33.55
國3,M,117600,117K+600,24.68857929,120.850648,33.88
國3,M,117700,117K+700,24.68782575,120.8501038,34.27
國3,M,117800,117K+800,24.68705288,120.8495933,34.72
國3,M,117900,117K+900,24.68626071,120.8491196,35.25
國3,M,118000,118K+000,24.68544574,120.8486948,35.84
國3,M,118100,118K+100,24.68460989,120.8483216,36.4
國3,M,118200,118K+200,24.68375561,120.8480022,36.97
國3,M,118300,118K+300,24.68288716,120.8477327,37.54
國3,M,118400,118K+400,24.68200652,120.8475154,37.87
國3,M,118500,118K+500,24.68111556,120.8473562,37.93
國3,M,118600,118K+600,24.68021867,120.8472441,37.73
國3,M,118700,118K+700,24.67931723,120.8471905,37.25
國3,M,118800,118K+800,24.67841449,120.8471902,36.58
國3,M,118900,118K+900,24.67751221,120.8472245,35.77
國3,M,119000,119K+000,24.67661075,120.847279,35.03
國3,M,119100,119K+100,24.67570941,120.8473361,34.3
國3,M,119200,119K+200,24.67480754,120.847382,33.74
國3,M,119300,119K+300,24.67390483,120.8473981,33.45
國3,M,119400,119K+400,24.67300224,120.8473808,33.35
國3,M,119500,119K+500,24.67210104,120.847324,33.52
國3,M,119600,119K+600,24.67120272,120.8472268,33.94
國3,M,119700,119K+700,24.67030807,120.8470948,34.59
國3,M,119800,119K+800,24.66941951,120.8469206,35.37
國3,M,119900,119K+900,24.66853762,120.8467093,36.16
國3,M,120000,120K+000,24.66766458,120.8464578,36.94
國3,M,120100,120K+100,24.6668023,120.8461654,37.7
國3,M,120200,120K+200,24.66594988,120.8458402,38.47
國3,M,120300,120K+300,24.6651108,120.8454758,39.24
國3,M,120400,120K+400,24.66428606,120.8450741,40.02
國3,M,120500,120K+500,24.66347565,120.8446388,40.8
國3,M,120600,120K+600,24.66268284,120.8441663,41.57
國3,M,120700,120K+700,24.66190584,120.8436633,42.38
國3,M,120800,120K+800,24.66114926,120.8431243,43.16
國3,M,120900,120K+900,24.66041394,120.8425512,43.91
國3,M,121000,121K+000,24.65969776,120.8419498,44.68
國3,M,121100,121K+100,24.65899744,120.8413263,45.45
國3,M,121200,121K+200,24.65831298,120.8406821,46.19
國3,M,121300,121K+300,24.65764008,120.8400235,46.91
國3,M,121400,121K+400,24.65698069,120.8393486,47.56
國3,M,121500,121K+500,24.65632989,120.8386639,48.21
國3,M,121600,121K+600,24.65568294,120.8379748,48.86
國3,M,121700,121K+700,24.65504,120.8372812,49.43
國3,M,121800,121K+800,24.65439831,120.8365863,49.97
國3,M,121900,121K+900,24.65375662,120.8358913,50.51
國3,M,122000,122K+000,24.65311492,120.8351963,51.06
國3,M,122100,122K+100,24.65247322,120.8345014,51.6
國3,M,122200,122K+200,24.65183152,120.8338064,52.14
國3,M,122300,122K+300,24.65118981,120.8331115,52.68
國3,M,122400,122K+400,24.6505481,120.8324166,53.22
國3,M,122500,122K+500,24.64990639,120.8317216,53.76
國3,M,122600,122K+600,24.64926467,120.8310267,54.3
國3,M,122700,122K+700,24.64862295,120.8303318,54.85
國3,M,122800,122K+800,24.64798123,120.8296369,55.39
國3,M,122900,122K+900,24.6473395,120.828942,55.93
國3,M,123000,123K+000,24.64669778,120.8282471,56.47
國3,M,123100,123K+100,24.64605604,120.8275522,57.01
國3,M,123200,123K+200,24.64541431,120.8268574,57.56
國3,M,123300,123K+300,24.64477257,120.8261625,58.1
國3,M,123400,123K+400,24.64413083,120.8254676,58.64
國3,M,123500,123K+500,24.64348908,120.8247728,59.18
國3,M,123600,123K+600,24.64284733,120.8240779,59.72
國3,M,123700,123K+700,24.64220558,120.8233831,60.26
國3,M,123800,123K+800,24.64156346,120.8226887,60.92
國3,M,123900,123K+900,24.64091775,120.8219985,62.67
國3,M,124000,124K+000,24.64026843,120.8213124,64.39
國3,M,124100,124K+100,24.63960449,120.8206432,65.97
國3,M,124200,124K+200,24.63892713,120.8199903,67.3
國3,M,124300,124K+300,24.638227,120.8193668,68.87
國3,M,124400,124K+400,24.63750665,120.8187717,70.64
國3,M,124500,124K+500,24.63676896,120.8182026,72.43
國3,M,124600,124K+600,24.63601165,120.8176652,74.19
國3,M,124700,124K+700,24.63523627,120.8171596,76.0
國3,M,124800,124K+800,24.6344438,120.8166869,77.72
國3,M,124900,124K+900,24.63363665,120.8162447,79.2
國3,M,125000,125K+000,24.63281551,120.8158344,80.37
國3,M,125100,125K+100,24.63197989,120.8154606,81.14
國3,M,125200,125K+200,24.63113153,120.8151229,81.57
國3,M,125300,125K+300,24.63027337,120.8148163,81.66
國3,M,125400,125K+400,24.62940508,120.814546,81.44
國3,M,125500,125K+500,24.62852827,120.8143107,80.86
國3,M,125600,125K+600,24.62764435,120.8141099,79.94
國3,M,125700,125K+700,24.62675561,120.8139365,78.69
國3,M,125800,125K+800,24.62586393,120.8137818,77.51
國3,M,125900,125K+900,24.62497226,120.8136271,76.32
國3,M,126000,126K+000,24.62408083,120.8134708,75.13
國3,M,126100,126K+100,24.62319161,120.8133001,73.92
國3,M,126200,126K+200,24.62230617,120.8131075,72.63
國3,M,126300,126K+300,24.62142721,120.8128823,71.26
國3,M,126400,126K+400,24.62055775,120.812617,69.9
國3,M,126500,126K+500,24.61970214,120.8123025,68.53
國3,M,126600,126K+600,24.61886108,120.8119441,67.14
國3,M,126700,126K+700,24.61803676,120.8115418,65.76
國3,M,126800,126K+800,24.61723329,120.8110918,64.38
國3,M,126900,126K+900,24.61645121,120.8105988,62.99
國3,M,127000,127K+000,24.61569247,120.810064,61.6
國3,M,127100,127K+100,24.61495881,120.8094888,60.22
國3,M,127200,127K+200,24.61425237,120.8088742,58.93
國3,M,127300,127K+300,24.61357408,120.8082226,57.79
國3,M,127400,127K+400,24.61292766,120.8075334,56.82
國3,M,127500,127K+500,24.61231371,120.8068094,55.97
國3,M,127600,127K+600,24.61173567,120.8060511,55.3
國3,M,127700,127K+700,24.61119052,120.8052641,54.79
國3,M,127800,127K+800,24.6106792,120.8044504,54.43
國3,M,127900,127K+900,24.61020326,120.8036112,54.23
國3,M,128000,128K+000,24.60975909,120.8027515,54.18
國3,M,128100,128K+100,24.60933666,120.8018787,54.26
國3,M,128200,128K+200,24.60892624,120.8009991,54.45
國3,M,128300,128K+300,24.60853115,120.8001111,54.92
國3,M,128400,128K+400,24.60813606,120.7992231,55.38
國3,M,128500,128K+500,24.60774035,120.7983355,55.86
國3,M,128600,128K+600,24.60733866,120.797451,56.39
國3,M,128700,128K+700,24.60692108,120.7965755,56.98
國3,M,128800,128K+800,24.60648476,120.7957109,57.48
國3,M,128900,128K+900,24.6060268,120.7948599,57.98
國3,M,129000,129K+000,24.60554544,120.7940246,58.5
國3,M,129100,129K+100,24.60503186,120.7932125,59.03
國3,M,129200,129K+200,24.60449008,120.7924226,59.52
國3,M,129300,129K+300,24.60391666,120.7916599,60.04
國3,M,129400,129K+400,24.60332225,120.7909167,60.43
國3,M,129500,129K+500,24.60269786,120.7902036,60.64
國3,M,129600,129K+600,24.60205032,120.7895156,60.74
國3,M,129700,129K+700,24.60137804,120.7888566,60.65
國3,M,129800,129K+800,24.60068582,120.7882227,60.36
國3,M,129900,129K+900,24.59997545,120.7876132,59.88
國3,M,130000,130K+000,24.59925334,120.7870204,59.26
國3,M,130100,130K+100,24.59852558,120.786436,58.69
國3,M,130200,130K+200,24.59779608,120.7858542,58.12
國3,M,130300,130K+300,24.59706994,120.7852674,57.61
國3,M,130400,130K+400,24.59635012,120.7846713,57.34
國3,M,130500,130K+500,24.59564806,120.7840505,57.47
國3,M,130600,130K+600,24.59496222,120.7834084,57.94
國3,M,130700,130K+700,24.59429957,120.782738,58.87
國3,M,130800,130K+800,24.59365858,120.7820428,60.2
國3,M,130900,130K+900,24.59304254,120.7813213,61.93
國3,M,131000,131K+000,24.59244973,120.7805769,63.93
國3,M,131100,131K+100,24.59188147,120.7798099,65.96
國3,M,131200,131K+200,24.59133991,120.7790202,68.0
國3,M,131300,131K+300,24.59082472,120.7782096,69.95
國3,M,131400,131K+400,24.59033297,120.7773818,71.93
國3,M,131500,131K+500,24.58986238,120.7765393,73.84
國3,M,131600,131K+600,24.5894037,120.7756891,75.8
國3,M,131700,131K+700,24.58894501,120.7748388,77.76
國3,M,131800,131K+800,24.58848499,120.7739894,79.72
國3,M,131900,131K+900,24.58801439,120.7731469,81.79
國3,M,132000,132K+000,24.587524,120.7723181,83.75
國3,M,132100,132K+100,24.58700935,120.7715072,85.72
國3,M,132200,132K+200,24.58646598,120.7707189,87.67
國3,M,132300,132K+300,24.58589741,120.7699523,89.66
國3,M,132400,132K+400,24.58530431,120.7692082,91.62
國3,M,132500,132K+500,24.58468254,120.7684926,93.38
國3,M,132600,132K+600,24.58403471,120.7678051,94.44
國3,M,132700,132K+700,24.58335843,120.767151,94.7
國3,M,132800,132K+800,24.58265335,120.7665346,94.1
國3,M,132900,132K+900,24.58192438,120.7659524,93.07
國3,M,133000,133K+000,24.58117173,120.7654074,91.91
國3,M,133100,133K+100,24.58039498,120.7649046,90.77
國3,M,133200,133K+200,24.57959752,120.7644421,89.68
國3,M,133300,133K+300,24.5787816,120.7640199,88.56
國3,M,133400,133K+400,24.57794722,120.7636431,87.42
國3,M,133500,133K+500,24.57709805,120.7633083,86.27
國3,M,133600,133K+600,24.57623537,120.7630177,85.1
國3,M,133700,133K+700,24.57536204,120.7627677,83.98
國3,M,133800,133K+800,24.57448119,120.7625514,82.78
國3,M,133900,133K+900,24.57359704,120.7623518,81.54
國3,M,134000,134K+000,24.57271031,120.7621662,80.64
國3,M,134100,134K+100,24.57182271,120.7619854,79.97
國3,M,134200,134K+200,24.57093704,120.7617938,79.81
國3,M,134300,134K+300,24.57005345,120.761591,80.02
國3,M,134400,134K+400,24.56917445,120.7613657,80.44
國3,M,134500,134K+500,24.56830144,120.761114,80.73
國3,M,134600,134K+600,24.56743939,120.7608208,81.03
國3,M,134700,134K+700,24.56658759,120.7604938,81.35
國3,M,134800,134K+800,24.56574646,120.7601352,81.66
國3,M,134900,134K+900,24.56492004,120.7597378,81.92
國3,M,135000,135K+000,24.56410846,120.7593055,82.17
國3,M,135100,135K+100,24.56331149,120.7588418,82.42
國3,M,135200,135K+200,24.5625306,120.7583464,82.67
國3,M,135300,135K+300,24.56176899,120.7578164,82.95
國3,M,135400,135K+400,24.56102744,120.7572534,83.29
國3,M,135500,135K+500,24.5603077,120.7566576,83.72
國3,M,135600,135K+600,24.5596059,120.7560366,84.22
國3,M,135700,135K+700,24.55891854,120.7553965,84.61
國3,M,135800,135K+800,24.5582462,120.7547377,84.97
國3,M,135900,135K+900,24.55758247,120.7540685,85.28
國3,M,136000,136K+000,24.55692091,120.7533967,85.63
國3,M,136100,136K+100,24.55626079,120.7527232,86.02
國3,M,136200,136K+200,24.55560065,120.7520497,86.4
國3,M,136300,136K+300,24.55493802,120.7513793,86.82
國3,M,136400,136K+400,24.55426707,120.7507187,87.36
國3,M,136500,136K+500,24.55358914,120.7500668,88.0
國3,M,136600,136K+600,24.5529019,120.7494266,88.67
國3,M,136700,136K+700,24.55220033,120.7488054,89.53
國3,M,136800,136K+800,24.55148926,120.7481973,90.38
國3,M,136900,136K+900,24.55076869,120.7476026,91.22
國3,M,137000,137K+000,24.55003656,120.747025,92.06
國3,M,137100,137K+100,24.54929389,120.7464637,93.06
國3,M,137200,137K+200,24.54854039,120.74592,94.12
國3,M,137300,137K+300,24.54777709,120.745393,95.21
國3,M,137400,137K+400,24.54700566,120.7448803,96.33
國3,M,137500,137K+500,24.54622583,120.744383,97.43
國3,M,137600,137K+600,24.54543962,120.7438978,98.53
國3,M,137700,137K+700,24.54464822,120.7434228,99.64
國3,M,137800,137K+800,24.54385493,120.7429516,100.75
國3,M,137900,137K+900,24.54306165,120.7424804,101.85
國3,M,138000,138K+000,24.54226836,120.7420092,102.96
國3,M,138100,138K+100,24.54147525,120.7415376,104.05
國3,M,138200,138K+200,24.54068475,120.7410608,105.04
國3,M,138300,138K+300,24.5398996,120.7405734,105.66
國3,M,138400,138K+400,24.5391209,120.7400739,106.0
國3,M,138500,138K+500,24.53835059,120.7395592,106.05
國3,M,138600,138K+600,24.53758916,120.7390289,105.81
國3,M,138700,138K+700,24.53683909,120.7384796,105.24
國3,M,138800,138K+800,24.53610239,120.7379091,104.5
國3,M,138900,138K+900,24.53537727,120.7373212,103.44
國3,M,139000,139K+000,24.53466729,120.7367116,102.05
國3,M,139100,139K+100,24.53396945,120.7360856,100.42
國3,M,139200,139K+200,24.53328424,120.7354432,98.59
國3,M,139300,139K+300,24.53261304,120.7347833,96.78
國3,M,139400,139K+400,24.53195199,120.7341113,94.96
國3,M,139500,139K+500,24.53130046,120.7334283,93.15
國3,M,139600,139K+600,24.53065273,120.7327409,91.35
國3,M,139700,139K+700,24.53000874,120.7320494,89.56
國3,M,139800,139K+800,24.52936685,120.7313556,87.77
國3,M,139900,139K+900,24.52872495,120.7306617,85.99
國3,M,140000,140K+000,24.52807851,120.7299729,84.17
國3,M,140100,140K+100,24.52742517,120.729292,82.35
國3,M,140200,140K+200,24.52675617,120.7286295,80.6
國3,M,140300,140K+300,24.52607181,120.7279861,78.89
國3,M,140400,140K+400,24.52536852,120.7273676,77.12
國3,M,140500,140K+500,24.52464755,120.7267738,75.29
國3,M,140600,140K+600,24.5239076,120.7262087,73.53
國3,M,140700,140K+700,24.52314993,120.7256723,71.99
國3,M,140800,140K+800,24.5223775,120.7251617,70.83
國3,M,140900,140K+900,24.52159366,120.724672,70.0
國3,M,141000,141K+000,24.52079867,120.7242043,69.66
國3,M,141100,141K+100,24.51999534,120.7237538,70.09
國3,M,141200,141K+200,24.51919186,120.7233037,70.53
國3,M,141300,141K+300,24.51838838,120.7228535,70.98
國3,M,141400,141K+400,24.51758655,120.7223999,71.58
國3,M,141500,141K+500,24.51678853,120.7219384,72.34
國3,M,141600,141K+600,24.51599962,120.7214587,73.06
國3,M,141700,141K+700,24.51522268,120.7209561,73.76
國3,M,141800,141K+800,24.51445934,120.7204292,74.44
國3,M,141900,141K+900,24.51371493,120.7198709,75.09
國3,M,142000,142K+000,24.51298723,120.7192868,75.82
國3,M,142100,142K+100,24.51227755,120.7186769,76.56
國3,M,142200,142K+200,24.51158861,120.7180392,77.29
國3,M,142300,142K+300,24.51091622,120.7173808,77.98
國3,M,142400,142K+400,24.5102638,120.7166988,78.48
國3,M,142500,142K+500,24.50962472,120.7160018,78.64
國3,M,142600,142K+600,24.50900026,120.7152892,78.33
國3,M,142700,142K+700,24.50838415,120.7145679,77.69
國3,M,142800,142K+800,24.50778034,120.7138343,76.36
國3,M,142900,142K+900,24.50717654,120.7131008,75.02
國3,M,143000,143K+000,24.50657273,120.7123673,73.68
國3,M,143100,143K+100,24.50596573,120.7116369,72.13
國3,M,143200,143K+200,24.50535243,120.710913,70.53
國3,M,143300,143K+300,24.50472268,120.7102062,68.91
國3,M,143400,143K+400,24.50406867,120.7095263,67.29
國3,M,143500,143K+500,24.50339286,120.7088724,65.67
國3,M,143600,143K+600,24.50268356,120.7082624,64.0
國3,M,143700,143K+700,24.50194641,120.7076931,62.37
國3,M,143800,143K+800,24.50118278,120.7071672,60.72
國3,M,143900,143K+900,24.50039471,120.7066863,59.09
國3,M,144000,144K+000,24.49958615,120.7062479,57.49
國3,M,144100,144K+100,24.4987562,120.7058598,56.12
國3,M,144200,144K+200,24.49790841,120.7055211,55.27
國3,M,144300,144K+300,24.4970468,120.7052267,54.76
國3,M,144400,144K+400,24.4961717,120.7049842,54.81
國3,M,144500,144K+500,24.4952879,120.7047828,55.3
國3,M,144600,144K+600,24.49439974,120.7046058,56.28
國3,M,144700,144K+700,24.49351053,120.7044351,57.42
國3,M,144800,144K+800,24.49262159,120.7042627,58.56
國3,M,144900,144K+900,24.49173488,120.7040771,59.69
國3,M,145000,145K+000,24.49085278,120.7038672,60.86
國3,M,145100,145K+100,24.48997866,120.7036208,62.07
國3,M,145200,145K+200,24.48911658,120.7033282,63.24
國3,M,145300,145K+300,24.48827098,120.7029832,64.4
國3,M,145400,145K+400,24.48744072,120.7025961,65.57
國3,M,145500,145K+500,24.48663089,120.7021604,66.68
國3,M,145600,145K+600,24.48584263,120.7016799,67.68
國3,M,145700,145K+700,24.48508032,120.7011516,68.56
國3,M,145800,145K+800,24.48434354,120.7005816,69.29
國3,M,145900,145K+900,24.48363555,120.6999697,69.86
國3,M,146000,146K+000,24.48295509,120.6993215,70.35
國3,M,146100,146K+100,24.48230861,120.698633,70.7
國3,M,146200,146K+200,24.48169059,120.6979139,70.96
國3,M,146300,146K+300,24.48109549,120.697172,71.12
國3,M,146400,146K+400,24.48052549,120.696407,71.12
國3,M,146500,146K+500,24.47997195,120.6956276,71.04
國3,M,146600,146K+600,24.47943595,120.6948337,70.81
國3,M,146700,146K+700,24.47890974,120.6940321,70.5
國3,M,146800,146K+800,24.47838838,120.6932266,70.21
國3,M,146900,146K+900,24.4778684,120.6924201,69.93
國3,M,147000,147K+000,24.47734841,120.6916136,69.64
國3,M,147100,147K+100,24.47682595,120.690809,69.41
國3,M,147200,147K+200,24.47629536,120.6900108,69.34
國3,M,147300,147K+300,24.47575577,120.6892198,69.43
國3,M,147400,147K+400,24.47520189,120.6884407,69.67
國3,M,147500,147K+500,24.47463409,120.6876738,70.01
國3,M,147600,147K+600,24.47404796,120.6869235,70.51
國3,M,147700,147K+700,24.47344395,120.6861903,71.09
國3,M,147800,147K+800,24.4728159,120.6854816,71.64
國3,M,147900,147K+900,24.47216395,120.6847993,72.22
國3,M,148000,148K+000,24.47148779,120.6841457,72.78
國3,M,148100,148K+100,24.47078637,120.6835248,73.36
國3,M,148200,148K+200,24.47005874,120.682941,73.95
國3,M,148300,148K+300,24.46931051,120.6823893,74.49
國3,M,148400,148K+400,24.46854199,120.6818718,75.0
國3,M,148500,148K+500,24.46775182,120.6813948,75.58
國3,M,148600,148K+600,24.46694484,120.6809527,76.19
國3,M,148700,148K+700,24.46612136,120.6805486,76.83
國3,M,148800,148K+800,24.46528233,120.6801844,77.44
國3,M,148900,148K+900,24.46442862,120.6798633,77.96
國3,M,149000,149K+000,24.46356307,120.6795831,78.54
國3,M,149100,149K+100,24.46268931,120.679335,79.22
國3,M,149200,149K+200,24.46180781,120.6791222,80.11
國3,M,149300,149K+300,24.46092095,120.678938,81.23
國3,M,149400,149K+400,24.46002958,120.6787818,82.53
國3,M,149500,149K+500,24.45913484,120.6786505,83.89
國3,M,149600,149K+600,24.45823692,120.6785484,85.29
國3,M,149700,149K+700,24.45733689,120.6784711,86.71
國3,M,149800,149K+800,24.4564353,120.6784205,88.11
國3,M,149900,149K+900,24.45553289,120.6783953,89.51
國3,M,150000,150K+000,24.45463019,120.678394,90.91
國3,M,150100,150K+100,24.45372777,120.6784189,92.33
國3,M,150200,150K+200,24.45282621,120.67847,93.57
國3,M,150300,150K+300,24.45192622,120.6785477,94.34
國3,M,150400,150K+400,24.45102838,120.6786516,94.62
國3,M,150500,150K+500,24.45013312,120.6787793,94.52
國3,M,150600,150K+600,24.44924166,120.6789353,93.92
國3,M,150700,150K+700,24.44835416,120.679116,92.88
國3,M,150800,150K+800,24.4474713,120.6793222,91.8
國3,M,150900,150K+900,24.44659305,120.6795505,90.58
國3,M,151000,151K+000,24.44572012,120.6798022,89.42
國3,M,151100,151K+100,24.44485097,120.680069,88.35
國3,M,151200,151K+200,24.44398583,120.680351,87.21
國3,M,151300,151K+300,24.44312121,120.6806349,86.1
國3,M,151400,151K+400,24.44225792,120.6809236,85.03
國3,M,151500,151K+500,24.44139463,120.6812123,83.96
國3,M,151600,151K+600,24.44053133,120.681501,82.89
國3,M,151700,151K+700,24.43966634,120.6817835,81.99
國3,M,151800,151K+800,24.43879803,120.6820537,81.44
國3,M,151900,151K+900,24.43792519,120.6823059,81.12
國3,M,152000,152K+000,24.43704774,120.6825381,80.88
國3,M,152100,152K+100,24.43616495,120.6827447,80.86
國3,M,152200,152K+200,24.4352775,120.682926,81.06
國3,M,152300,152K+300,24.43438415,120.6830689,81.42
國3,M,152400,152K+400,24.43348656,120.683175,82.04
國3,M,152500,152K+500,24.43258552,120.6832354,82.81
國3,M,152600,152K+600,24.43168285,120.6832507,83.75
國3,M,152700,152K+700,24.43078074,120.6832163,84.65
國3,M,152800,152K+800,24.42988126,120.6831332,85.34
國3,M,152900,152K+900,24.42898628,120.6830046,85.73
國3,M,153000,153K+000,24.42809922,120.6828214,85.84
國3,M,153100,153K+100,24.42722142,120.6825915,85.64
國3,M,153200,153K+200,24.42635504,120.6823144,85.16
國3,M,153300,153K+300,24.42550158,120.6819931,84.68
國3,M,153400,153K+400,24.42466399,120.6816251,84.24
國3,M,153500,153K+500,24.42384066,120.6812206,83.76
國3,M,153600,153K+600,24.42303225,120.6807816,83.28
國3,M,153700,153K+700,24.42223615,120.6803165,82.8
國3,M,153800,153K+800,24.42145153,120.6798287,82.32
國3,M,153900,153K+900,24.42067324,120.6793289,81.86
國3,M,154000,154K+000,24.41990131,120.6788175,81.43
國3,M,154100,154K+100,24.4191316,120.678302,81.0
國3,M,154200,154K+200,24.41836189,120.6777866,80.58
國3,M,154300,154K+300,24.41759217,120.6772711,80.15
國3,M,154400,154K+400,24.4168189,120.6767621,80.07
國3,M,154500,154K+500,24.41604445,120.6762552,80.1
國3,M,154600,154K+600,24.4152642,120.675759,80.34
國3,M,154700,154K+700,24.41447728,120.6752756,80.81
國3,M,154800,154K+800,24.41368434,120.6748041,81.41
國3,M,154900,154K+900,24.41288289,120.6743501,82.06
國3,M,155000,155K+000,24.41207168,120.6739173,82.7
國3,M,155100,155K+100,24.41125195,120.6735041,83.36
國3,M,155200,155K+200,24.41042338,120.6731126,84.03
國3,M,155300,155K+300,24.40958518,120.6727461,84.7
國3,M,155400,155K+400,24.40873883,120.6724027,85.35
國3,M,155500,155K+500,24.40788517,120.6720817,86.03
國3,M,155600,155K+600,24.40702396,120.6717858,86.71
國3,M,155700,155K+700,24.40615711,120.6715101,87.42
國3,M,155800,155K+800,24.40528464,120.6712565,88.13
國3,M,155900,155K+900,24.4044082,120.6710198,88.88
國3,M,156000,156K+000,24.40352796,120.6708005,89.59
國3,M,156100,156K+100,24.40264525,120.6705933,90.3
國3,M,156200,156K+200,24.40175968,120.6704013,91.0
國3,M,156300,156K+300,24.40087368,120.6702116,91.7
國3,M,156400,156K+400,24.39998618,120.6700304,92.36
國3,M,156500,156K+500,24.39909822,120.669852,93.0
國3,M,156600,156K+600,24.39821011,120.6696744,93.65
國3,M,156700,156K+700,24.39732167,120.6694987,94.35
國3,M,156800,156K+800,24.39643324,120.6693231,95.05
國3,M,156900,156K+900,24.3955448,120.6691475,95.75
國3,M,157000,157K+000,24.39465637,120.6689719,96.45
國3,M,157100,157K+100,24.39376793,120.6687963,97.15
國3,M,157200,157K+200,24.3928795,120.6686206,97.85
國3,M,157300,157K+300,24.39199106,120.668445,98.54
國3,M,157400,157K+400,24.39110262,120.6682694,99.24
國3,M,157500,157K+500,24.39021419,120.6680938,99.94
國3,M,157600,157K+600,24.38932575,120.6679182,100.64
國3,M,157700,157K+700,24.38843731,120.6677426,101.34
國3,M,157800,157K+800,24.38754887,120.667567,102.04
國3,M,157900,157K+900,24.38666043,120.6673914,102.74
國3,M,158000,158K+000,24.3857719,120.6672164,103.4
國3,M,158100,158K+100,24.38488333,120.6670416,104.06
國3,M,158200,158K+200,24.38399476,120.6668667,104.72
國3,M,158300,158K+300,24.38310553,120.666696,105.35
國3,M,158400,158K+400,24.38221609,120.6665265,105.97
國3,M,158500,158K+500,24.38132816,120.6663479,106.63
國3,M,158600,158K+600,24.38044061,120.666167,107.29
國3,M,158700,158K+700,24.37955287,120.6659873,107.95
國3,M,158800,158K+800,24.3786639,120.6658149,108.6
國3,M,158900,158K+900,24.37777493,120.6656426,109.25
國3,M,159000,159K+000,24.3768867,120.6654657,109.96
國3,M,159100,159K+100,24.37599894,120.6652861,110.72
國3,M,159200,159K+200,24.37511105,120.6651073,111.45
國3,M,159300,159K+300,24.3742226,120.6649317,112.06
國3,M,159400,159K+400,24.37333415,120.6647562,112.66
國3,M,159500,159K+500,24.3724457,120.6645806,113.26
國3,M,159600,159K+600,24.37155726,120.664405,113.87
國3,M,159700,159K+700,24.37066881,120.6642295,114.47
國3,M,159800,159K+800,24.36978036,120.6640539,115.08
國3,M,159900,159K+900,24.36889191,120.6638784,115.68
國3,M,160000,160K+000,24.36800346,120.6637028,116.28
國3,M,160100,160K+100,24.36711502,120.6635272,116.89
國3,M,160200,160K+200,24.36622657,120.6633517,117.49
國3,M,160300,160K+300,24.36533812,120.6631761,118.1
國3,M,160400,160K+400,24.36444967,120.6630006,118.7
國3,M,160500,160K+500,24.36356158,120.6628229,119.24
國3,M,160600,160K+600,24.36267382,120.6626432,119.71
國3,M,160700,160K+700,24.36178605,120.6624635,120.19
國3,M,160800,160K+800,24.36090047,120.6622716,120.64
國3,M,160900,160K+900,24.3600154,120.6620767,121.09
國3,M,161000,161K+000,24.35913278,120.6618691,121.53
國3,M,161100,161K+100,24.35825337,120.6616459,121.98
國3,M,161200,161K+200,24.3573781,120.6614039,122.42
國3,M,161300,161K+300,24.35650559,120.6611507,122.94
國3,M,161400,161K+400,24.35563653,120.6608835,123.55
國3,M,161500,161K+500,24.35477286,120.6605963,124.27
國3,M,161600,161K+600,24.35391364,120.6602936,124.98
國3,M,161700,161K+700,24.35305832,120.659978,125.7
國3,M,161800,161K+800,24.35221002,120.6596407,126.4
國3,M,161900,161K+900,24.35136579,120.6592914,127.11
國3,M,162000,162K+000,24.35052992,120.6589189,127.84
國3,M,162100,162K+100,24.34970328,120.6585227,128.56
國3,M,162200,162K+200,24.34888626,120.6581034,129.3
國3,M,162300,162K+300,24.3480793,120.6576616,130.04
國3,M,162400,162K+400,24.34728553,120.6571921,130.72
國3,M,162500,162K+500,24.34650473,120.6566974,131.42
國3,M,162600,162K+600,24.34574374,120.6561672,132.12
國3,M,162700,162K+700,24.34500313,120.6556038,132.83
國3,M,162800,162K+800,24.34428327,120.6550091,133.61
國3,M,162900,162K+900,24.34358854,120.6543798,134.23
國3,M,163000,163K+000,24.34292168,120.6537157,134.7
國3,M,163100,163K+100,24.34227948,120.6530231,135.09
國3,M,163200,163K+200,24.34166522,120.6523011,135.33
國3,M,163300,163K+300,24.3410818,120.6515491,135.48
國3,M,163400,163K+400,24.34052803,120.6507709,135.55
國3,M,163500,163K+500,24.34000714,120.6499661,135.45
國3,M,163600,163K+600,24.33951578,120.6491394,135.27
國3,M,163700,163K+700,24.33906192,120.6482876,134.99
國3,M,163800,163K+800,24.33863936,120.6474169,134.72
國3,M,163900,163K+900,24.3382531,120.6465263,134.43
國3,M,164000,164K+000,24.33789948,120.6456197,134.14
國3,M,164100,164K+100,24.33757463,120.6447003,133.87
國3,M,164200,164K+200,24.33727463,120.6437709,133.57
國3,M,164300,164K+300,24.33699158,120.6428351,133.27
國3,M,164400,164K+400,24.3367167,120.6418965,132.96
國3,M,164500,164K+500,24.33644708,120.640956,132.66
國3,M,164600,164K+600,24.33617745,120.6400155,132.37
國3,M,164700,164K+700,24.33590782,120.639075,132.07
國3,M,164800,164K+800,24.33562246,120.6381402,131.79
國3,M,164900,164K+900,24.33531452,120.6372139,131.6
國3,M,165000,165K+000,24.33498757,120.6362954,131.56
國3,M,165100,165K+100,24.33462888,120.6353912,131.7
國3,M,165200,165K+200,24.33424192,120.634501,131.98
國3,M,165300,165K+300,24.33382321,120.6336281,132.42
國3,M,165400,165K+400,24.33337231,120.6327744,133.06
國3,M,165500,165K+500,24.33289764,120.6319363,133.85
國3,M,165600,165K+600,24.33239217,120.63112,134.75
國3,M,165700,165K+700,24.33185795,120.6303257,135.64
國3,M,165800,165K+800,24.33129497,120.6295554,136.45
國3,M,165900,165K+900,24.33070477,120.6288098,137.13
國3,M,166000,166K+000,24.33009391,120.6280844,137.73
國3,M,166100,166K+100,24.32945385,120.6273895,138.11
國3,M,166200,166K+200,24.32879475,120.6267161,138.35
國3,M,166300,166K+300,24.32811121,120.6260725,138.55
國3,M,166400,166K+400,24.32740242,120.6254623,138.63
國3,M,166500,166K+500,24.32667837,120.6248737,138.68
國3,M,166600,166K+600,24.32593022,120.6243223,138.57
國3,M,166700,166K+700,24.32516308,120.6238029,138.34
國3,M,166800,166K+800,24.32437948,120.6233138,137.93
國3,M,166900,166K+900,24.32358052,120.622855,137.41
國3,M,167000,167K+000,24.32276593,120.6224303,136.78
國3,M,167100,167K+100,24.32193666,120.6220408,135.99
國3,M,167200,167K+200,24.32109926,120.6216726,135.01
國3,M,167300,167K+300,24.32025618,120.62132,133.97
國3,M,167400,167K+400,24.31940773,120.6209833,132.74
國3,M,167500,167K+500,24.31855841,120.6206492,131.47
國3,M,167600,167K+600,24.31770927,120.6203145,130.19
國3,M,167700,167K+700,24.31686296,120.6199714,128.78
國3,M,167800,167K+800,24.31602276,120.619611,127.46
國3,M,167900,167K+900,24.31518839,120.619235,126.17
國3,M,168000,168K+000,24.31436394,120.6188337,124.91
國3,M,168100,168K+100,24.31355286,120.6184011,123.8
國3,M,168200,168K+200,24.31275849,120.617933,122.87
國3,M,168300,168K+300,24.31198168,120.6174311,122.12
國3,M,168400,168K+400,24.31122184,120.616899,121.55
國3,M,168500,168K+500,24.31048229,120.6163339,121.19
國3,M,168600,168K+600,24.30976264,120.615739,120.97
國3,M,168700,168K+700,24.30906667,120.6151115,120.97
國3,M,168800,168K+800,24.30839079,120.6144584,121.14
國3,M,168900,168K+900,24.30774034,120.6137752,121.5
國3,M,169000,169K+000,24.30711104,120.6130688,122.03
國3,M,169100,169K+100,24.3065101,120.6123336,122.75
國3,M,169200,169K+200,24.30593572,120.6115736,123.67
國3,M,169300,169K+300,24.30537811,120.610799,124.74
國3,M,169400,169K+400,24.30483247,120.6100141,125.91
國3,M,169500,169K+500,24.30429285,120.6092243,127.12
國3,M,169600,169K+600,24.30375322,120.6084345,128.32
國3,M,169700,169K+700,24.30319648,120.6076591,129.51
國3,M,169800,169K+800,24.30260838,120.6069118,130.69
國3,M,169900,169K+900,24.301981,120.6062036,131.95
國3,M,170000,170K+000,24.30131142,120.6055431,133.16
國3,M,170100,170K+100,24.3006011,120.6049355,134.5
國3,M,170200,170K+200,24.29985637,120.6043793,136.18
國3,M,170300,170K+300,24.29908073,120.6038758,138.21
國3,M,170400,170K+400,24.29827542,120.6034314,140.62
國3,M,170500,170K+500,24.29744466,120.6030469,143.25
國3,M,170600,170K+600,24.29659217,120.6027239,145.89
國3,M,170700,170K+700,24.29572274,120.6024601,148.55
國3,M,170800,170K+800,24.29483949,120.6022579,151.19
國3,M,170900,170K+900,24.29394882,120.6020994,153.84
國3,M,171000,171K+000,24.29305394,120.6019714,156.5
國3,M,171100,171K+100,24.29215603,120.6018707,158.82
國3,M,171200,171K+200,24.29125713,120.6017815,161.31
國3,M,171300,171K+300,24.29035798,120.6016958,163.98
國3,M,171400,171K+400,24.28945943,120.6016029,166.65
國3,M,171500,171K+500,24.2885626,120.6014923,169.3
國3,M,171600,171K+600,24.28766859,120.6013574,171.98
國3,M,171700,171K+700,24.28677989,120.6011862,174.61
國3,M,171800,171K+800,24.28589957,120.6009695,177.07
國3,M,171900,171K+900,24.28503169,120.6006991,179.27
國3,M,172000,172K+000,24.28418025,120.6003724,181.3
國3,M,172100,172K+100,24.28334783,120.5999916,183.07
國3,M,172200,172K+200,24.28253729,120.5995584,184.61
國3,M,172300,172K+300,24.28175128,120.5990741,185.92
國3,M,172400,172K+400,24.28099003,120.5985448,187.01
國3,M,172500,172K+500,24.28024928,120.5979818,187.88
國3,M,172600,172K+600,24.27952318,120.5973964,188.52
國3,M,172700,172K+700,24.27880391,120.596801,188.77
國3,M,172800,172K+800,24.27808465,120.5962056,189.02
國3,M,172900,172K+900,24.27736255,120.5956143,189.06
國3,M,173000,173K+000,24.27663233,120.595035,188.8
國3,M,173100,173K+100,24.27589179,120.5944716,188.32
國3,M,173200,173K+200,24.27513853,120.5939287,187.62
國3,M,173300,173K+300,24.27436802,120.5934154,186.64
國3,M,173400,173K+400,24.27358644,120.5929226,185.47
國3,M,173500,173K+500,24.27279318,120.5924526,184.16
國3,M,173600,173K+600,24.27198648,120.5920105,182.76
國3,M,173700,173K+700,24.27117063,120.5915889,181.36
國3,M,173800,173K+800,24.27034271,120.5911962,179.99
國3,M,173900,173K+900,24.26950532,120.5908283,178.66
國3,M,174000,174K+000,24.26865773,120.5904892,177.28
國3,M,174100,174K+100,24.2678023,120.5901745,175.91
國3,M,174200,174K+200,24.26693889,120.5898869,174.59
國3,M,174300,174K+300,24.26606821,120.5896266,173.19
國3,M,174400,174K+400,24.2651908,120.5893948,171.75
國3,M,174500,174K+500,24.26430797,120.5891889,170.33
國3,M,174600,174K+600,24.26341928,120.5890158,168.85
國3,M,174700,174K+700,24.26252751,120.5888628,167.43
國3,M,174800,174K+800,24.26163172,120.5887404,166.07
國3,M,174900,174K+900,24.26073294,120.5886473,165.09
國3,M,175000,175K+000,24.25983204,120.5885829,164.53
國3,M,175100,175K+100,24.25892963,120.5885524,164.39
國3,M,175200,175K+200,24.25802682,120.5885579,164.72
國3,M,175300,175K+300,24.25712499,120.5886033,165.46
國3,M,175400,175K+400,24.25622533,120.5886849,166.65
國3,M,175500,175K+500,24.25532987,120.588809,168.24
國3,M,175600,175K+600,24.25443984,120.5889734,169.94
國3,M,175700,175K+700,24.2535567,120.5891772,171.63
國3,M,175800,175K+800,24.25268304,120.5894248,173.35
國3,M,175900,175K+900,24.25181865,120.5897084,175.02
國3,M,176000,176K+000,24.25096587,120.5900314,176.64
國3,M,176100,176K+100,24.25012527,120.5903903,178.37
國3,M,176200,176K+200,24.24929405,120.5907743,180.1
國3,M,176300,176K+300,24.24847036,120.5911773,181.78
國3,M,176400,176K+400,24.24764666,120.5915804,183.46
國3,M,176500,176K+500,24.2468228,120.591983,185.15
國3,M,176600,176K+600,24.24599217,120.5923685,186.87
國3,M,176700,176K+700,24.24515133,120.5927265,188.56
國3,M,176800,176K+800,24.24429677,120.5930434,190.38
國3,M,176900,176K+900,24.24342708,120.5933066,192.51
國3,M,177000,177K+000,24.24254757,120.5935274,194.9
國3,M,177100,177K+100,24.24165914,120.5937,197.59
國3,M,177200,177K+200,24.24076387,120.5938241,200.47
國3,M,177300,177K+300,24.23986397,120.5938969,203.4
國3,M,177400,177K+400,24.23896181,120.5939222,206.3
國3,M,177500,177K+500,24.23805974,120.5938972,209.22
國3,M,177600,177K+600,24.23715989,120.5938223,211.95
國3,M,177700,177K+700,24.23626441,120.5936995,214.21
國3,M,177800,177K+800,24.23537562,120.5935277,215.98
國3,M,177900,177K+900,24.23449521,120.5933103,217.28
國3,M,178000,178K+000,24.23362684,120.5930414,218.06
國3,M,178100,178K+100,24.23277176,120.5927255,218.36
國3,M,178200,178K+200,24.23193142,120.5923656,218.18
國3,M,178300,178K+300,24.23110898,120.5919596,217.5
國3,M,178400,178K+400,24.23030565,120.5915104,216.35
國3,M,178500,178K+500,24.22952111,120.5910235,214.68
國3,M,178600,178K+600,24.22874948,120.5905125,212.7
國3,M,178700,178K+700,24.22798172,120.5899947,210.69
國3,M,178800,178K+800,24.22721409,120.5894767,208.68
國3,M,178900,178K+900,24.22644295,120.588965,206.68
國3,M,179000,179K+000,24.22565835,120.5884783,204.68
國3,M,179100,179K+100,24.22485867,120.5880218,202.69
國3,M,179200,179K+200,24.22404565,120.5875942,200.67
國3,M,179300,179K+300,24.22321931,120.5871982,198.66
國3,M,179400,179K+400,24.22238054,120.5868346,196.63
國3,M,179500,179K+500,24.22153026,120.5865041,194.63
國3,M,179600,179K+600,24.22067243,120.5861976,192.68
國3,M,179700,179K+700,24.21980729,120.5859165,191.01
國3,M,179800,179K+800,24.21894003,120.5856431,189.44
國3,M,179900,179K+900,24.21807022,120.5853792,188.4
國3,M,180000,180K+000,24.21719995,120.585117,187.47
國3,M,180100,180K+100,24.21632968,120.5848548,186.53
國3,M,180200,180K+200,24.21546078,120.5845872,185.95
國3,M,180300,180K+300,24.21459314,120.5843148,185.45
國3,M,180400,180K+400,24.21372907,120.5840293,184.94
國3,M,180500,180K+500,24.21286749,120.5837349,184.43
國3,M,180600,180K+600,24.21201198,120.5834202,183.7
國3,M,180700,180K+700,24.21116146,120.58309,182.83
國3,M,180800,180K+800,24.21031543,120.5827464,181.85
國3,M,180900,180K+900,24.20947527,120.5823861,180.69
國3,M,181000,181K+000,24.20864144,120.5820087,179.34
國3,M,181100,181K+100,24.20781416,120.5816146,177.81
國3,M,181200,181K+200,24.20699393,120.5812034,176.15
國3,M,181300,181K+300,24.2061823,120.5807725,174.28
國3,M,181400,181K+400,24.20537604,120.5803299,172.33
國3,M,181500,181K+500,24.20457829,120.5798694,170.33
國3,M,181600,181K+600,24.20378756,120.5793946,168.33
國3,M,181700,181K+700,24.20300396,120.5789059,166.3
國3,M,181800,181K+800,24.20223097,120.5783975,164.38
國3,M,181900,181K+900,24.20146562,120.5778756,162.61
國3,M,182000,182K+000,24.20070981,120.5773374,160.98
國3,M,182100,182K+100,24.19995832,120.576792,159.4
國3,M,182200,182K+200,24.19922336,120.5762204,158.1
國3,M,182300,182K+300,24.19849934,120.5756324,156.96
國3,M,182400,182K+400,24.19779223,120.5750204,155.94
國3,M,182500,182K+500,24.19710579,120.5743812,155.13
國3,M,182600,182K+600,24.19643958,120.573717,154.36
國3,M,182700,182K+700,24.19580253,120.5730196,153.61
國3,M,182800,182K+800,24.19519566,120.572291,152.91
國3,M,182900,182K+900,24.19462304,120.5715301,152.16
國3,M,183000,183K+000,24.19408567,120.5707393,151.38
國3,M,183100,183K+100,24.19358686,120.569919,150.64
國3,M,183200,183K+200,24.19312592,120.5690728,149.75
國3,M,183300,183K+300,24.1927019,120.5682039,148.56
國3,M,183400,183K+400,24.19232009,120.5673122,146.94
國3,M,183500,183K+500,24.19198035,120.5664006,145.06
國3,M,183600,183K+600,24.19168135,120.5654722,142.72
國3,M,183700,183K+700,24.19142201,120.5645299,140.03
國3,M,183800,183K+800,24.19120029,120.5635762,136.94
國3,M,183900,183K+900,24.19098945,120.5626198,133.45
國3,M,184000,184K+000,24.19078209,120.5616624,129.79
國3,M,184100,184K+100,24.19056053,120.5607091,125.9
國3,M,184200,184K+200,24.19030352,120.5597664,121.92
國3,M,184300,184K+300,24.18999874,120.558841,117.91
國3,M,184400,184K+400,24.18963677,120.5579403,113.93
國3,M,184500,184K+500,24.18921563,120.5570708,109.91
國3,M,184600,184K+600,24.18874589,120.5562314,105.94
國3,M,184700,184K+700,24.18822014,120.5554322,102.22
國3,M,184800,184K+800,24.18764584,120.5546739,98.87
國3,M,184900,184K+900,24.18702524,120.55396,95.87
國3,M,185000,185K+000,24.18636068,120.5532946,93.23
國3,M,185100,185K+100,24.18565641,120.5526797,90.72
國3,M,185200,185K+200,24.18491481,120.5521192,88.13
國3,M,185300,185K+300,24.18414024,120.5516145,85.57
國3,M,185400,185K+400,24.18334172,120.5511561,83.0
國3,M,185500,185K+500,24.182526,120.550735,80.44
國3,M,185600,185K+600,24.18170467,120.550327,77.87
國3,M,185700,185K+700,24.1808808,120.5499251,75.31
國3,M,185800,185K+800,24.18005692,120.5495232,72.74
國3,M,185900,185K+900,24.17924157,120.5491012,70.19
國3,M,186000,186K+000,24.17844478,120.5486391,67.7
國3,M,186100,186K+100,24.17767178,120.5481314,65.16
國3,M,186200,186K+200,24.1769303,120.5475709,62.56
國3,M,186300,186K+300,24.17622734,120.5469541,60.09
國3,M,186400,186K+400,24.17556466,120.5462864,57.96
國3,M,186500,186K+500,24.17494543,120.5455707,56.18
國3,M,186600,186K+600,24.1743722,120.5448108,54.72
國3,M,186700,186K+700,24.17384672,120.5440108,53.6
國3,M,186800,186K+800,24.17337246,120.5431736,52.75
國3,M,186900,186K+900,24.17293276,120.542314,52.31
國3,M,187000,187K+000,24.17251373,120.5414423,51.8
國3,M,187100,187K+100,24.17211178,120.540561,51.23
國3,M,187200,187K+200,24.17170637,120.5396817,50.66
國3,M,187300,187K+300,24.17129124,120.5388078,50.08
國3,M,187400,187K+400,24.1708509,120.5379487,49.64
國3,M,187500,187K+500,24.17037509,120.5371126,49.16
國3,M,187600,187K+600,24.16985334,120.5363096,48.63
國3,M,187700,187K+700,24.16928365,120.5355464,47.97
國3,M,187800,187K+800,24.16866686,120.534828,47.61
國3,M,187900,187K+900,24.1680095,120.5341537,47.11
國3,M,188000,188K+000,24.16731347,120.5335271,46.66
國3,M,188100,188K+100,24.16658941,120.5329393,46.17
國3,M,188200,188K+200,24.16584713,120.5323791,45.7
國3,M,188300,188K+300,24.16510047,120.5318258,45.22
國3,M,188400,188K+400,24.16435381,120.5312725,44.74
國3,M,188500,188K+500,24.1636165,120.5307045,44.26
國3,M,188600,188K+600,24.16290024,120.5301055,43.76
國3,M,188700,188K+700,24.16220974,120.5294715,43.24
國3,M,188800,188K+800,24.16154549,120.5288052,42.69
國3,M,188900,188K+900,24.16091017,120.5281061,42.2
國3,M,189000,189K+000,24.16030307,120.5273779,41.68
國3,M,189100,189K+100,24.15970984,120.5266361,41.12
國3,M,189200,189K+200,24.15912184,120.5258893,40.57
國3,M,189300,189K+300,24.15852776,120.5251483,40.04
國3,M,189400,189K+400,24.15791686,120.5244238,39.51
國3,M,189500,189K+500,24.15727475,120.5237322,39.19
國3,M,189600,189K+600,24.15659763,120.5230814,38.89
國3,M,189700,189K+700,24.15588578,120.5224763,38.76
國3,M,189800,189K+800,24.15514408,120.5219156,38.81
國3,M,189900,189K+900,24.154371,120.5214076,38.99
國3,M,190000,190K+000,24.1535748,120.520944,39.3
國3,M,190100,190K+100,24.15275343,120.5205359,39.72
國3,M,190200,190K+200,24.1519109,120.5201826,40.16
國3,M,190300,190K+300,24.15105131,120.5198822,40.49
國3,M,190400,190K+400,24.15017753,120.5196353,40.84
國3,M,190500,190K+500,24.14929102,120.5194499,41.26
國3,M,190600,190K+600,24.14839694,120.5193139,41.63
國3,M,190700,190K+700,24.14749665,120.5192416,41.96
國3,M,190800,190K+800,24.14659408,120.5192242,42.38
國3,M,190900,190K+900,24.14569208,120.5192644,42.79
國3,M,191000,191K+000,24.14479377,120.5193621,43.18
國3,M,191100,191K+100,24.14390292,120.5195214,43.54
國3,M,191200,191K+200,24.14302172,120.5197348,43.9
國3,M,191300,191K+300,24.14215314,120.520003,44.25
國3,M,191400,191K+400,24.14130239,120.5203319,44.62
國3,M,191500,191K+500,24.14046817,120.5207077,44.95
國3,M,191600,191K+600,24.13965099,120.521126,45.32
國3,M,191700,191K+700,24.13884581,120.5215711,45.61
國3,M,191800,191K+800,24.13804405,120.5220236,45.92
國3,M,191900,191K+900,24.1372438,120.5224793,46.29
國3,M,192000,192K+000,24.13644355,120.5229349,46.66
國3,M,192100,192K+100,24.1356433,120.5233905,47.03
國3,M,192200,192K+200,24.13484304,120.5238462,47.4
國3,M,192300,192K+300,24.13404278,120.5243018,47.77
國3,M,192400,192K+400,24.13324252,120.5247574,48.14
國3,M,192500,192K+500,24.13244226,120.525213,48.5
國3,M,192600,192K+600,24.131642,120.5256686,48.87
國3,M,192700,192K+700,24.13084173,120.5261242,49.24
國3,M,192800,192K+800,24.13004147,120.5265798,49.61
國3,M,192900,192K+900,24.1292412,120.5270354,49.98
國3,M,193000,193K+000,24.12844093,120.527491,50.35
國3,M,193100,193K+100,24.12764066,120.5279466,50.72
國3,M,193200,193K+200,24.12684195,120.5284054,51.08
國3,M,193300,193K+300,24.12605068,120.528879,51.42
國3,M,193400,193K+400,24.12529555,120.5294176,51.69
國3,M,193500,193K+500,24.12459294,120.5300347,52.14
國3,M,193600,193K+600,24.12394503,120.5307193,52.49
國3,M,193700,193K+700,24.12333652,120.5314461,52.75
國3,M,193800,193K+800,24.12273557,120.5321803,53.14
國3,M,193900,193K+900,24.12213461,120.5329146,53.54
國3,M,194000,194K+000,24.12153365,120.5336488,53.93
國3,M,194100,194K+100,24.12093268,120.534383,54.33
國3,M,194200,194K+200,24.12033172,120.5351172,54.72
國3,M,194300,194K+300,24.11973074,120.5358514,55.12
國3,M,194400,194K+400,24.11912977,120.5365856,55.51
國3,M,194500,194K+500,24.11852417,120.5373152,55.91
國3,M,194600,194K+600,24.1179116,120.5380379,56.32
國3,M,194700,194K+700,24.11728475,120.5387459,56.72
國3,M,194800,194K+800,24.11664403,120.5394389,57.14
國3,M,194900,194K+900,24.11599333,120.5401209,57.52
國3,M,195000,195K+000,24.11534264,120.5408029,57.89
國3,M,195100,195K+100,24.11469351,120.5414867,58.26
國3,M,195200,195K+200,24.1140512,120.542178,58.66
國3,M,195300,195K+300,24.11342296,120.5428845,59.07
國3,M,195400,195K+400,24.11281344,120.5436101,59.41
國3,M,195500,195K+500,24.112226,120.5443571,59.74
國3,M,195600,195K+600,24.11165856,120.5451222,60.14
國3,M,195700,195K+700,24.1111165,120.5459088,60.55
國3,M,195800,195K+800,24.11059549,120.5467122,60.93
國3,M,195900,195K+900,24.11009801,120.547533,61.3
國3,M,196000,196K+000,24.10962567,120.5483712,61.72
國3,M,196100,196K+100,24.10917225,120.5492217,62.08
國3,M,196200,196K+200,24.10874879,120.5500905,62.43
國3,M,196300,196K+300,24.10834832,120.550972,62.78
國3,M,196400,196K+400,24.10797409,120.5518672,63.06
國3,M,196500,196K+500,24.10762531,120.5527744,63.26
國3,M,196600,196K+600,24.1073026,120.5536931,63.42
國3,M,196700,196K+700,24.10700727,120.5546226,63.5
國3,M,196800,196K+800,24.10673696,120.5555611,63.55
國3,M,196900,196K+900,24.106495,120.5565088,63.48
國3,M,197000,197K+000,24.10628249,120.5574648,63.4
國3,M,197100,197K+100,24.10609351,120.5584266,63.28
國3,M,197200,197K+200,24.10593373,120.5593946,63.18
國3,M,197300,197K+300,24.10579853,120.5603672,63.06
國3,M,197400,197K+400,24.10568325,120.5613428,62.84
國3,M,197500,197K+500,24.10558043,120.56232,62.68
國3,M,197600,197K+600,24.1054808,120.5632977,62.54
國3,M,197700,197K+700,24.10538116,120.5642753,62.41
國3,M,197800,197K+800,24.10528151,120.565253,62.27
國3,M,197900,197K+900,24.10518186,120.5662306,62.14
國3,M,198000,198K+000,24.10508221,120.5672083,62.0
國3,M,198100,198K+100,24.10497804,120.5681854,61.88
國3,M,198200,198K+200,24.10486455,120.5691612,61.86
國3,M,198300,198K+300,24.10473984,120.5701354,61.79
國3,M,198400,198K+400,24.10459318,120.5711059,61.67
國3,M,198500,198K+500,24.10442114,120.5720714,61.56
國3,M,198600,198K+600,24.10422361,120.5730311,61.46
國3,M,198700,198K+700,24.10399828,120.5739835,61.38
國3,M,198800,198K+800,24.10374578,120.5749278,61.31
國3,M,198900,198K+900,24.10346718,120.5758633,61.23
國3,M,199000,199K+000,24.1031615,120.5767888,61.13
國3,M,199100,199K+100,24.10283373,120.5777052,61.06
國3,M,199200,199K+200,24.10248074,120.5786105,60.95
國3,M,199300,199K+300,24.10211189,120.5795083,60.84
國3,M,199400,199K+400,24.10173386,120.5804016,60.77
國3,M,199500,199K+500,24.10135354,120.5812937,60.7
國3,M,199600,199K+600,24.1009775,120.5821879,60.63
國3,M,199700,199K+700,24.10060917,120.583086,60.54
國3,M,199800,199K+800,24.10027304,120.5839989,60.42
國3,M,199900,199K+900,24.09996701,120.5849242,60.37
國3,M,200000,200K+000,24.09969421,120.5858617,60.27
國3,M,200100,200K+100,24.09945739,120.5868107,60.24
國3,M,200200,200K+200,24.0992555,120.5877694,59.94
國3,M,200300,200K+300,24.0990747,120.588733,59.66
國3,M,200400,200K+400,24.09890288,120.5896986,59.48
國3,M,200500,200K+500,24.09873106,120.5906643,59.31
國3,M,200600,200K+600,24.0985508,120.591628,59.16
國3,M,200700,200K+700,24.09834549,120.5925858,59.03
國3,M,200800,200K+800,24.09810315,120.5935331,58.91
國3,M,200900,200K+900,24.0978235,120.5944683,58.8
國3,M,201000,201K+000,24.09750504,120.5953886,58.68
國3,M,201100,201K+100,24.09714795,120.5962919,58.59
國3,M,201200,201K+200,24.0967512,120.5971753,58.47
國3,M,201300,201K+300,24.09631996,120.5980393,58.36
國3,M,201400,201K+400,24.09585161,120.5988801,58.25
國3,M,201500,201K+500,24.09534987,120.5996977,58.14
國3,M,201600,201K+600,24.09481301,120.6004884,58.02
國3,M,201700,201K+700,24.09424741,120.6012549,57.93
國3,M,201800,201K+800,24.09365164,120.601994,57.8
國3,M,201900,201K+900,24.09304045,120.6027179,57.6
國3,M,202000,202K+000,24.09241785,120.6034302,57.57
國3,M,202100,202K+100,24.09179524,120.6041426,57.55
國3,M,202200,202K+200,24.09117263,120.6048549,57.52
國3,M,202300,202K+300,24.09055002,120.6055672,57.5
國3,M,202400,202K+400,24.08992741,120.6062796,57.47
國3,M,202500,202K+500,24.08930479,120.6069919,57.44
國3,M,202600,202K+600,24.08868216,120.6077042,57.42
國3,M,202700,202K+700,24.08805954,120.6084165,57.39
國3,M,202800,202K+800,24.08743691,120.6091288,57.37
國3,M,202900,202K+900,24.0868244,120.6098514,57.46
國3,M,203000,203K+000,24.08623575,120.610597,57.49
國3,M,203100,203K+100,24.08567926,120.6113712,57.51
國3,M,203200,203K+200,24.08517068,120.6121836,57.52
國3,M,203300,203K+300,24.08471512,120.6130324,57.46
國3,M,203400,203K+400,24.08431031,120.6139113,57.54
國3,M,203500,203K+500,24.08396006,120.6148176,57.59
國3,M,203600,203K+600,24.0836686,120.6157482,57.7
國3,M,203700,203K+700,24.08343393,120.6166976,57.88
國3,M,203800,203K+800,24.08325667,120.6176618,58.12
國3,M,203900,203K+900,24.08313186,120.6186357,58.38
國3,M,204000,204K+000,24.08304569,120.6196147,58.66
國3,M,204100,204K+100,24.08297425,120.6205951,58.93
國3,M,204200,204K+200,24.08290338,120.6215755,59.2
國3,M,204300,204K+300,24.0828168,120.6225544,59.46
國3,M,204400,204K+400,24.0826951,120.6235288,59.74
國3,M,204500,204K+500,24.08251943,120.6244933,60.0
國3,M,204600,204K+600,24.08228431,120.6254426,60.27
國3,M,204700,204K+700,24.08199122,120.6263726,60.52
國3,M,204800,204K+800,24.08164344,120.6272799,60.81
國3,M,204900,204K+900,24.08124013,120.6281596,61.07
國3,M,205000,205K+000,24.08078337,120.6290077,61.34
國3,M,205100,205K+100,24.08027883,120.6298229,61.6
國3,M,205200,205K+200,24.07972156,120.6305965,61.83
國3,M,205300,205K+300,24.07911924,120.6313289,62.11
國3,M,205400,205K+400,24.07847486,120.6320174,62.36
國3,M,205500,205K+500,24.07778898,120.6326566,62.63
國3,M,205600,205K+600,24.07706495,120.6332439,62.88
國3,M,205700,205K+700,24.07631402,120.6337899,63.13
國3,M,205800,205K+800,24.07555165,120.6343168,63.38
國3,M,205900,205K+900,24.07478869,120.6348428,63.63
國3,M,206000,206K+000,24.07404039,120.635393,63.86
國3,M,206100,206K+100,24.07332146,120.6359877,64.11
國3,M,206200,206K+200,24.07263981,120.6366324,64.34
國3,M,206300,206K+300,24.07199872,120.6373246,64.62
國3,M,206400,206K+400,24.0714019,120.6380621,64.9
國3,M,206500,206K+500,24.07084675,120.6388374,65.21
國3,M,206600,206K+600,24.0703486,120.6396573,65.35
國3,M,206700,206K+700,24.06989687,120.6405085,65.6
國3,M,206800,206K+800,24.06949952,120.6413912,65.86
國3,M,206900,206K+900,24.06915479,120.6422997,66.14
國3,M,207000,207K+000,24.06886563,120.6432312,66.36
國3,M,207100,207K+100,24.06863076,120.6441806,66.64
國3,M,207200,207K+200,24.0684376,120.645141,66.85
國3,M,207300,207K+300,24.06828569,120.6461103,67.13
國3,M,207400,207K+400,24.06817693,120.6470865,67.32
國3,M,207500,207K+500,24.06809501,120.6480657,67.57
國3,M,207600,207K+600,24.06802576,120.6490462,67.84
國3,M,207700,207K+700,24.06795651,120.6500267,68.11
國3,M,207800,207K+800,24.0678841,120.6510069,68.46
國3,M,207900,207K+900,24.06780431,120.6519864,69.02
國3,M,208000,208K+000,24.06770855,120.6529642,70.02
國3,M,208100,208K+100,24.06759424,120.6539395,71.42
國3,M,208200,208K+200,24.06745839,120.6549114,73.28
國3,M,208300,208K+300,24.06729339,120.655878,75.31
國3,M,208400,208K+400,24.06710595,120.6568397,77.31
國3,M,208500,208K+500,24.06689228,120.6577949,79.31
國3,M,208600,208K+600,24.06665292,120.6587428,81.32
國3,M,208700,208K+700,24.06639163,120.6596838,83.26
國3,M,208800,208K+800,24.06610371,120.6606156,84.86
國3,M,208900,208K+900,24.0657935,120.661539,86.0
國3,M,209000,209K+000,24.06545564,120.6624508,86.58
國3,M,209100,209K+100,24.06509602,120.6633527,86.71
國3,M,209200,209K+200,24.0647138,120.6642434,86.34
國3,M,209300,209K+300,24.06430792,120.6651217,85.49
國3,M,209400,209K+400,24.06387886,120.6659867,84.14
國3,M,209500,209K+500,24.06342688,120.6668377,82.41
國3,M,209600,209K+600,24.06295485,120.6676757,80.57
國3,M,209700,209K+700,24.06246033,120.6684982,78.75
國3,M,209800,209K+800,24.06194111,120.6693025,77.24
國3,M,209900,209K+900,24.06140597,120.6700943,76.03
國3,M,210000,210K+000,24.06084598,120.6708656,75.35
國3,M,210100,210K+100,24.06026843,120.6716214,75.02
國3,M,210200,210K+200,24.05966846,120.6723561,75.13
國3,M,210300,210K+300,24.05905507,120.6730776,75.52
國3,M,210400,210K+400,24.05841584,120.6737718,76.35
國3,M,210500,210K+500,24.05775523,120.6744418,77.36
國3,M,210600,210K+600,24.05707154,120.6750839,78.37
國3,M,210700,210K+700,24.05635951,120.6756882,79.39
國3,M,210800,210K+800,24.05561238,120.6762398,80.38
國3,M,210900,210K+900,24.0548385,120.6767461,81.38
國3,M,211000,211K+000,24.05404223,120.6772095,82.25
國3,M,211100,211K+100,24.05322296,120.6776224,82.93
國3,M,211200,211K+200,24.05238399,120.6779854,83.74
國3,M,211300,211K+300,24.05153244,120.6783118,84.94
國3,M,211400,211K+400,24.05066631,120.6785888,86.46
國3,M,211500,211K+500,24.04978659,120.6788089,88.24
國3,M,211600,211K+600,24.04889615,120.6789701,89.48
國3,M,211700,211K+700,24.04799878,120.6790767,90.37
國3,M,211800,211K+800,24.04709692,120.6791189,91.03
國3,M,211900,211K+900,24.04619429,120.6791028,91.49
國3,M,212000,212K+000,24.04529417,120.679027,91.65
國3,M,212100,212K+100,24.04440027,120.6788895,91.71
國3,M,212200,212K+200,24.04351394,120.6787029,92.46
國3,M,212300,212K+300,24.04263655,120.6784716,93.9
國3,M,212400,212K+400,24.04177178,120.6781894,95.34
國3,M,212500,212K+500,24.04092036,120.6778627,96.47
國3,M,212600,212K+600,24.04008242,120.6774967,97.35
國3,M,212700,212K+700,24.03926106,120.6770886,97.75
國3,M,212800,212K+800,24.03845344,120.676649,97.84
國3,M,212900,212K+900,24.03765896,120.676182,97.64
國3,M,213000,213K+000,24.03687749,120.6756896,97.32
國3,M,213100,213K+100,24.03610567,120.6751794,96.99
國3,M,213200,213K+200,24.0353437,120.674652,96.67
國3,M,213300,213K+300,24.0345889,120.6741124,96.62
國3,M,213400,213K+400,24.03383855,120.6735655,96.8
國3,M,213500,213K+500,24.03309088,120.6730143,97.13
國3,M,213600,213K+600,24.03234364,120.6724625,97.48
國3,M,213700,213K+700,24.03159639,120.6719106,97.83
國3,M,213800,213K+800,24.03084915,120.6713587,98.18
國3,M,213900,213K+900,24.0301019,120.6708068,98.52
國3,M,214000,214K+000,24.02935465,120.670255,98.87
國3,M,214100,214K+100,24.0286074,120.6697031,99.22
國3,M,214200,214K+200,24.02786015,120.6691513,99.57
國3,M,214300,214K+300,24.02711289,120.6685994,99.92
國3,M,214400,214K+400,24.02636563,120.6680476,100.26
國3,M,214500,214K+500,24.02561837,120.6674958,100.61
國3,M,214600,214K+600,24.02487111,120.666944,100.96
國3,M,214700,214K+700,24.02412385,120.6663922,101.31
國3,M,214800,214K+800,24.02337658,120.6658403,101.66
國3,M,214900,214K+900,24.02262643,120.6652932,101.98
國3,M,215000,215K+000,24.02187401,120.6647498,102.29
國3,M,215100,215K+100,24.02111334,120.6642202,102.35
國3,M,215200,215K+200,24.02034679,120.6637008,102.27
國3,M,215300,215K+300,24.01957344,120.6631934,102.05
國3,M,215400,215K+400,24.01879399,120.6626972,101.78
國3,M,215500,215K+500,24.01800651,120.6622164,101.46
國3,M,215600,215K+600,24.0172143,120.6617448,101.15
國3,M,215700,215K+700,24.01641589,120.6612857,100.8
國3,M,215800,215K+800,24.01561245,120.6608371,100.51
國3,M,215900,215K+900,24.01481208,120.6603822,100.2
國3,M,216000,216K+000,24.01402129,120.6599078,99.87
國3,M,216100,216K+100,24.0132403,120.6594147,99.59
國3,M,216200,216K+200,24.01248034,120.6588842,99.29
國3,M,216300,216K+300,24.01174945,120.6583074,98.98
國3,M,216400,216K+400,24.01105306,120.657682,98.64
國3,M,216500,216K+500,24.01038582,120.6570199,98.35
國3,M,216600,216K+600,24.00973997,120.6563331,98.44
國3,M,216700,216K+700,24.00909852,120.6556413,98.7
國3,M,216800,216K+800,24.00845177,120.6549554,99.07
國3,M,216900,216K+900,24.00779524,120.6542807,99.57
國3,M,217000,217K+000,24.00711329,120.6536366,100.12
國3,M,217100,217K+100,24.00639997,120.6530344,100.6
國3,M,217200,217K+200,24.00565043,120.6524867,100.86
國3,M,217300,217K+300,24.00487219,120.6519887,100.95
國3,M,217400,217K+400,24.00406426,120.6515505,100.79
國3,M,217500,217K+500,24.00323209,120.6511697,100.46
國3,M,217600,217K+600,24.00237699,120.650855,100.08
國3,M,217700,217K+700,24.00150529,120.6505995,99.74
國3,M,217800,217K+800,24.00061999,120.6504077,99.46
國3,M,217900,217K+900,23.99972484,120.6502813,100.04
國3,M,218000,218K+000,23.998824,120.6502183,100.1
國3,M,218100,218K+100,23.99792131,120.6502245,100.41
國3,M,218200,218K+200,23.9970209,120.650295,100.9
國3,M,218300,218K+300,23.996127,120.6504315,101.63
國3,M,218400,218K+400,23.99524162,120.650623,102.53
國3,M,218500,218K+500,23.99436591,120.6508619,103.42
國3,M,218600,218K+600,23.99349661,120.6511273,104.29
國3,M,218700,218K+700,23.99263084,120.6514063,105.14
國3,M,218800,218K+800,23.99176506,120.6516852,106.0
國3,M,218900,218K+900,23.99089639,120.6519532,106.83
國3,M,219000,219K+000,23.99002258,120.6522003,107.76
國3,M,219100,219K+100,23.98914199,120.6524165,108.68
國3,M,219200,219K+200,23.98825412,120.6525942,109.56
國3,M,219300,219K+300,23.98735879,120.6527205,110.45
國3,M,219400,219K+400,23.98645854,120.6527945,111.3
國3,M,219500,219K+500,23.98555609,120.652821,111.92
國3,M,219600,219K+600,23.98465348,120.6527982,112.23
國3,M,219700,219K+700,23.98375296,120.6527273,112.43
國3,M,219800,219K+800,23.98285698,120.6526069,112.31
國3,M,219900,219K+900,23.98196749,120.6524387,111.87
國3,M,220000,220K+000,23.98108669,120.6522229,111.31
國3,M,220100,220K+100,23.98021692,120.6519595,110.4
國3,M,220200,220K+200,23.97935992,120.6516504,109.32
國3,M,220300,220K+300,23.97851374,120.6513078,108.6
國3,M,220400,220K+400,23.97767376,120.6509473,108.2
國3,M,220500,220K+500,23.97683742,120.6505769,108.27
國3,M,220600,220K+600,23.9760021,120.6502038,108.48
國3,M,220700,220K+700,23.97516453,120.6498368,108.84
國3,M,220800,220K+800,23.97431796,120.6494954,109.67
國3,M,220900,220K+900,23.97345924,120.6491922,110.82
國3,M,221000,221K+000,23.9725865,120.6489417,112.17
國3,M,221100,221K+100,23.97170017,120.6487555,113.09
國3,M,221200,221K+200,23.97080474,120.6486313,113.54
國3,M,221300,221K+300,23.96990363,120.6485739,113.53
國3,M,221400,221K+400,23.96900105,120.6485787,113.07
國3,M,221500,221K+500,23.96810056,120.6486485,112.12
國3,M,221600,221K+600,23.967207,120.6487872,110.87
國3,M,221700,221K+700,23.96632302,120.6489864,109.81
國3,M,221800,221K+800,23.96545424,120.649253,109.05
國3,M,221900,221K+900,23.96460362,120.6495817,108.55
國3,M,222000,222K+000,23.96377328,120.6499671,108.33
國3,M,222100,222K+100,23.96297031,120.6504162,108.42
國3,M,222200,222K+200,23.96219753,120.6509239,108.81
國3,M,222300,222K+300,23.96145588,120.651484,109.39
國3,M,222400,222K+400,23.96074916,120.6520952,110.01
國3,M,222500,222K+500,23.96008329,120.6527585,110.61
國3,M,222600,222K+600,23.95945817,120.6534671,111.22
國3,M,222700,222K+700,23.95887872,120.6542203,111.81
國3,M,222800,222K+800,23.95834609,120.6550134,112.41
國3,M,222900,222K+900,23.95786406,120.6558439,112.99
國3,M,223000,223K+000,23.95742912,120.6567048,113.54
國3,M,223100,223K+100,23.95702897,120.6575854,114.08
國3,M,223200,223K+200,23.9566567,120.6584805,114.38
國3,M,223300,223K+300,23.95629352,120.65938,114.47
國3,M,223400,223K+400,23.95593465,120.6602816,114.39
國3,M,223500,223K+500,23.95556248,120.6611767,114.2
國3,M,223600,223K+600,23.95516689,120.6620598,114.06
國3,M,223700,223K+700,23.95473685,120.6629234,114.18
國3,M,223800,223K+800,23.95425483,120.6637539,114.53
國3,M,223900,223K+900,23.95372852,120.664552,114.98
國3,M,224000,224K+000,23.95316104,120.6653157,115.43
國3,M,224100,224K+100,23.95255019,120.6660391,115.87
國3,M,224200,224K+200,23.95190162,120.6667221,116.35
國3,M,224300,224K+300,23.95121566,120.6673607,116.82
國3,M,224400,224K+400,23.95049762,120.6679561,117.28
國3,M,224500,224K+500,23.94974355,120.6684963,117.74
國3,M,224600,224K+600,23.94896334,120.6689905,118.25
國3,M,224700,224K+700,23.94815634,120.6694308,118.68
國3,M,224800,224K+800,23.94733331,120.6698346,119.12
國3,M,224900,224K+900,23.94649841,120.6702088,119.5
國3,M,225000,225K+000,23.94565995,120.6705734,119.96
國3,M,225100,225K+100,23.9448215,120.670938,120.41
國3,M,225200,225K+200,23.94399319,120.6713289,120.66
國3,M,225300,225K+300,23.94318105,120.6717579,120.83
國3,M,225400,225K+400,23.94240006,120.6722505,120.86
國3,M,225500,225K+500,23.94164943,120.6727963,120.87
國3,M,225600,225K+600,23.94094025,120.6734039,120.73
國3,M,225700,225K+700,23.94026717,120.6740584,120.53
國3,M,225800,225K+800,23.93962573,120.6747498,120.22
國3,M,225900,225K+900,23.93900403,120.6754622,119.77
國3,M,226000,226K+000,23.93838197,120.6761743,119.31
國3,M,226100,226K+100,23.93775007,120.6768759,118.82
國3,M,226200,226K+200,23.93708975,120.6775456,118.33
國3,M,226300,226K+300,23.93638524,120.6781598,118.07
國3,M,226400,226K+400,23.9356376,120.6787103,118.02
國3,M,226500,226K+500,23.93484919,120.6791884,118.14
國3,M,226600,226K+600,23.93402608,120.6795913,118.47
國3,M,226700,226K+700,23.93317822,120.6799282,118.99
國3,M,226800,226K+800,23.93230975,120.6801964,119.64
國3,M,226900,226K+900,23.93143043,120.6804192,120.21
國3,M,227000,227K+000,23.93054529,120.680613,120.66
國3,M,227100,227K+100,23.92965763,120.680793,120.98
國3,M,227200,227K+200,23.92877012,120.6809737,121.26
國3,M,227300,227K+300,23.927887,120.6811782,121.39
國3,M,227400,227K+400,23.9270123,120.6814216,121.41
國3,M,227500,227K+500,23.92615076,120.6817149,121.33
國3,M,227600,227K+600,23.92531237,120.6820789,121.13
國3,M,227700,227K+700,23.92450479,120.6825177,120.81
國3,M,227800,227K+800,23.92373299,120.683027,120.4
國3,M,227900,227K+900,23.92300323,120.683605,120.0
國3,M,228000,228K+000,23.92232129,120.6842481,119.65
國3,M,228100,228K+100,23.92168777,120.6849476,119.39
國3,M,228200,228K+200,23.92111227,120.6857041,119.27
國3,M,228300,228K+300,23.92058921,120.6865047,119.26
國3,M,228400,228K+400,23.92008697,120.687321,119.42
國3,M,228500,228K+500,23.91957398,120.6881291,119.63
國3,M,228600,228K+600,23.91901686,120.6889016,119.96
國3,M,228700,228K+700,23.91840297,120.6896214,120.45
國3,M,228800,228K+800,23.91773516,120.6902819,121.05
國3,M,228900,228K+900,23.917022,120.6908839,121.76
國3,M,229000,229K+000,23.91628164,120.691446,122.52
國3,M,229100,229K+100,23.91554161,120.6920087,123.17
國3,M,229200,229K+200,23.91482838,120.6926107,123.62
國3,M,229300,229K+300,23.91416108,120.6932718,123.95
國3,M,229400,229K+400,23.91354784,120.6939923,124.1
國3,M,229500,229K+500,23.91298906,120.6947635,124.1
國3,M,229600,229K+600,23.91249301,120.6955839,123.92
國3,M,229700,229K+700,23.91205825,120.6964446,123.6
國3,M,229800,229K+800,23.91166202,120.6973271,123.07
國3,M,229900,229K+900,23.91126077,120.698207,122.47
國3,M,230000,230K+000,23.91080942,120.699057,121.7
國3,M,230100,230K+100,23.91029004,120.6998598,120.92
國3,M,230200,230K+200,23.90969826,120.700601,120.15
國3,M,230300,230K+300,23.90904149,120.7012745,119.71
國3,M,230400,230K+400,23.90832356,120.7018694,119.68
國3,M,230500,230K+500,23.90755493,120.7023839,120.12
國3,M,230600,230K+600,23.90674469,120.7028163,120.91
國3,M,230700,230K+700,23.90591098,120.7031932,122.34
國3,M,230800,230K+800,23.90507792,120.7035718,123.79
國3,M,230900,230K+900,23.90426529,120.7039987,125.61
國3,M,231000,231K+000,23.90349439,120.7045089,127.5
國3,M,231100,231K+100,23.90277443,120.7051005,129.43
國3,M,231200,231K+200,23.90211022,120.7057648,131.53
國3,M,231300,231K+300,23.90150539,120.7064935,133.46
國3,M,231400,231K+400,23.90091973,120.7072409,135.19
國3,M,231500,231K+500,23.90031855,120.7079733,136.54
國3,M,231600,231K+600,23.89966327,120.7086482,137.33
國3,M,231700,231K+700,23.89894829,120.709247,137.55
國3,M,231800,231K+800,23.8981852,120.7097709,137.33
國3,M,231900,231K+900,23.89737329,120.7101994,136.68
國3,M,232000,232K+000,23.89652486,120.7105344,135.46
國3,M,232100,232K+100,23.89565164,120.7107821,134.22
國3,M,232200,232K+200,23.89476019,120.7109356,132.92
國3,M,232300,232K+300,23.89385915,120.7109909,131.61
國3,M,232400,232K+400,23.89295728,120.7109572,130.28
國3,M,232500,232K+500,23.89206247,120.7108299,128.92
國3,M,232600,232K+600,23.89118008,120.7106225,127.9
國3,M,232700,232K+700,23.8903015,120.7103959,127.07
國3,M,232800,232K+800,23.88942044,120.7101814,126.64
國3,M,232900,232K+900,23.88853007,120.7100188,126.72
國3,M,233000,233K+000,23.8876316,120.7099226,127.25
國3,M,233100,233K+100,23.88673004,120.7098689,128.13
國3,M,233200,233K+200,23.88582805,120.7098242,129.05
國3,M,233300,233K+300,23.88492729,120.7097579,129.96
國3,M,233400,233K+400,23.88403027,120.7096481,130.85
國3,M,233500,233K+500,23.88314035,120.7094829,131.72
國3,M,233600,233K+600,23.88226079,120.7092622,132.53
國3,M,233700,233K+700,23.88139032,120.7090017,132.93
國3,M,233800,233K+800,23.88052747,120.7087125,133.43
國3,M,233900,233K+900,23.87966757,120.708413,134.35
國3,M,234000,234K+000,23.87880768,120.7081135,135.27
國3,M,234100,234K+100,23.87794779,120.707814,136.19
國3,M,234200,234K+200,23.87708789,120.7075145,137.11
國3,M,234300,234K+300,23.876228,120.7072149,138.03
國3,M,234400,234K+400,23.8753681,120.7069155,138.95
國3,M,234500,234K+500,23.87450821,120.706616,139.87
國3,M,234600,234K+600,23.87364831,120.7063165,140.79
國3,M,234700,234K+700,23.87278841,120.706017,141.71
國3,M,234800,234K+800,23.87192852,120.7057175,142.63
國3,M,234900,234K+900,23.87106862,120.705418,143.55
國3,M,235000,235K+000,23.87020872,120.7051185,144.47
國3,M,235100,235K+100,23.86934882,120.7048191,145.39
國3,M,235200,235K+200,23.86848892,120.7045196,146.31
國3,M,235300,235K+300,23.86762902,120.7042201,147.23
國3,M,235400,235K+400,23.86676912,120.7039207,148.15
國3,M,235500,235K+500,23.86590815,120.7036253,149.83
國3,M,235600,235K+600,23.86504634,120.7033331,152.12
國3,M,235700,235K+700,23.8641796,120.7030586,154.26
國3,M,235800,235K+800,23.86330966,120.7027966,156.32
國3,M,235900,235K+900,23.86243338,120.7025606,158.25
國3,M,236000,236K+000,23.86155236,120.7023466,160.16
國3,M,236100,236K+100,23.86066486,120.7021669,162.07
國3,M,236200,236K+200,23.85977143,120.7020264,163.94
國3,M,236300,236K+300,23.85887354,120.7019251,165.81
國3,M,236400,236K+400,23.85797228,120.7018692,167.61
國3,M,236500,236K+500,23.85706958,120.7018607,169.44
國3,M,236600,236K+600,23.85616745,120.7018943,171.32
國3,M,236700,236K+700,23.85526755,120.7019716,173.17
國3,M,236800,236K+800,23.85437199,120.7020949,175.06
國3,M,236900,236K+900,23.85348248,120.7022618,177.07
國3,M,237000,237K+000,23.85260039,120.7024701,179.27
國3,M,237100,237K+100,23.85172866,120.7027248,181.56
國3,M,237200,237K+200,23.85086752,120.7030189,184.13
國3,M,237300,237K+300,23.85001298,120.703335,186.7
國3,M,237400,237K+400,23.84915978,120.7036554,189.27
國3,M,237500,237K+500,23.84830304,120.7039641,192.05
國3,M,237600,237K+600,23.84743668,120.7042394,194.63
國3,M,237700,237K+700,23.84655838,120.7044647,197.24
國3,M,237800,237K+800,23.84567082,120.7046426,199.82
國3,M,237900,237K+900,23.84477632,120.7047741,202.12
國3,M,238000,238K+000,23.84387846,120.7048768,203.85
國3,M,238100,238K+100,23.84298069,120.7049806,205.45
國3,M,238200,238K+200,23.84208668,120.705117,206.42
國3,M,238300,238K+300,23.84120183,120.7053113,206.97
國3,M,238400,238K+400,23.84033258,120.705576,207.02
國3,M,238500,238K+500,23.83948218,120.7059052,206.62
國3,M,238600,238K+600,23.83864701,120.706278,205.78
國3,M,238700,238K+700,23.83781596,120.7066618,204.81
國3,M,238800,238K+800,23.83697908,120.7070302,203.81
國3,M,238900,238K+900,23.83613241,120.7073709,202.81
國3,M,239000,239K+000,23.83527061,120.7076633,201.83
國3,M,239100,239K+100,23.8343969,120.7079106,200.83
國3,M,239200,239K+200,23.83351319,120.7081114,199.85
國3,M,239300,239K+300,23.83262094,120.7082607,198.86
國3,M,239400,239K+400,23.83172315,120.7083635,197.88
國3,M,239500,239K+500,23.8308218,120.7084186,196.89
國3,M,239600,239K+600,23.82991902,120.708422,195.89
國3,M,239700,239K+700,23.82901728,120.7083755,194.85
國3,M,239800,239K+800,23.82811867,120.7082818,193.88
國3,M,239900,239K+900,23.82722557,120.7081388,192.87
國3,M,240000,240K+000,23.8263397,120.7079497,191.89
國3,M,240100,240K+100,23.82546347,120.7077137,190.93
國3,M,240200,240K+200,23.82460095,120.7074238,190.29
國3,M,240300,240K+300,23.82375077,120.7070935,190.13
國3,M,240400,240K+400,23.82291709,120.7067167,190.51
國3,M,240500,240K+500,23.82210323,120.7062919,191.41
國3,M,240600,240K+600,23.82130878,120.7058257,192.27
國3,M,240700,240K+700,23.82053729,120.705316,192.84
國3,M,240800,240K+800,23.81978958,120.7047658,193.03
國3,M,240900,240K+900,23.81906985,120.7041733,192.74
國3,M,241000,241K+000,23.81837503,120.7035467,192.22
國3,M,241100,241K+100,23.81769641,120.7028994,191.42
國3,M,241200,241K+200,23.81702896,120.7022385,190.14
國3,M,241300,241K+300,23.81636418,120.7015744,188.7
國3,M,241400,241K+400,23.81569011,120.7009216,187.22
國3,M,241500,241K+500,23.81499933,120.7002898,185.95
國3,M,241600,241K+600,23.81428279,120.6996929,184.84
國3,M,241700,241K+700,23.81353171,120.6991485,184.02
國3,M,241800,241K+800,23.81274806,120.6986618,183.28
國3,M,241900,241K+900,23.81192838,120.698251,182.76
國3,M,242000,242K+000,23.8110812,120.6979128,182.38
國3,M,242100,242K+100,23.81020992,120.6976563,182.22
國3,M,242200,242K+200,23.80932233,120.6974776,182.27
國3,M,242300,242K+300,23.80842422,120.6973801,182.5
國3,M,242400,242K+400,23.80752167,120.6973634,182.74
國3,M,242500,242K+500,23.80662116,120.6974285,182.84
國3,M,242600,242K+600,23.80572888,120.6975762,182.82
國3,M,242700,242K+700,23.80485105,120.6978048,182.72
國3,M,242800,242K+800,23.80399248,120.6981079,182.43
國3,M,242900,242K+900,23.80315071,120.6984626,182.05
國3,M,243000,243K+000,23.80232113,120.69885,181.49
國3,M,243100,243K+100,23.80149348,120.6992423,180.89
國3,M,243200,243K+200,23.80066584,120.6996347,180.29
國3,M,243300,243K+300,23.79983819,120.700027,179.69
國3,M,243400,243K+400,23.79901054,120.7004194,179.09
國3,M,243500,243K+500,23.7981829,120.7008117,178.5
國3,M,243600,243K+600,23.79735525,120.7012041,177.9
國3,M,243700,243K+700,23.7965276,120.7015964,177.3
國3,M,243800,243K+800,23.79569995,120.7019887,176.7
國3,M,243900,243K+900,23.79487229,120.7023811,176.1
國3,M,244000,244K+000,23.79404464,120.7027734,175.5
國3,M,244100,244K+100,23.79321555,120.7031621,174.96
國3,M,244200,244K+200,23.79238443,120.7035456,174.46
國3,M,244300,244K+300,23.79153911,120.7038902,173.91
國3,M,244400,244K+400,23.79067477,120.7041729,173.34
國3,M,244500,244K+500,23.78979256,120.7043801,172.92
國3,M,244600,244K+600,23.78889764,120.7045077,172.63
國3,M,244700,244K+700,23.7879959,120.7045511,172.52
國3,M,244800,244K+800,23.78709377,120.7045152,172.6
國3,M,244900,244K+900,23.78619769,120.7043968,172.87
國3,M,245000,245K+000,23.78531432,120.7041956,173.27
國3,M,245100,245K+100,23.78444874,120.7039178,173.85
國3,M,245200,245K+200,23.78360744,120.7035629,174.57
國3,M,245300,245K+300,23.78279658,120.703132,175.44
國3,M,245400,245K+400,23.78202064,120.7026309,176.3
國3,M,245500,245K+500,23.78128856,120.7020572,177.19
國3,M,245600,245K+600,23.78059973,120.7014235,178.06
國3,M,245700,245K+700,23.7799637,120.7007277,178.95
國3,M,245800,245K+800,23.77938335,120.6999764,179.84
國3,M,245900,245K+900,23.77886233,120.6991757,180.72
國3,M,246000,246K+000,23.77840476,120.6983303,181.59
國3,M,246100,246K+100,23.77801006,120.6974483,182.44
國3,M,246200,246K+200,23.77768986,120.6965314,183.31
國3,M,246300,246K+300,23.77743601,120.6955903,184.15
國3,M,246400,246K+400,23.77725759,120.6946287,184.99
國3,M,246500,246K+500,23.77715376,120.6936543,185.83
國3,M,246600,246K+600,23.77712786,120.692674,186.63
國3,M,246700,246K+700,23.77716556,120.6916939,187.46
國3,M,246800,246K+800,23.77725229,120.6907175,188.19
國3,M,246900,246K+900,23.77736683,120.6897442,187.95
國3,M,247000,247K+000,23.7774847,120.6887714,187.41
國3,M,247100,247K+100,23.77760257,120.6877987,186.86
國3,M,247200,247K+200,23.77772043,120.6868259,186.32
國3,M,247300,247K+300,23.77783828,120.6858531,185.77
國3,M,247400,247K+400,23.77795613,120.6848803,185.23
國3,M,247500,247K+500,23.77807397,120.6839075,184.68
國3,M,247600,247K+600,23.77819181,120.6829347,184.14
國3,M,247700,247K+700,23.77830964,120.6819619,183.6
國3,M,247800,247K+800,23.77841949,120.6809883,181.64
國3,M,247900,247K+900,23.7785097,120.6800124,179.39
國3,M,248000,248K+000,23.77855723,120.679033,177.13
國3,M,248100,248K+100,23.77856394,120.6780522,174.84
國3,M,248200,248K+200,23.77852369,120.6770723,172.52
國3,M,248300,248K+300,23.77844414,120.6760953,170.2
國3,M,248400,248K+400,23.77832189,120.6751235,167.88
國3,M,248500,248K+500,23.77815182,120.6741603,165.53
國3,M,248600,248K+600,23.77794209,120.6732064,163.2
國3,M,248700,248K+700,23.77769249,120.6722638,160.89
國3,M,248800,248K+800,23.77740274,120.6713349,158.56
國3,M,248900,248K+900,23.77707023,120.6704231,156.26
國3,M,249000,249K+000,23.77669607,120.6695306,153.95
國3,M,249100,249K+100,23.77630474,120.6686466,151.68
國3,M,249200,249K+200,23.77594455,120.6677472,149.73
國3,M,249300,249K+300,23.77561778,120.6668328,148.08
國3,M,249400,249K+400,23.77533574,120.6659009,146.81
國3,M,249500,249K+500,23.77509554,120.6649553,145.89
國3,M,249600,249K+600,23.77489765,120.6639981,145.24
國3,M,249700,249K+700,23.77473947,120.6630323,144.84
國3,M,249800,249K+800,23.77462158,120.6620597,144.5
國3,M,249900,249K+900,23.77455208,120.6610816,144.17
國3,M,250000,250K+000,23.77452138,120.660101,143.83
國3,M,250100,250K+100,23.77450243,120.6591201,143.4
國3,M,250200,250K+200,23.77448348,120.6581391,142.97
國3,M,250300,250K+300,23.77446451,120.6571582,142.54
國3,M,250400,250K+400,23.77444555,120.6561773,142.11
國3,M,250500,250K+500,23.77443075,120.6551962,142.11
國3,M,250600,250K+600,23.77441898,120.6542152,142.43
國3,M,250700,250K+700,23.77440153,120.6532342,142.35
國3,M,250800,250K+800,23.77437929,120.6522534,141.93
國3,M,250900,250K+900,23.77435704,120.6512725,141.52
國3,M,251000,251K+000,23.7743372,120.6502916,141.06
國3,M,251100,251K+100,23.77431826,120.6493106,140.58
國3,M,251200,251K+200,23.77429931,120.6483297,140.1
國3,M,251300,251K+300,23.77428035,120.6473488,139.62
國3,M,251400,251K+400,23.77426139,120.6463678,139.15
國3,M,251500,251K+500,23.77424242,120.6453869,138.67
國3,M,251600,251K+600,23.77422345,120.644406,138.19
國3,M,251700,251K+700,23.77420447,120.643425,137.71
國3,M,251800,251K+800,23.77418548,120.6424441,137.24
國3,M,251900,251K+900,23.77416649,120.6414632,136.76
國3,M,252000,252K+000,23.77414749,120.6404822,136.28
國3,M,252100,252K+100,23.77412848,120.6395013,135.8
國3,M,252200,252K+200,23.77410947,120.6385204,135.33
國3,M,252300,252K+300,23.77409045,120.6375394,134.85
國3,M,252400,252K+400,23.77407143,120.6365585,134.37
國3,M,252500,252K+500,23.7740524,120.6355776,133.9
國3,M,252600,252K+600,23.77404398,120.6345965,132.93
國3,M,252700,252K+700,23.77406112,120.6336157,131.7
國3,M,252800,252K+800,23.77411705,120.6326366,130.53
國3,M,252900,252K+900,23.77422286,120.6316624,129.35
國3,M,253000,253K+000,23.77436301,120.6306933,128.27
國3,M,253100,253K+100,23.77455297,120.6297343,127.33
國3,M,253200,253K+200,23.77478399,120.6287859,126.52
國3,M,253300,253K+300,23.77503518,120.6278435,125.84
國3,M,253400,253K+400,23.77529377,120.6269035,125.24
國3,M,253500,253K+500,23.77554954,120.6259625,124.64
國3,M,253600,253K+600,23.77578364,120.625015,124.1
國3,M,253700,253K+700,23.77599419,120.624061,123.58
國3,M,253800,253K+800,23.77615853,120.6230964,122.5
國3,M,253900,253K+900,23.77626784,120.6221227,121.05
國3,M,254000,254K+000,23.77631466,120.6211431,119.67
國3,M,254100,254K+100,23.77630178,120.6201624,118.22
國3,M,254200,254K+200,23.77622546,120.6191851,116.68
國3,M,254300,254K+300,23.77609496,120.6182145,115.4
國3,M,254400,254K+400,23.77590201,120.6172564,114.25
國3,M,254500,254K+500,23.77565158,120.6163141,113.15
國3,M,254600,254K+600,23.77534472,120.6153914,113.58
國3,M,254700,254K+700,23.77498455,120.6144926,113.89
國3,M,254800,254K+800,23.77456176,120.6136268,113.73
國3,M,254900,254K+900,23.77410057,120.6127841,113.0
國3,M,255000,255K+000,23.77357997,120.6119827,112.64
國3,M,255100,255K+100,23.77301145,120.6112207,112.53
國3,M,255200,255K+200,23.77240064,120.6104984,112.24
國3,M,255300,255K+300,23.77174599,120.6098229,111.85
國3,M,255400,255K+400,23.77104935,120.6091991,111.46
國3,M,255500,255K+500,23.7703193,120.6086221,111.07
國3,M,255600,255K+600,23.76955214,120.608105,110.67
國3,M,255700,255K+700,23.7687564,120.6076419,110.28
國3,M,255800,255K+800,23.76793378,120.6072382,109.88
國3,M,255900,255K+900,23.76708944,120.6068909,109.5
國3,M,256000,256K+000,23.76623011,120.6065901,109.11
國3,M,256100,256K+100,23.76536137,120.6063225,108.73
國3,M,256200,256K+200,23.76448902,120.6060693,108.35
國3,M,256300,256K+300,23.76361647,120.6058168,107.97
國3,M,256400,256K+400,23.76274547,120.6055584,107.52
國3,M,256500,256K+500,23.76188353,120.6052665,106.78
國3,M,256600,256K+600,23.76103534,120.6049308,105.96
國3,M,256700,256K+700,23.76020496,120.6045461,105.13
國3,M,256800,256K+800,23.75939716,120.6041082,104.28
國3,M,256900,256K+900,23.75861084,120.6036264,103.44
國3,M,257000,257K+000,23.75785226,120.6030948,102.58
國3,M,257100,257K+100,23.75712131,120.6025192,101.74
國3,M,257200,257K+200,23.75641941,120.6019023,100.98
國3,M,257300,257K+300,23.75575007,120.601244,100.44
國3,M,257400,257K+400,23.75511884,120.6005428,100.08
國3,M,257500,257K+500,23.7545198,120.599809,100.13
國3,M,257600,257K+600,23.75394392,120.5990535,100.42
國3,M,257700,257K+700,23.75337454,120.5982921,100.71
國3,M,257800,257K+800,23.75280516,120.5975308,100.99
國3,M,257900,257K+900,23.75222009,120.5967836,101.2
國3,M,258000,258K+000,23.75160039,120.5960704,101.25
國3,M,258100,258K+100,23.75094355,120.5953978,101.18
國3,M,258200,258K+200,23.75024752,120.5947733,101.01
國3,M,258300,258K+300,23.74951463,120.5942006,100.8
國3,M,258400,258K+400,23.74874653,120.5936855,100.46
國3,M,258500,258K+500,23.74794855,120.5932269,100.03
國3,M,258600,258K+600,23.74712274,120.5928308,99.48
國3,M,258700,258K+700,23.74627944,120.5924808,98.96
國3,M,258800,258K+800,23.74541258,120.5922071,98.39
國3,M,258900,258K+900,23.74453363,120.5919852,97.81
國3,M,259000,259K+000,23.74364419,120.5918211,97.18
國3,M,259100,259K+100,23.74274488,120.5917352,96.59
國3,M,259200,259K+200,23.74184232,120.5917139,96.13
國3,M,259300,259K+300,23.74094042,120.5917568,95.97
國3,M,259400,259K+400,23.7400431,120.5918645,96.09
國3,M,259500,259K+500,23.73915517,120.592042,96.41
國3,M,259600,259K+600,23.73827889,120.5922779,96.99
國3,M,259700,259K+700,23.73741978,120.592579,97.83
國3,M,259800,259K+800,23.73658003,120.592939,98.85
國3,M,259900,259K+900,23.73576535,120.5933613,100.19
國3,M,260000,260K+000,23.73497649,120.5938379,101.79
國3,M,260100,260K+100,23.73421428,120.5943633,103.61
國3,M,260200,260K+200,23.7334689,120.5949165,105.42
國3,M,260300,260K+300,23.73272937,120.5954791,107.13
國3,M,260400,260K+400,23.73199215,120.5960452,108.7
國3,M,260500,260K+500,23.73125493,120.5966114,110.26
國3,M,260600,260K+600,23.73051771,120.5971775,111.83
國3,M,260700,260K+700,23.72978646,120.5977513,113.33
國3,M,260800,260K+800,23.72904956,120.5983181,114.48
國3,M,260900,260K+900,23.72831265,120.5988848,115.64
國3,M,261000,261K+000,23.72757574,120.5994515,116.8
國3,M,261100,261K+100,23.72683883,120.6000182,117.95
國3,M,261200,261K+200,23.72609942,120.600581,119.23
國3,M,261300,261K+300,23.72534711,120.6011229,120.92
國3,M,261400,261K+400,23.72457507,120.6016308,122.95
國3,M,261500,261K+500,23.72377852,120.6020901,125.38
國3,M,261600,261K+600,23.72295554,120.6024923,128.15
國3,M,261700,261K+700,23.72210835,120.6028298,131.17
國3,M,261800,261K+800,23.72124172,120.6031029,133.95
國3,M,261900,261K+900,23.72036076,120.6033153,136.29
國3,M,262000,262K+000,23.71946819,120.603461,138.1
國3,M,262100,262K+100,23.71856854,120.603541,139.4
國3,M,262200,262K+200,23.71766597,120.6035564,140.19
國3,M,262300,262K+300,23.71676431,120.6035073,140.5
國3,M,262400,262K+400,23.71586684,120.6034005,140.3
國3,M,262500,262K+500,23.7149738,120.6032557,139.61
國3,M,262600,262K+600,23.71408294,120.6030961,138.42
國3,M,262700,262K+700,23.71319179,120.6029385,137.23
國3,M,262800,262K+800,23.7122959,120.6028175,135.95
國3,M,262900,262K+900,23.71139516,120.6027532,134.68
國3,M,263000,263K+000,23.71049258,120.6027555,133.4
國3,M,263100,263K+100,23.70959161,120.6028165,132.17
國3,M,263200,263K+200,23.70869431,120.602925,130.93
國3,M,263300,263K+300,23.70779823,120.6030454,129.75
國3,M,263400,263K+400,23.70690167,120.6031614,128.67
國3,M,263500,263K+500,23.70600298,120.6032559,127.93
國3,M,263600,263K+600,23.70510141,120.6033088,127.4
國3,M,263700,263K+700,23.70419854,120.6033128,127.08
國3,M,263800,263K+800,23.70329667,120.6032672,127.03
國3,M,263900,263K+900,23.70239785,120.6031751,127.19
國3,M,264000,264K+000,23.7015042,120.6030352,127.52
國3,M,264100,264K+100,23.70061882,120.6028432,127.76
國3,M,264200,264K+200,23.69974298,120.6026054,127.85
國3,M,264300,264K+300,23.69887965,120.6023186,127.82
國3,M,264400,264K+400,23.69802959,120.6019884,127.62
國3,M,264500,264K+500,23.69719632,120.6016111,127.33
國3,M,264600,264K+600,23.69638135,120.6011893,126.9
國3,M,264700,264K+700,23.69558695,120.6007235,126.35
國3,M,264800,264K+800,23.69481377,120.6002172,125.7
國3,M,264900,264K+900,23.69406764,120.5996652,124.92
國3,M,265000,265K+000,23.69334538,120.5990769,124.14
國3,M,265100,265K+100,23.69264667,120.598456,123.36
國3,M,265200,265K+200,23.6919613,120.5978177,122.59
國3,M,265300,265K+300,23.69128065,120.5971735,121.82
國3,M,265400,265K+400,23.6905968,120.5965332,121.14
國3,M,265500,265K+500,23.68990327,120.5959053,120.63
國3,M,265600,265K+600,23.68919007,120.5953042,120.32
國3,M,265700,265K+700,23.68845596,120.5947335,120.21
國3,M,265800,265K+800,23.68770379,120.5941911,120.26
國3,M,265900,265K+900,23.68693047,120.5936851,120.51
國3,M,266000,266K+000,23.6861395,120.5932123,120.94
國3,M,266100,266K+100,23.68533141,120.592775,121.57
國3,M,266200,266K+200,23.68450776,120.5923734,122.37
國3,M,266300,266K+300,23.68367646,120.5919908,123.24
國3,M,266400,266K+400,23.68284252,120.5916149,124.13
國3,M,266500,266K+500,23.68200858,120.591239,125.02
國3,M,266600,266K+600,23.68117992,120.5908498,125.92
國3,M,266700,266K+700,23.68036869,120.5904196,126.78
國3,M,266800,266K+800,23.67957756,120.5899475,127.64
國3,M,266900,266K+900,23.67881915,120.589416,128.33
國3,M,267000,267K+000,23.67809264,120.5888341,128.89
國3,M,267100,267K+100,23.67740419,120.5882,129.33
國3,M,267200,267K+200,23.6767561,120.5875177,129.6
國3,M,267300,267K+300,23.67615204,120.5867892,129.71
國3,M,267400,267K+400,23.67559406,120.5860187,129.67
國3,M,267500,267K+500,23.67507098,120.5852197,129.49
國3,M,267600,267K+600,23.67457786,120.5843985,129.2
國3,M,267700,267K+700,23.67409455,120.5835703,128.88
國3,M,267800,267K+800,23.67361361,120.5827406,128.55
國3,M,267900,267K+900,23.67313268,120.5819108,128.21
國3,M,268000,268K+000,23.67263083,120.5810958,127.88
國3,M,268100,268K+100,23.67210685,120.5802975,127.55
國3,M,268200,268K+200,23.67155644,120.5795205,127.22
國3,M,268300,268K+300,23.67097407,120.5787714,126.93
國3,M,268400,268K+400,23.67035138,120.5780617,126.58
國3,M,268500,268K+500,23.66970103,120.5773818,126.25
國3,M,268600,268K+600,23.66902177,120.5767362,125.91
國3,M,268700,268K+700,23.66831352,120.5761284,125.59
國3,M,268800,268K+800,23.66757713,120.5755612,125.26
國3,M,268900,268K+900,23.6668149,120.5750358,124.92
國3,M,269000,269K+000,23.66602921,120.5745529,124.99
國3,M,269100,269K+100,23.66522205,120.5741138,125.47
國3,M,269200,269K+200,23.6643969,120.573716,126.41
國3,M,269300,269K+300,23.66355497,120.5733623,127.78
國3,M,269400,269K+400,23.66269661,120.5730589,129.58
國3,M,269500,269K+500,23.66182531,120.5728026,131.57
國3,M,269600,269K+600,23.66094366,120.572592,133.55
國3,M,269700,269K+700,23.66005355,120.5724289,135.42
國3,M,269800,269K+800,23.65915688,120.5723161,137.0
國3,M,269900,269K+900,23.65825604,120.5722517,138.24
國3,M,270000,270K+000,23.65735338,120.5722329,139.16
國3,M,270100,270K+100,23.65645084,120.5722608,139.71
國3,M,270200,270K+200,23.65554977,120.572323,140.0
國3,M,270300,270K+300,23.65464941,120.5723975,140.26
國3,M,270400,270K+400,23.65375048,120.5724902,140.5
國3,M,270500,270K+500,23.65285155,120.5725828,140.75
國3,M,270600,270K+600,23.65195262,120.5726755,140.99
國3,M,270700,270K+700,23.65105312,120.5727612,141.24
國3,M,270800,270K+800,23.65015292,120.5728376,141.47
國3,M,270900,270K+900,23.64925167,120.5728981,141.66
國3,M,271000,271K+000,23.64834952,120.5729385,141.91
國3,M,271100,271K+100,23.64744668,120.5729524,142.14
國3,M,271200,271K+200,23.64654377,120.5729451,142.38
國3,M,271300,271K+300,23.64564123,120.5729159,142.6
國3,M,271400,271K+400,23.64473962,120.5728628,142.84
國3,M,271500,271K+500,23.64383934,120.5727875,143.1
國3,M,271600,271K+600,23.64294107,120.572688,143.38
國3,M,271700,271K+700,23.64204485,120.5725686,143.78
國3,M,271800,271K+800,23.64115153,120.5724261,144.31
國3,M,271900,271K+900,23.6402616,120.5722603,145.01
國3,M,272000,272K+000,23.63937554,120.5720719,145.85
國3,M,272100,272K+100,23.63849391,120.5718605,146.83
國3,M,272200,272K+200,23.63761662,120.5716288,148.0
國3,M,272300,272K+300,23.63674525,120.5713721,149.25
國3,M,272400,272K+400,23.63587978,120.571093,150.58
國3,M,272500,272K+500,23.6350206,120.5707919,151.96
國3,M,272600,272K+600,23.63416737,120.5704716,153.39
國3,M,272700,272K+700,23.63332211,120.5701272,154.95
國3,M,272800,272K+800,23.63248389,120.5697631,156.47
國3,M,272900,272K+900,23.6316527,120.5693803,156.99
國3,M,273000,273K+000,23.63083025,120.5689758,157.62
國3,M,273100,273K+100,23.63001765,120.5685488,158.35
國3,M,273200,273K+200,23.62921274,120.5681047,159.13
國3,M,273300,273K+300,23.6284199,120.5676357,159.88
國3,M,273400,273K+400,23.62763756,120.5671465,160.38
國3,M,273500,273K+500,23.62686415,120.5666408,160.66
國3,M,273600,273K+600,23.62610072,120.5661175,160.69
國3,M,273700,273K+700,23.625352,120.5655697,160.4
國3,M,273800,273K+800,23.62461538,120.565003,159.82
國3,M,273900,273K+900,23.62388841,120.5644218,159.02
國3,M,274000,274K+000,23.62317496,120.5638212,157.93
國3,M,274100,274K+100,23.62247789,120.5631985,156.55
國3,M,274200,274K+200,23.62179387,120.5625589,155.05
國3,M,274300,274K+300,23.62112078,120.5619059,153.51
國3,M,274400,274K+400,23.6204654,120.5612319,152.35
國3,M,274500,274K+500,23.61982395,120.5605422,151.7
國3,M,274600,274K+600,23.6192004,120.5598334,151.67
國3,M,274700,274K+700,23.61858874,120.5591127,152.05
國3,M,274800,274K+800,23.61799199,120.5583773,152.93
國3,M,274900,274K+900,23.61741306,120.5576254,154.39
國3,M,275000,275K+000,23.61685451,120.5568557,156.12
國3,M,275100,275K+100,23.61631152,120.5560729,157.73
國3,M,275200,275K+200,23.61578074,120.5552804,159.12
國3,M,275300,275K+300,23.61527057,120.5544719,159.94
國3,M,275400,275K+400,23.61477664,120.5536515,160.24
國3,M,275500,275K+500,23.61430469,120.5528161,159.93
國3,M,275600,275K+600,23.61384946,120.5519699,159.18
國3,M,275700,275K+700,23.61341419,120.5511115,157.9
國3,M,275800,275K+800,23.6129975,120.5502423,156.34
國3,M,275900,275K+900,23.61259821,120.5493636,154.68
國3,M,276000,276K+000,23.61221723,120.5484754,153.02
國3,M,276100,276K+100,23.61185812,120.5475764,151.37
國3,M,276200,276K+200,23.61151799,120.5466688,149.68
國3,M,276300,276K+300,23.61119826,120.5457525,147.96
國3,M,276400,276K+400,23.61089749,120.5448287,146.36
國3,M,276500,276K+500,23.61061659,120.5438976,144.69
國3,M,276600,276K+600,23.61034816,120.5429621,143.05
國3,M,276700,276K+700,23.61008636,120.5420245,141.47
國3,M,276800,276K+800,23.60983394,120.5410837,139.95
國3,M,276900,276K+900,23.6095802,120.5401434,138.42
國3,M,277000,277K+000,23.60932216,120.5392045,136.86
國3,M,277100,277K+100,23.60905777,120.5382676,135.24
國3,M,277200,277K+200,23.60878185,120.5373348,133.58
國3,M,277300,277K+300,23.6084838,120.53641,131.94
國3,M,277400,277K+400,23.60815877,120.535496,130.33
國3,M,277500,277K+500,23.60780455,120.5345948,128.79
國3,M,277600,277K+600,23.60741141,120.5337129,127.24
國3,M,277700,277K+700,23.6069779,120.5328536,125.64
國3,M,277800,277K+800,23.60650425,120.5320196,124.06
國3,M,277900,277K+900,23.60599236,120.5312128,122.48
國3,M,278000,278K+000,23.60544622,120.5304328,120.88
國3,M,278100,278K+100,23.6048657,120.5296827,119.29
國3,M,278200,278K+200,23.60424984,120.5289664,117.73
國3,M,278300,278K+300,23.60360279,120.5282833,116.18
國3,M,278400,278K+400,23.60292365,120.527638,114.62
國3,M,278500,278K+500,23.6022177,120.5270274,113.02
國3,M,278600,278K+600,23.60148259,120.5264588,111.49
國3,M,278700,278K+700,23.60072719,120.5259223,109.97
國3,M,278800,278K+800,23.59995379,120.5254169,108.77
國3,M,278900,278K+900,23.59916501,120.5249401,108.05
國3,M,279000,279K+000,23.59836832,120.5244791,107.7
國3,M,279100,279K+100,23.59756539,120.5240308,107.69
國3,M,279200,279K+200,23.59675911,120.5235897,108.37
國3,M,279300,279K+300,23.59595283,120.5231486,109.05
國3,M,279400,279K+400,23.59514655,120.5227075,109.73
國3,M,279500,279K+500,23.59434404,120.5222585,110.45
國3,M,279600,279K+600,23.59355069,120.5217906,111.14
國3,M,279700,279K+700,23.59276901,120.5213003,111.78
國3,M,279800,279K+800,23.59200407,120.5207798,112.34
國3,M,279900,279K+900,23.59125325,120.5202357,112.84
國3,M,280000,280K+000,23.59051962,120.5196646,113.29
國3,M,280100,280K+100,23.58980345,120.5190681,113.73
國3,M,280200,280K+200,23.5891073,120.5184442,114.16
國3,M,280300,280K+300,23.58842901,120.5177976,114.61
國3,M,280400,280K+400,23.58776785,120.5171303,115.06
國3,M,280500,280K+500,23.58711727,120.5164509,115.49
國3,M,280600,280K+600,23.58647541,120.5157618,115.86
國3,M,280700,280K+700,23.58583355,120.5150727,116.24
國3,M,280800,280K+800,23.58519169,120.5143836,116.61
國3,M,280900,280K+900,23.58454376,120.5137012,116.71
國3,M,281000,281K+000,23.58388827,120.5130275,116.64
國3,M,281100,281K+100,23.58321877,120.5123701,116.38
國3,M,281200,281K+200,23.58253237,120.5117337,115.94
國3,M,281300,281K+300,23.58182503,120.5111248,115.3
國3,M,281400,281K+400,23.58109971,120.5105416,114.46
國3,M,281500,281K+500,23.58035843,120.5099824,113.46
國3,M,281600,281K+600,23.5795995,120.5094519,112.27
國3,M,281700,281K+700,23.57882542,120.5089479,110.91
國3,M,281800,281K+800,23.57803487,120.5084749,109.34
國3,M,281900,281K+900,23.57723247,120.508026,107.68
國3,M,282000,282K+000,23.57641528,120.5076097,105.98
國3,M,282100,282K+100,23.57558579,120.5072231,104.26
國3,M,282200,282K+200,23.57474513,120.5068659,102.61
國3,M,282300,282K+300,23.57389361,120.5065406,100.92
國3,M,282400,282K+400,23.5730325,120.5062465,99.26
國3,M,282500,282K+500,23.57216218,120.5059859,98.2
國3,M,282600,282K+600,23.57128577,120.5057505,97.62
國3,M,282700,282K+700,23.57040193,120.5055502,97.64
國3,M,282800,282K+800,23.56951273,120.5053804,98.36
國3,M,282900,282K+900,23.56861866,120.5052439,99.54
國3,M,283000,283K+000,23.56772079,120.5051409,100.66
國3,M,283100,283K+100,23.5668203,120.5050701,101.66
國3,M,283200,283K+200,23.56591826,120.505027,102.46
國3,M,283300,283K+300,23.56501555,120.5050038,102.74
國3,M,283400,283K+400,23.56411258,120.5050002,102.27
國3,M,283500,283K+500,23.56320962,120.5049966,101.8
國3,M,283600,283K+600,23.56230665,120.5049997,102.19
國3,M,283700,283K+700,23.56140368,120.5050029,102.58
國3,M,283800,283K+800,23.56050071,120.505006,102.97
國3,M,283900,283K+900,23.55959774,120.5050091,103.36
國3,M,284000,284K+000,23.55869477,120.5050123,103.74
國3,M,284100,284K+100,23.5577918,120.5050154,104.13
國3,M,284200,284K+200,23.55688883,120.5050185,104.52
國3,M,284300,284K+300,23.55598586,120.5050217,104.91
國3,M,284400,284K+400,23.55508289,120.5050248,105.3
國3,M,284500,284K+500,23.55417992,120.5050279,105.68
國3,M,284600,284K+600,23.55327709,120.5050266,106.86
國3,M,284700,284K+700,23.5523749,120.5050002,109.69
國3,M,284800,284K+800,23.55147538,120.5049203,111.91
國3,M,284900,284K+900,23.55058108,120.5047875,113.74
國3,M,285000,285K+000,23.54969549,120.504598,115.12
國3,M,285100,285K+100,23.54882147,120.5043528,116.09
國3,M,285200,285K+200,23.54796414,120.5040459,116.43
國3,M,285300,285K+300,23.54712203,120.5036929,116.34
國3,M,285400,285K+400,23.54630188,120.5032838,115.68
國3,M,285500,285K+500,23.54550536,120.5028228,114.53
國3,M,285600,285K+600,23.54473656,120.5023099,112.89
國3,M,285700,285K+700,23.54399321,120.5017545,111.2
國3,M,285800,285K+800,23.54328393,120.5011488,109.55
國3,M,285900,285K+900,23.54260867,120.5004991,107.82
國3,M,286000,286K+000,23.54196871,120.4998086,106.06
國3,M,286100,286K+100,23.54136941,120.4990764,104.34
國3,M,286200,286K+200,23.54080508,120.4983122,102.56
國3,M,286300,286K+300,23.54026726,120.4975257,100.85
國3,M,286400,286K+400,23.53973403,120.4967355,99.17
國3,M,286500,286K+500,23.53920079,120.4959452,97.49
國3,M,286600,286K+600,23.53865439,120.4951656,96.58
國3,M,286700,286K+700,23.53809148,120.4943999,95.68
國3,M,286800,286K+800,23.53750087,120.4936592,94.75
國3,M,286900,286K+900,23.5368872,120.492941,93.85
國3,M,287000,287K+000,23.53625019,120.492247,92.97
國3,M,287100,287K+100,23.53559147,120.4915773,91.96
國3,M,287200,287K+200,23.53491113,120.4909336,90.48
國3,M,287300,287K+300,23.53420774,120.4903199,88.54
國3,M,287400,287K+400,23.53348657,120.489731,86.51
國3,M,287500,287K+500,23.53274782,120.4891684,84.5
國3,M,287600,287K+600,23.53198876,120.4886384,82.52
國3,M,287700,287K+700,23.53121286,120.4881379,80.66
國3,M,287800,287K+800,23.5304216,120.4876666,79.26
國3,M,287900,287K+900,23.52961471,120.4872273,78.26
國3,M,288000,288K+000,23.52879404,120.4868191,77.39
國3,M,288100,288K+100,23.52796231,120.4864382,76.54
國3,M,288200,288K+200,23.52711574,120.4860976,75.74
國3,M,288300,288K+300,23.52625717,120.4857947,74.81
國3,M,288400,288K+400,23.52538819,120.4855291,73.9
國3,M,288500,288K+500,23.52451084,120.485298,73.02
國3,M,288600,288K+600,23.52362535,120.4851069,72.16
國3,M,288700,288K+700,23.52273341,120.4849544,71.62
國3,M,288800,288K+800,23.52183641,120.4848428,71.56
國3,M,288900,288K+900,23.5209362,120.4847672,71.71
國3,M,289000,289K+000,23.52003385,120.4847338,71.88
國3,M,289100,289K+100,23.51913092,120.4847361,72.03
國3,M,289200,289K+200,23.51822898,120.4847814,72.18
國3,M,289300,289K+300,23.5173291,120.4848613,72.39
國3,M,289400,289K+400,23.51643304,120.4849815,72.43
國3,M,289500,289K+500,23.51554239,120.4851425,72.22
國3,M,289600,289K+600,23.5146581,120.4853401,71.79
國3,M,289700,289K+700,23.51378166,120.4855754,71.18
國3,M,289800,289K+800,23.51291552,120.4858518,70.33
國3,M,289900,289K+900,23.51205904,120.4861616,69.53
國3,M,290000,290K+000,23.51121553,120.4865109,68.79
國3,M,290100,290K+100,23.51038522,120.4868955,68.04
國3,M,290200,290K+200,23.50957141,120.4873194,67.27
國3,M,290300,290K+300,23.50876944,120.487769,66.58
國3,M,290400,290K+400,23.5079828,120.4882496,66.34
國3,M,290500,290K+500,23.50720445,120.4887459,66.51
國3,M,290600,290K+600,23.50643445,120.4892573,67.21
國3,M,290700,290K+700,23.50566902,120.4897766,68.59
國3,M,290800,290K+800,23.50490358,120.4902959,69.97
國3,M,290900,290K+900,23.50413667,120.4908126,71.38
國3,M,291000,291K+000,23.50335858,120.4913091,72.94
國3,M,291100,291K+100,23.5025645,120.4917747,74.45
國3,M,291200,291K+200,23.50175075,120.4921985,75.99
國3,M,291300,291K+300,23.50092108,120.4925843,77.55
國3,M,291400,291K+400,23.50007456,120.4929246,79.11
國3,M,291500,291K+500,23.49921302,120.4932171,80.67
國3,M,291600,291K+600,23.49833998,120.4934659,82.25
國3,M,291700,291K+700,23.49745768,120.4936729,83.77
國3,M,291800,291K+800,23.49656859,120.4938429,85.19
國3,M,291900,291K+900,23.49567512,120.493984,86.57
國3,M,292000,292K+000,23.49478051,120.4941164,87.93
國3,M,292100,292K+100,23.49388591,120.4942488,89.28
國3,M,292200,292K+200,23.49299262,120.494391,90.76
國3,M,292300,292K+300,23.49210406,120.4945645,92.06
國3,M,292400,292K+400,23.49122254,120.4947759,93.47
國3,M,292500,292K+500,23.49035246,120.495037,94.85
國3,M,292600,292K+600,23.48949353,120.4953383,96.24
國3,M,292700,292K+700,23.48865022,120.4956877,97.62
國3,M,292800,292K+800,23.48782126,120.4960754,98.98
國3,M,292900,292K+900,23.48700777,120.4965001,100.4
國3,M,293000,293K+000,23.48620254,120.4969428,101.75
國3,M,293100,293K+100,23.48539928,120.4973898,103.08
國3,M,293200,293K+200,23.48459602,120.4978369,104.42
國3,M,293300,293K+300,23.48378697,120.4982714,105.61
國3,M,293400,293K+400,23.48296585,120.4986783,106.6
國3,M,293500,293K+500,23.48212885,120.4990455,107.42
國3,M,293600,293K+600,23.48127727,120.4993707,108.07
國3,M,293700,293K+700,23.48041245,120.4996518,108.56
國3,M,293800,293K+800,23.47953727,120.4998922,108.9
國3,M,293900,293K+900,23.47865315,120.5000906,109.08
國3,M,294000,294K+000,23.47776196,120.5002475,109.12
國3,M,294100,294K+100,23.47686427,120.5003524,108.95
國3,M,294200,294K+200,23.47596362,120.5004206,108.63
國3,M,294300,294K+300,23.475061,120.5004403,108.18
國3,M,294400,294K+400,23.4741584,120.5004176,107.6
國3,M,294500,294K+500,23.47325807,120.500345,106.81
國3,M,294600,294K+600,23.47236116,120.5002332,105.9
國3,M,294700,294K+700,23.4714695,120.5000798,104.79
國3,M,294800,294K+800,23.47058611,120.4998777,103.6
國3,M,294900,294K+900,23.46971171,120.499634,102.51
國3,M,295000,295K+000,23.46884922,120.4993448,101.52
國3,M,295100,295K+100,23.4679992,120.4990152,100.79
國3,M,295200,295K+200,23.46716294,120.4986464,100.38
國3,M,295300,295K+300,23.46634362,120.4982352,100.2
國3,M,295400,295K+400,23.46554136,120.4977863,100.29
國3,M,295500,295K+500,23.46476006,120.4972956,100.67
國3,M,295600,295K+600,23.46400136,120.4967651,101.19
國3,M,295700,295K+700,23.46326315,120.4962016,101.71
國3,M,295800,295K+800,23.46255072,120.4956004,101.96
國3,M,295900,295K+900,23.46186105,120.4949687,101.91
國3,M,296000,296K+000,23.46119159,120.4943119,101.61
國3,M,296100,296K+100,23.46054171,120.4936324,101.07
國3,M,296200,296K+200,23.45990433,120.4929392,100.29
國3,M,296300,296K+300,23.45927798,120.4922342,99.15
國3,M,296400,296K+400,23.45865394,120.4915269,97.91
國3,M,296500,296K+500,23.45802989,120.4908196,96.67
國3,M,296600,296K+600,23.45740583,120.4901122,95.42
國3,M,296700,296K+700,23.45676876,120.4894187,94.31
國3,M,296800,296K+800,23.45611273,120.4887463,93.36
國3,M,296900,296K+900,23.45543246,120.4881028,92.59
國3,M,297000,297K+000,23.45472652,120.4874926,92.01
國3,M,297100,297K+100,23.4539994,120.4869123,91.64
國3,M,297200,297K+200,23.45325111,120.4863647,91.34
國3,M,297300,297K+300,23.45248128,120.4858532,91.0
國3,M,297400,297K+400,23.45169545,120.4853713,90.71
國3,M,297500,297K+500,23.45089183,120.4849251,90.41
國3,M,297600,297K+600,23.45007268,120.4845135,89.93
國3,M,297700,297K+700,23.44924167,120.4841308,89.24
國3,M,297800,297K+800,23.44840234,120.4837699,88.39
國3,M,297900,297K+900,23.44755675,120.4834267,87.4
國3,M,298000,298K+000,23.44671116,120.4830834,86.42
國3,M,298100,298K+100,23.44586557,120.4827402,85.43
國3,M,298200,298K+200,23.44502243,120.48239,84.44
國3,M,298300,298K+300,23.44418139,120.4820339,83.45
國3,M,298400,298K+400,23.44334918,120.4816543,82.46
國3,M,298500,298K+500,23.44252942,120.481244,81.48
國3,M,298600,298K+600,23.44171922,120.4808123,80.5
國3,M,298700,298K+700,23.44092415,120.4803486,79.53
國3,M,298800,298K+800,23.44014413,120.4798557,78.73
國3,M,298900,298K+900,23.43937918,120.4793358,78.21
國3,M,299000,299K+000,23.43863128,120.4787875,77.89
國3,M,299100,299K+100,23.43790024,120.4782132,77.57
國3,M,299200,299K+200,23.43718715,120.4776129,77.26
國3,M,299300,299K+300,23.43649265,120.4769876,76.93
國3,M,299400,299K+400,23.43581843,120.4763367,76.61
國3,M,299500,299K+500,23.43516387,120.4756627,76.29
國3,M,299600,299K+600,23.4345297,120.4749661,75.8
國3,M,299700,299K+700,23.43391538,120.4742489,74.96
國3,M,299800,299K+800,23.4333118,120.4735211,74.03
國3,M,299900,299K+900,23.43271715,120.4727848,73.12
國3,M,300000,300K+000,23.43212417,120.4720468,72.22
國3,M,300100,300K+100,23.4315312,120.4713088,71.33
國3,M,300200,300K+200,23.43093218,120.4705766,70.62
國3,M,300300,300K+300,23.43031984,120.4698575,70.38
國3,M,300400,300K+400,23.42968509,120.4691615,70.63
國3,M,300500,300K+500,23.42902458,120.4684944,71.33
國3,M,300600,300K+600,23.42833745,120.4678598,72.46
國3,M,300700,300K+700,23.42762535,120.4672585,74.06
國3,M,300800,300K+800,23.4268899,120.4666912,75.83
國3,M,300900,300K+900,23.426133,120.4661581,77.62
國3,M,301000,301K+000,23.42535391,120.4656638,79.4
國3,M,301100,301K+100,23.42455899,120.4652,81.22
國3,M,301200,301K+200,23.42375453,120.4647561,83.04
國3,M,301300,301K+300,23.42294467,120.4643236,84.78
國3,M,301400,301K+400,23.42213481,120.4638911,86.52
國3,M,301500,301K+500,23.42132747,120.4634531,87.91
國3,M,301600,301K+600,23.42052664,120.4630012,88.74
國3,M,301700,301K+700,23.41973796,120.462525,89.12
國3,M,301800,301K+800,23.41896913,120.4620122,89.02
國3,M,301900,301K+900,23.41822859,120.4614525,88.4
國3,M,302000,302K+000,23.41751347,120.4608555,87.33
國3,M,302100,302K+100,23.41682941,120.4602171,85.86
國3,M,302200,302K+200,23.41617665,120.4595413,84.33
國3,M,302300,302K+300,23.41555816,120.4588287,82.83
國3,M,302400,302K+400,23.4149756,120.4580814,81.38
國3,M,302500,302K+500,23.4144292,120.4573027,80.09
國3,M,302600,302K+600,23.41392235,120.4564931,78.84
國3,M,302700,302K+700,23.41345394,120.4556568,77.74
國3,M,302800,302K+800,23.4130288,120.4547938,76.46
國3,M,302900,302K+900,23.41264608,120.4539077,75.24
國3,M,303000,303K+000,23.4123057,120.4530017,73.98
國3,M,303100,303K+100,23.41201334,120.4520762,72.41
國3,M,303200,303K+200,23.41176213,120.4511368,70.52
國3,M,303300,303K+300,23.41154826,120.4501865,68.39
國3,M,303400,303K+400,23.41136598,120.4492286,66.26
國3,M,303500,303K+500,23.41120151,120.4482667,64.35
國3,M,303600,303K+600,23.41103703,120.4473048,62.45
國3,M,303700,303K+700,23.41087143,120.4463431,60.69
國3,M,303800,303K+800,23.41069464,120.4453836,60.3
國3,M,303900,303K+900,23.4104894,120.4444308,60.87
國3,M,304000,304K+000,23.41024681,120.4434885,62.2
國3,M,304100,304K+100,23.40995711,120.442562,63.54
國3,M,304200,304K+200,23.40962228,120.4416536,64.71
國3,M,304300,304K+300,23.40923868,120.4407681,65.43
國3,M,304400,304K+400,23.40881175,120.4399062,65.81
國3,M,304500,304K+500,23.40833738,120.4390739,65.8
國3,M,304600,304K+600,23.40781915,120.4382729,65.41
國3,M,304700,304K+700,23.40726148,120.4375036,64.75
國3,M,304800,304K+800,23.40666337,120.4367711,64.01
國3,M,304900,304K+900,23.40602672,120.4360776,63.24
國3,M,305000,305K+000,23.40535653,120.4354221,62.5
國3,M,305100,305K+100,23.40465113,120.4348117,61.61
國3,M,305200,305K+200,23.40391782,120.4342411,60.96
國3,M,305300,305K+300,23.40315495,120.4337179,60.47
國3,M,305400,305K+400,23.40237027,120.4332341,60.38
國3,M,305500,305K+500,23.40156571,120.4327902,60.46
國3,M,305600,305K+600,23.40074463,120.4323834,60.69
國3,M,305700,305K+700,23.39990904,120.4320127,61.17
國3,M,305800,305K+800,23.39906137,120.4316759,61.63
國3,M,305900,305K+900,23.39820368,120.4313702,61.95
國3,M,306000,306K+000,23.39733785,120.4310927,62.16
國3,M,306100,306K+100,23.3964666,120.4308356,62.52
國3,M,306200,306K+200,23.39558868,120.4306067,62.47
國3,M,306300,306K+300,23.39470524,120.4304045,62.92
國3,M,306400,306K+400,23.39381682,120.4302299,63.2
國3,M,306500,306K+500,23.39292455,120.4300805,63.49
國3,M,306600,306K+600,23.3920293,120.4299535,63.93
國3,M,306700,306K+700,23.39113109,120.4298537,64.21
國3,M,306800,306K+800,23.39023061,120.4297816,64.59
國3,M,306900,306K+900,23.38932865,120.4297351,65.12
國3,M,307000,307K+000,23.38842596,120.4297133,65.53
國3,M,307100,307K+100,23.38752309,120.429722,65.97
國3,M,307200,307K+200,23.38662056,120.4297505,66.37
國3,M,307300,307K+300,23.38571929,120.4298089,66.69
國3,M,307400,307K+400,23.38481947,120.4298901,67.04
國3,M,307500,307K+500,23.38392231,120.4300005,67.61
國3,M,307600,307K+600,23.383028,120.4301352,68.04
國3,M,307700,307K+700,23.38213703,120.430294,68.38
國3,M,307800,307K+800,23.38124966,120.4304748,68.78
國3,M,307900,307K+900,23.38036616,120.4306767,69.22
國3,M,308000,308K+000,23.37948567,120.4308935,69.6
國3,M,308100,308K+100,23.37860865,120.4311263,70.14
國3,M,308200,308K+200,23.37773419,120.4313702,70.7
國3,M,308300,308K+300,23.37686182,120.4316226,71.11
國3,M,308400,308K+400,23.3759912,120.4318822,71.28
國3,M,308500,308K+500,23.37512212,120.4321477,71.42
國3,M,308600,308K+600,23.37425361,120.4324155,71.55
國3,M,308700,308K+700,23.37338511,120.4326832,71.67
國3,M,308800,308K+800,23.3725166,120.432951,71.8
國3,M,308900,308K+900,23.37164809,120.4332187,71.93
國3,M,309000,309K+000,23.37077958,120.4334864,72.05
國3,M,309100,309K+100,23.36991107,120.4337542,72.18
國3,M,309200,309K+200,23.36904256,120.4340219,72.31
國3,M,309300,309K+300,23.36817405,120.4342896,72.44
國3,M,309400,309K+400,23.36730554,120.4345573,72.56
國3,M,309500,309K+500,23.36643703,120.434825,72.69
國3,M,309600,309K+600,23.36556851,120.4350928,72.82
國3,M,309700,309K+700,23.3647,120.4353605,72.94
國3,M,309800,309K+800,23.36383149,120.4356282,73.07
國3,M,309900,309K+900,23.36296297,120.4358959,73.2
國3,M,310000,310K+000,23.36209446,120.4361636,73.32
國3,M,310100,310K+100,23.36122594,120.4364312,73.45
國3,M,310200,310K+200,23.36035743,120.4366989,73.58
國3,M,310300,310K+300,23.35948861,120.4369653,72.68
國3,M,310400,310K+400,23.35861975,120.4372315,71.58
國3,M,310500,310K+500,23.35775088,120.4374976,70.5
國3,M,310600,310K+600,23.35688202,120.4377637,69.41
國3,M,310700,310K+700,23.35601243,120.4380271,68.4
國3,M,310800,310K+800,23.35514053,120.4382814,67.67
國3,M,310900,310K+900,23.35426473,120.4385196,67.3
國3,M,311000,311K+000,23.3533855,120.4387423,67.13
國3,M,311100,311K+100,23.35250182,120.4389432,67.24
國3,M,311200,311K+200,23.35161373,120.4391197,67.55
國3,M,311300,311K+300,23.35072072,120.439264,68.14
國3,M,311400,311K+400,23.34982347,120.439373,69.14
國3,M,311500,311K+500,23.34892293,120.439442,70.13
國3,M,311600,311K+600,23.34802041,120.439467,71.3
國3,M,311700,311K+700,23.34711778,120.4394474,72.53
國3,M,311800,311K+800,23.34621765,120.4393721,73.39
國3,M,311900,311K+900,23.34532232,120.4392464,74.14
國3,M,312000,312K+000,23.34443402,120.4390715,74.67
國3,M,312100,312K+100,23.3435548,120.4388495,74.85
國3,M,312200,312K+200,23.34268879,120.4385731,74.74
國3,M,312300,312K+300,23.34183557,120.4382532,74.33
國3,M,312400,312K+400,23.34099532,120.4378953,73.79
國3,M,312500,312K+500,23.34016659,120.4375072,73.08
國3,M,312600,312K+600,23.33934707,120.4370966,72.31
國3,M,312700,312K+700,23.33853596,120.4366669,71.75
國3,M,312800,312K+800,23.33773053,120.4362248,70.99
國3,M,312900,312K+900,23.33692563,120.4357816,70.21
國3,M,313000,313K+000,23.33612074,120.4353384,69.43
國3,M,313100,313K+100,23.33531584,120.4348952,68.65
國3,M,313200,313K+200,23.3345066,120.4344614,68.18
國3,M,313300,313K+300,23.33369602,120.4340304,67.8
國3,M,313400,313K+400,23.33287733,120.4336179,68.31
國3,M,313500,313K+500,23.33205412,120.4332162,69.28
國3,M,313600,313K+600,23.33122395,120.4328318,70.42
國3,M,313700,313K+700,23.33038758,120.4324633,71.01
國3,M,313800,313K+800,23.32954448,120.4321133,71.39
國3,M,313900,313K+900,23.3286974,120.4317746,72.01
國3,M,314000,314K+000,23.32784314,120.4314579,73.2
國3,M,314100,314K+100,23.32698356,120.4311587,73.95
國3,M,314200,314K+200,23.32612066,120.4308707,74.43
國3,M,314300,314K+300,23.32525211,120.4306033,74.3
國3,M,314400,314K+400,23.32437943,120.4303521,73.98
國3,M,314500,314K+500,23.32350278,120.4301178,73.68
國3,M,314600,314K+600,23.32262312,120.4298969,73.33
國3,M,314700,314K+700,23.32174118,120.4296871,73.06
國3,M,314800,314K+800,23.32085867,120.42948,72.81
國3,M,314900,314K+900,23.31997615,120.429273,72.57
國3,M,315000,315K+000,23.31909363,120.4290659,72.32
國3,M,315100,315K+100,23.3182125,120.4288522,72.32
國3,M,315200,315K+200,23.31733301,120.4286306,72.62
國3,M,315300,315K+300,23.31645815,120.4283887,73.26
國3,M,315400,315K+400,23.31558902,120.4281238,74.19
國3,M,315500,315K+500,23.31472783,120.4278301,75.39
國3,M,315600,315K+600,23.31387751,120.4275014,76.03
國3,M,315700,315K+700,23.31304179,120.4271314,76.18
國3,M,315800,315K+800,23.31222341,120.4267185,75.82
國3,M,315900,315K+900,23.3114225,120.4262672,75.22
國3,M,316000,316K+000,23.31064515,120.4257702,74.22
國3,M,316100,316K+100,23.30988775,120.4252381,73.38
國3,M,316200,316K+200,23.30915519,120.4246669,72.41
國3,M,316300,316K+300,23.30844874,120.424058,71.76
國3,M,316400,316K+400,23.30777132,120.4234119,71.21
國3,M,316500,316K+500,23.3071228,120.4227319,70.82
國3,M,316600,316K+600,23.30650305,120.4220211,70.75
國3,M,316700,316K+700,23.30591631,120.4212782,70.91
國3,M,316800,316K+800,23.30535964,120.4205086,71.19
國3,M,316900,316K+900,23.3048398,120.4197093,71.53
國3,M,317000,317K+000,23.30435833,120.4188823,71.86
國3,M,317100,317K+100,23.3039059,120.4180364,72.16
國3,M,317200,317K+200,23.30347732,120.417176,72.36
國3,M,317300,317K+300,23.30307088,120.416303,72.2
國3,M,317400,317K+400,23.30268033,120.4154215,71.54
國3,M,317500,317K+500,23.30230263,120.4145338,69.47
國3,M,317600,317K+600,23.30192519,120.4136459,67.37
國3,M,317700,317K+700,23.30154775,120.412758,65.27
國3,M,317800,317K+800,23.30116398,120.4118733,63.11
國3,M,317900,317K+900,23.30077878,120.4109893,60.96
國3,M,318000,318K+000,23.30037602,120.4101144,60.11
國3,M,318100,318K+100,23.29995673,120.4092486,60.13
國3,M,318200,318K+200,23.29951364,120.4083968,61.06
國3,M,318300,318K+300,23.29904795,120.4075594,61.84
國3,M,318400,318K+400,23.29855381,120.4067412,62.08
國3,M,318500,318K+500,23.29803528,120.405941,61.82
國3,M,318600,318K+600,23.297484,120.4051668,61.02
國3,M,318700,318K+700,23.29690715,120.4044148,60.45
國3,M,318800,318K+800,23.29630412,120.4036873,60.41
國3,M,318900,318K+900,23.29567671,120.4029844,60.79
國3,M,319000,319K+000,23.29502369,120.4023093,61.33
國3,M,319100,319K+100,23.29434581,120.4016637,61.88
國3,M,319200,319K+200,23.29364848,120.4010427,62.37
國3,M,319300,319K+300,23.29292617,120.4004562,62.7
國3,M,319400,319K+400,23.29218625,120.399896,62.72
國3,M,319500,319K+500,23.29142985,120.3993623,62.24
國3,M,319600,319K+600,23.29066122,120.3988493,61.31
國3,M,319700,319K+700,23.28988152,120.3983565,59.99
國3,M,319800,319K+800,23.2890993,120.3978683,58.59
國3,M,319900,319K+900,23.28831166,120.3973904,57.14
國3,M,320000,320K+000,23.28752402,120.3969126,55.69
國3,M,320100,320K+100,23.2867383,120.396431,54.23
國3,M,320200,320K+200,23.28595556,120.3959439,52.79
國3,M,320300,320K+300,23.28517972,120.3954439,51.63
國3,M,320400,320K+400,23.28441281,120.394928,50.92
國3,M,320500,320K+500,23.28366127,120.3943861,50.69
國3,M,320600,320K+600,23.28292626,120.3938184,50.86
國3,M,320700,320K+700,23.28221113,120.3932217,51.11
國3,M,320800,320K+800,23.28152129,120.392591,51.27
國3,M,320900,320K+900,23.28085319,120.3919337,51.66
國3,M,321000,321K+000,23.28020919,120.3912487,52.7
國3,M,321100,321K+100,23.27959345,120.390534,54.43
國3,M,321200,321K+200,23.27900168,120.3897962,56.84
國3,M,321300,321K+300,23.278439,120.3890321,58.96
國3,M,321400,321K+400,23.27790574,120.3882435,60.53
國3,M,321500,321K+500,23.27739561,120.387437,61.56
國3,M,321600,321K+600,23.27690038,120.3866197,62.17
國3,M,321700,321K+700,23.2764151,120.3857955,62.05
國3,M,321800,321K+800,23.27593187,120.3849698,61.72
國3,M,321900,321K+900,23.27544698,120.3841452,61.37
國3,M,322000,322K+000,23.27494707,120.3833313,60.8
國3,M,322100,322K+100,23.27442905,120.3825308,60.24
國3,M,322200,322K+200,23.27388069,120.3817544,59.64
國3,M,322300,322K+300,23.27329826,120.3810077,59.07
國3,M,322400,322K+400,23.27267715,120.3802986,58.47
國3,M,322500,322K+500,23.27201051,120.3796396,57.96
國3,M,322600,322K+600,23.27130645,120.3790281,57.42
國3,M,322700,322K+700,23.27056562,120.3784696,56.79
國3,M,322800,322K+800,23.26979275,120.3779646,56.23
國3,M,322900,322K+900,23.26899117,120.3775151,56.1
國3,M,323000,323K+000,23.26816248,120.3771272,56.3
國3,M,323100,323K+100,23.26731223,120.3767987,56.73
國3,M,323200,323K+200,23.26644333,120.3765334,57.3
國3,M,323300,323K+300,23.26555972,120.3763329,57.81
國3,M,323400,323K+400,23.26466625,120.3761936,58.17
國3,M,323500,323K+500,23.26376653,120.3761127,58.37
國3,M,323600,323K+600,23.2628641,120.3760804,58.1
國3,M,323700,323K+700,23.26196117,120.376081,57.37
國3,M,323800,323K+800,23.26105847,120.3761043,56.56
國3,M,323900,323K+900,23.2601558,120.3761296,55.75
國3,M,324000,324K+000,23.25925299,120.376148,55.2
國3,M,324100,324K+100,23.25835008,120.3761412,55.16
國3,M,324200,324K+200,23.25744833,120.3760926,55.5
國3,M,324300,324K+300,23.25655098,120.3759852,55.95
國3,M,324400,324K+400,23.25566276,120.3758105,56.36
國3,M,324500,324K+500,23.25478679,120.3755743,56.77
國3,M,324600,324K+600,23.25392747,120.3752749,56.99
國3,M,324700,324K+700,23.25308857,120.3749137,57.4
國3,M,324800,324K+800,23.25227445,120.3744916,57.77
國3,M,324900,324K+900,23.25148653,120.3740147,58.21
國3,M,325000,325K+000,23.25072971,120.373482,58.36
國3,M,325100,325K+100,23.25000888,120.3728937,58.14
國3,M,325200,325K+200,23.2493253,120.3722556,57.52
國3,M,325300,325K+300,23.24868096,120.3715713,56.49
國3,M,325400,325K+400,23.24806191,120.3708601,55.55
國3,M,325500,325K+500,23.2474577,120.370134,54.55
國3,M,325600,325K+600,23.24685348,120.3694078,53.56
國3,M,325700,325K+700,23.24623959,120.3686912,52.72
國3,M,325800,325K+800,23.24561318,120.3679875,52.07
國3,M,325900,325K+900,23.24495527,120.3673183,51.91
國3,M,326000,326K+000,23.2442661,120.3666871,52.16
國3,M,326100,326K+100,23.2435513,120.3660902,52.59
國3,M,326200,326K+200,23.24280651,120.3655379,53.14
國3,M,326300,326K+300,23.24204065,120.3650205,53.68
國3,M,326400,326K+400,23.24125132,120.3645462,54.0
國3,M,326500,326K+500,23.24043927,120.3641192,54.27
國3,M,326600,326K+600,23.23961035,120.363732,54.72
國3,M,326700,326K+700,23.23876383,120.3633923,55.37
國3,M,326800,326K+800,23.23790226,120.3631003,56.45
國3,M,326900,326K+900,23.23702885,120.3628532,57.91
國3,M,327000,327K+000,23.23614439,120.3626574,58.98
國3,M,327100,327K+100,23.23525296,120.3625021,59.66
國3,M,327200,327K+200,23.23435683,120.3623823,59.81
國3,M,327300,327K+300,23.23345834,120.3622848,59.42
國3,M,327400,327K+400,23.23255879,120.3622,58.55
國3,M,327500,327K+500,23.23165915,120.3621163,57.63
國3,M,327600,327K+600,23.23075951,120.3620326,56.72
國3,M,327700,327K+700,23.2298614,120.3619316,55.78
國3,M,327800,327K+800,23.22896617,120.3618044,55.1
國3,M,327900,327K+900,23.22807529,120.3616457,55.01
國3,M,328000,328K+000,23.22719106,120.3614482,55.5
國3,M,328100,328K+100,23.22631505,120.361212,56.96
國3,M,328200,328K+200,23.22544995,120.3609329,58.75
國3,M,328300,328K+300,23.22459538,120.360618,60.5
國3,M,328400,328K+400,23.22375318,120.3602664,62.32
國3,M,328500,328K+500,23.2229258,120.3598753,63.4
國3,M,328600,328K+600,23.22210644,120.3594647,63.97
國3,M,328700,328K+700,23.22128986,120.3590476,64.37
國3,M,328800,328K+800,23.22047329,120.3586305,64.77
國3,M,328900,328K+900,23.21965179,120.358225,65.0
國3,M,329000,329K+000,23.21882095,120.3578424,65.11
國3,M,329100,329K+100,23.21797954,120.357488,65.24
國3,M,329200,329K+200,23.21712864,120.3571612,65.35
國3,M,329300,329K+300,23.21626763,120.3568669,65.4
國3,M,329400,329K+400,23.21539864,120.3566015,65.56
國3,M,329500,329K+500,23.2145217,120.3563686,65.66
國3,M,329600,329K+600,23.21363728,120.3561717,65.78
國3,M,329700,329K+700,23.21274771,120.3560043,65.9
國3,M,329800,329K+800,23.21185385,120.3558664,66.0
國3,M,329900,329K+900,23.21095625,120.35576,66.1
國3,M,330000,330K+000,23.21005634,120.3556795,66.24
國3,M,330100,330K+100,23.20915507,120.3556191,66.15
國3,M,330200,330K+200,23.20825295,120.3555761,65.9
國3,M,330300,330K+300,23.20735041,120.3555453,65.47
國3,M,330400,330K+400,23.20644766,120.3555231,64.9
國3,M,330500,330K+500,23.20554488,120.3555025,64.34
國3,M,330600,330K+600,23.20464203,120.3554843,64.21
國3,M,330700,330K+700,23.20373919,120.3554661,64.08
國3,M,330800,330K+800,23.20283634,120.3554479,63.96
國3,M,330900,330K+900,23.2019335,120.3554297,63.83
國3,M,331000,331K+000,23.20103065,120.3554116,63.7
國3,M,331100,331K+100,23.20012781,120.3553934,63.57
國3,M,331200,331K+200,23.19922496,120.3553752,63.44
國3,M,331300,331K+300,23.19832212,120.355357,63.32
國3,M,331400,331K+400,23.19741927,120.3553388,63.19
國3,M,331500,331K+500,23.19651643,120.3553207,63.06
國3,M,331600,331K+600,23.19561358,120.3553025,62.93
國3,M,331700,331K+700,23.19471074,120.3552843,62.81
國3,M,331800,331K+800,23.19380789,120.3552661,62.68
國3,M,331900,331K+900,23.19290505,120.3552479,62.55
國3,M,332000,332K+000,23.1920022,120.3552298,62.42
國3,M,332100,332K+100,23.19109935,120.3552116,62.3
國3,M,332200,332K+200,23.19019651,120.3551934,62.17
國3,M,332300,332K+300,23.18929366,120.3551752,62.04
國3,M,332400,332K+400,23.18839081,120.355157,61.91
國3,M,332500,332K+500,23.18748797,120.3551389,61.78
國3,M,332600,332K+600,23.18658512,120.3551207,61.66
國3,M,332700,332K+700,23.18568228,120.3551025,61.53
國3,M,332800,332K+800,23.18477943,120.3550843,61.4
國3,M,332900,332K+900,23.18387658,120.3550661,61.28
國3,M,333000,333K+000,23.18297373,120.355048,61.15
國3,M,333100,333K+100,23.18207089,120.3550297,61.02
國3,M,333200,333K+200,23.18116827,120.3550018,60.41
國3,M,333300,333K+300,23.18026565,120.3549739,59.8
國3,M,333400,333K+400,23.17936351,120.3549322,59.16
國3,M,333500,333K+500,23.17846208,120.3548749,58.68
國3,M,333600,333K+600,23.17756185,120.3547992,57.84
國3,M,333700,333K+700,23.17666366,120.3546993,57.18
國3,M,333800,333K+800,23.17576701,120.3545841,56.59
國3,M,333900,333K+900,23.17487289,120.3544476,56.0
國3,M,334000,334K+000,23.173982,120.3542888,55.45
國3,M,334100,334K+100,23.1730941,120.3541111,54.89
國3,M,334200,334K+200,23.17220923,120.3539168,54.23
國3,M,334300,334K+300,23.1713299,120.3536949,53.47
國3,M,334400,334K+400,23.17045373,120.3534586,52.85
國3,M,334500,334K+500,23.16958373,120.3531972,52.27
國3,M,334600,334K+600,23.1687183,120.3529188,51.64
國3,M,334700,334K+700,23.16785733,120.3526245,50.98
國3,M,334800,334K+800,23.16700324,120.3523075,50.41
國3,M,334900,334K+900,23.16615495,120.3519729,49.79
國3,M,335000,335K+000,23.16531456,120.3516157,49.33
國3,M,335100,335K+100,23.16448068,120.351241,49.13
國3,M,335200,335K+200,23.16365393,120.3508483,49.06
國3,M,335300,335K+300,23.16283572,120.3504351,49.16
國3,M,335400,335K+400,23.16202581,120.3500033,49.42
國3,M,335500,335K+500,23.1612235,120.3495553,49.86
國3,M,335600,335K+600,23.16043117,120.3490869,50.46
國3,M,335700,335K+700,23.15964672,120.3486033,51.09
國3,M,335800,335K+800,23.15887533,120.3480957,51.83
國3,M,335900,335K+900,23.1581102,120.3475772,52.57
國3,M,336000,336K+000,23.15735542,120.3470412,53.07
國3,M,336100,336K+100,23.15661379,120.3464841,53.27
國3,M,336200,336K+200,23.15588027,120.3459146,53.1
國3,M,336300,336K+300,23.15516063,120.3453247,52.5
國3,M,336400,336K+400,23.1544478,120.3447253,51.73
國3,M,336500,336K+500,23.15374354,120.3441142,50.69
國3,M,336600,336K+600,23.15304358,120.3434973,49.68
國3,M,336700,336K+700,23.15234615,120.3428771,49.0
國3,M,336800,336K+800,23.15164955,120.3422557,48.43
國3,M,336900,336K+900,23.15095293,120.3416344,47.87
國3,M,337000,337K+000,23.1502511,120.3410199,47.67
國3,M,337100,337K+100,23.14954488,120.3404115,47.62
國3,M,337200,337K+200,23.14883116,120.3398132,47.74
國3,M,337300,337K+300,23.14810857,120.3392277,48.09
國3,M,337400,337K+400,23.1473733,120.3386609,48.66
國3,M,337500,337K+500,23.1466229,120.3381179,49.2
國3,M,337600,337K+600,23.14585972,120.3375961,49.73
國3,M,337700,337K+700,23.14508139,120.3371012,50.22
國3,M,337800,337K+800,23.14428483,120.3366414,50.49
國3,M,337900,337K+900,23.14347256,120.336215,50.8
國3,M,338000,338K+000,23.14264541,120.3358235,50.73
國3,M,338100,338K+100,23.1418039,120.3354695,50.7
國3,M,338200,338K+200,23.1409511,120.3351487,50.59
國3,M,338300,338K+300,23.14008623,120.3348683,50.34
國3,M,338400,338K+400,23.13921203,120.3346242,50.02
國3,M,338500,338K+500,23.13832917,120.3344195,49.76
國3,M,338600,338K+600,23.13743936,120.3342537,49.6
國3,M,338700,338K+700,23.13654426,120.3341257,49.46
國3,M,338800,338K+800,23.13564617,120.3340246,49.42
國3,M,338900,338K+900,23.13474645,120.3339417,49.51
國3,M,339000,339K+000,23.13384635,120.3338635,49.65
國3,M,339100,339K+100,23.13294665,120.3337801,49.93
國3,M,339200,339K+200,23.13204744,120.333691,50.32
國3,M,339300,339K+300,23.13114984,120.3335847,50.82
國3,M,339400,339K+400,23.13025515,120.333453,51.18
國3,M,339500,339K+500,23.12936376,120.3332977,51.59
國3,M,339600,339K+600,23.12847679,120.3331149,52.0
國3,M,339700,339K+700,23.12759552,120.3329025,52.36
國3,M,339800,339K+800,23.12671962,120.3326654,52.72
國3,M,339900,339K+900,23.12585062,120.3324004,52.98
國3,M,340000,340K+000,23.12498951,120.3321066,53.2
國3,M,340100,340K+100,23.12413627,120.3317873,53.38
國3,M,340200,340K+200,23.12329138,120.3314429,53.39
國3,M,340300,340K+300,23.12245381,120.3310781,53.32
國3,M,340400,340K+400,23.12162274,120.3306963,53.14
國3,M,340500,340K+500,23.12079352,120.3303098,52.91
國3,M,340600,340K+600,23.1199643,120.3299233,52.69
國3,M,340700,340K+700,23.11913278,120.3295426,52.39
國3,M,340800,340K+800,23.11829337,120.3291829,52.08
國3,M,340900,340K+900,23.1174451,120.3288485,51.8
國3,M,341000,341K+000,23.11658542,120.3285503,51.51
國3,M,341100,341K+100,23.11571554,120.3282886,51.24
國3,M,341200,341K+200,23.11483567,120.3280693,50.96
國3,M,341300,341K+300,23.11394866,120.3278869,50.74
國3,M,341400,341K+400,23.11305606,120.3277398,50.55
國3,M,341500,341K+500,23.11215866,120.3276316,50.36
國3,M,341600,341K+600,23.11125778,120.3275646,50.34
國3,M,341700,341K+700,23.11035517,120.327538,50.36
國3,M,341800,341K+800,23.10945228,120.3275469,50.43
國3,M,341900,341K+900,23.10855004,120.3275861,50.56
國3,M,342000,342K+000,23.10764817,120.3276348,50.71
國3,M,342100,342K+100,23.10674668,120.3276913,50.78
國3,M,342200,342K+200,23.10584519,120.3277479,50.86
國3,M,342300,342K+300,23.10494369,120.3278044,50.93
國3,M,342400,342K+400,23.1040422,120.327861,51.0
國3,M,342500,342K+500,23.10314071,120.3279175,51.08
國3,M,342600,342K+600,23.10223922,120.3279741,51.16
國3,M,342700,342K+700,23.10133773,120.3280306,51.23
國3,M,342800,342K+800,23.10043623,120.3280872,51.3
國3,M,342900,342K+900,23.09953474,120.3281437,51.38
國3,M,343000,343K+000,23.09863325,120.3282003,51.45
國3,M,343100,343K+100,23.09773175,120.3282568,51.53
國3,M,343200,343K+200,23.09683026,120.3283134,51.6
國3,M,343300,343K+300,23.09592877,120.3283699,51.68
國3,M,343400,343K+400,23.09502728,120.3284265,51.75
國3,M,343500,343K+500,23.09412578,120.328483,51.83
國3,M,343600,343K+600,23.09322429,120.3285396,51.9
國3,M,343700,343K+700,23.09232279,120.3285961,51.98
國3,M,343800,343K+800,23.0914213,120.3286527,52.05
國3,M,343900,343K+900,23.09051981,120.3287092,52.13
國3,M,344000,344K+000,23.08961831,120.3287657,52.2
國3,M,344100,344K+100,23.08871682,120.3288223,52.28
國3,M,344200,344K+200,23.08781532,120.3288788,52.35
國3,M,344300,344K+300,23.08691383,120.3289354,52.43
國3,M,344400,344K+400,23.08601233,120.3289919,52.5
國3,M,344500,344K+500,23.08511065,120.3290443,53.18
國3,M,344600,344K+600,23.08420895,120.3290965,53.9
國3,M,344700,344K+700,23.08330725,120.3291486,54.62
國3,M,344800,344K+800,23.08240495,120.3291862,55.29
國3,M,344900,344K+900,23.08150219,120.3292071,55.81
國3,M,345000,345K+000,23.08059922,120.3292105,56.13
國3,M,345100,345K+100,23.07969642,120.3291908,56.23
國3,M,345200,345K+200,23.07879471,120.3291392,56.06
國3,M,345300,345K+300,23.07789477,120.3290596,55.9
國3,M,345400,345K+400,23.07699871,120.3289396,55.22
國3,M,345500,345K+500,23.07610734,120.3287842,54.38
國3,M,345600,345K+600,23.07522227,120.3285913,53.31
國3,M,345700,345K+700,23.07434608,120.3283557,52.25
國3,M,345800,345K+800,23.07347761,120.328089,51.43
國3,M,345900,345K+900,23.07262078,120.3277812,50.94
國3,M,346000,346K+000,23.07177553,120.3274378,50.76
國3,M,346100,346K+100,23.07094081,120.3270657,50.56
國3,M,346200,346K+200,23.07011628,120.3266678,50.1
國3,M,346300,346K+300,23.06929484,120.3262626,49.31
國3,M,346400,346K+400,23.06847659,120.32585,48.0
國3,M,346500,346K+500,23.06765835,120.3254374,46.68
國3,M,346600,346K+600,23.06683824,120.3250292,45.19
國3,M,346700,346K+700,23.06601605,120.3246259,43.76
國3,M,346800,346K+800,23.06518839,120.3242358,42.68
國3,M,346900,346K+900,23.06435416,120.3238624,42.04
國3,M,347000,347K+000,23.06351201,120.3235103,41.76
國3,M,347100,347K+100,23.06266228,120.3231802,41.84
國3,M,347200,347K+200,23.06180495,120.3228738,42.16
國3,M,347300,347K+300,23.06094093,120.3225902,42.54
國3,M,347400,347K+400,23.06007061,120.3223302,42.89
國3,M,347500,347K+500,23.05919473,120.3220929,43.22
國3,M,347600,347K+600,23.05831301,120.3218825,43.57
國3,M,347700,347K+700,23.05742727,120.3216929,43.91
國3,M,347800,347K+800,23.05653733,120.3215275,44.25
國3,M,347900,347K+900,23.05564342,120.3213898,44.61
國3,M,348000,348K+000,23.05474578,120.3212843,45.0
國3,M,348100,348K+100,23.05384489,120.3212183,45.46
國3,M,348200,348K+200,23.05294223,120.3211927,45.77
國3,M,348300,348K+300,23.05203948,120.3212077,46.06
國3,M,348400,348K+400,23.05113836,120.3212686,46.56
國3,M,348500,348K+500,23.0502406,120.3213726,46.78
國3,M,348600,348K+600,23.0493477,120.3215171,47.1
國3,M,348700,348K+700,23.04846161,120.3217045,47.41
國3,M,348800,348K+800,23.0475841,120.3219343,47.71
國3,M,348900,348K+900,23.04671743,120.322208,47.95
國3,M,349000,349K+000,23.04586279,120.3225228,47.91
國3,M,349100,349K+100,23.04501762,120.3228662,47.69
國3,M,349200,349K+200,23.04418348,120.3232399,47.36
國3,M,349300,349K+300,23.04335719,120.3236334,47.12
國3,M,349400,349K+400,23.04253491,120.3240367,47.32
國3,M,349500,349K+500,23.04171358,120.3244422,47.68
國3,M,349600,349K+600,23.04089226,120.3248477,48.05
國3,M,349700,349K+700,23.04006898,120.3252485,48.55
國3,M,349800,349K+800,23.03923671,120.3256269,49.34
國3,M,349900,349K+900,23.03839319,120.3259748,49.94
國3,M,350000,350K+000,23.03753929,120.3262918,50.5
國3,M,350100,350K+100,23.03667391,120.3265703,51.22
國3,M,350200,350K+200,23.03579876,120.3268103,51.58
國3,M,350300,350K+300,23.0349163,120.3270165,52.09
國3,M,350400,350K+400,23.03402713,120.3271861,52.68
國3,M,350500,350K+500,23.03313226,120.3273156,53.24
國3,M,350600,350K+600,23.03223386,120.3274125,53.8
國3,M,350700,350K+700,23.03133259,120.3274702,54.36
國3,M,350800,350K+800,23.03042998,120.3274915,54.91
國3,M,350900,350K+900,23.02952729,120.3274734,55.41
國3,M,351000,351K+000,23.02862564,120.3274219,55.91
國3,M,351100,351K+100,23.02772709,120.327326,56.22
國3,M,351200,351K+200,23.02683205,120.3271979,56.87
國3,M,351300,351K+300,23.02594215,120.3270332,57.67
國3,M,351400,351K+400,23.02505864,120.3268322,58.11
國3,M,351500,351K+500,23.02418368,120.3265911,58.02
國3,M,351600,351K+600,23.02331784,120.3263143,57.36
國3,M,351700,351K+700,23.02246104,120.3260065,56.36
國3,M,351800,351K+800,23.02161542,120.3256648,55.36
國3,M,351900,351K+900,23.02078495,120.325282,54.34
國3,M,352000,352K+000,23.01996764,120.3248675,53.32
國3,M,352100,352K+100,23.01916498,120.3244207,52.82
國3,M,352200,352K+200,23.01837029,120.3239574,53.34
國3,M,352300,352K+300,23.01757833,120.3234888,54.11
國3,M,352400,352K+400,23.01679007,120.3230129,54.79
國3,M,352500,352K+500,23.01599735,120.3225457,55.44
國3,M,352600,352K+600,23.01519735,120.3220935,56.09
國3,M,352700,352K+700,23.01438542,120.3216669,56.77
國3,M,352800,352K+800,23.01355967,120.3212724,57.4
國3,M,352900,352K+900,23.01271737,120.3209213,58.04
國3,M,353000,353K+000,23.01185832,120.3206214,58.69
國3,M,353100,353K+100,23.01098649,120.3203679,59.59
國3,M,353200,353K+200,23.01010317,120.3201661,60.22
國3,M,353300,353K+300,23.00921143,120.3200136,60.81
國3,M,353400,353K+400,23.00831339,120.3199125,61.41
國3,M,353500,353K+500,23.00741173,120.3198617,62.04
國3,M,353600,353K+600,23.00650884,120.3198597,62.63
國3,M,353700,353K+700,23.00560672,120.3199014,63.26
國3,M,353800,353K+800,23.00470608,120.3199707,63.86
國3,M,353900,353K+900,23.00380609,120.3200504,64.45
國3,M,354000,354K+000,23.00290611,120.3201301,65.05
國3,M,354100,354K+100,23.00200605,120.3202086,65.64
國3,M,354200,354K+200,23.00110484,120.3202697,66.23
國3,M,354300,354K+300,23.00020258,120.3203093,66.83
國3,M,354400,354K+400,22.99929966,120.3203125,67.54
國3,M,354500,354K+500,22.9983971,120.3202832,68.36
國3,M,354600,354K+600,22.99749574,120.3202251,69.31
國3,M,354700,354K+700,22.99659554,120.3201486,70.25
國3,M,354800,354K+800,22.99569571,120.3200673,71.27
國3,M,354900,354K+900,22.99479609,120.3199834,72.33
國3,M,355000,355K+000,22.99389603,120.3199055,73.35
國3,M,355100,355K+100,22.9929952,120.3198385,74.32
國3,M,355200,355K+200,22.99209326,120.3197926,75.38
國3,M,355300,355K+300,22.99119044,120.3197758,76.36
國3,M,355400,355K+400,22.99028762,120.3197934,77.39
國3,M,355500,355K+500,22.9893858,120.3198412,78.36
國3,M,355600,355K+600,22.98848602,120.3199228,79.37
國3,M,355700,355K+700,22.98758912,120.3200351,80.41
國3,M,355800,355K+800,22.98669605,120.3201787,81.44
國3,M,355900,355K+900,22.98580806,120.3203553,82.44
國3,M,356000,356K+000,22.98492608,120.3205642,83.17
國3,M,356100,356K+100,22.98405108,120.3208051,83.25
國3,M,356200,356K+200,22.98318435,120.3210783,82.6
國3,M,356300,356K+300,22.9823264,120.3213818,81.38
國3,M,356400,356K+400,22.98148057,120.3217227,79.8
國3,M,356500,356K+500,22.98064674,120.3220964,78.18
國3,M,356600,356K+600,22.97983007,120.322512,76.58
國3,M,356700,356K+700,22.97903779,120.3229794,74.81
國3,M,356800,356K+800,22.9782664,120.3234858,73.08
國3,M,356900,356K+900,22.9775291,120.3240482,71.48
國3,M,357000,357K+000,22.97682385,120.3246568,69.96
國3,M,357100,357K+100,22.97615309,120.3253092,68.11
國3,M,357200,357K+200,22.97552256,120.3260069,66.6
國3,M,357300,357K+300,22.97493436,120.3267464,64.97
國3,M,357400,357K+400,22.97438962,120.3275238,63.37
國3,M,357500,357K+500,22.97388962,120.3283356,61.86
國3,M,357600,357K+600,22.97344037,120.3291812,60.69
國3,M,357700,357K+700,22.97303642,120.330053,59.75
國3,M,357800,357K+800,22.97268974,120.3309533,59.05
國3,M,357900,357K+900,22.97239026,120.3318731,58.55
國3,M,358000,358K+000,22.97214983,120.332813,58.05
國3,M,358100,358K+100,22.97195078,120.3337641,57.72
國3,M,358200,358K+200,22.97176279,120.3347179,57.44
國3,M,358300,358K+300,22.97156471,120.3356694,57.41
國3,M,358400,358K+400,22.97132946,120.3366106,57.78
國3,M,358500,358K+500,22.97103506,120.3375323,58.54
國3,M,358600,358K+600,22.97068043,120.3384289,59.61
國3,M,358700,358K+700,22.97026574,120.3392948,61.01
國3,M,358800,358K+800,22.96979462,120.3401262,62.63
國3,M,358900,358K+900,22.96927059,120.3409198,64.42
國3,M,359000,359K+000,22.9686961,120.3416717,66.28
國3,M,359100,359K+100,22.96807222,120.3423762,68.04
國3,M,359200,359K+200,22.96740418,120.3430317,69.72
國3,M,359300,359K+300,22.96669559,120.3436357,71.25
國3,M,359400,359K+400,22.96594787,120.3441818,72.69
國3,M,359500,359K+500,22.96516584,120.3446688,74.04
國3,M,359600,359K+600,22.96435507,120.3450976,75.22
國3,M,359700,359K+700,22.96352681,120.3454858,76.5
國3,M,359800,359K+800,22.96269704,120.3458704,77.82
國3,M,359900,359K+900,22.96187987,120.3462846,79.38
國3,M,360000,360K+000,22.96108843,120.3467535,80.78
國3,M,360100,360K+100,22.96032752,120.347278,81.68
國3,M,360200,360K+200,22.95960026,120.3478555,82.21
國3,M,360300,360K+300,22.9589098,120.3484836,82.26
國3,M,360400,360K+400,22.95825623,120.3491563,81.89
國3,M,360500,360K+500,22.95762366,120.3498521,81.06
國3,M,360600,360K+600,22.95698861,120.3505453,80.24
國3,M,360700,360K+700,22.95632593,120.3512074,79.78
國3,M,360800,360K+800,22.95562469,120.3518213,79.66
國3,M,360900,360K+900,22.95488601,120.3523818,80.0
國3,M,361000,361K+000,22.95411534,120.3528895,80.82
國3,M,361100,361K+100,22.95331434,120.3533391,81.98
國3,M,361200,361K+200,22.9524876,120.3537306,83.11
國3,M,361300,361K+300,22.95163906,120.3540633,83.99
國3,M,361400,361K+400,22.95077103,120.354331,84.45
國3,M,361500,361K+500,22.94988966,120.3545417,84.36
國3,M,361600,361K+600,22.9489964,120.3546834,83.88
國3,M,361700,361K+700,22.94809648,120.3547611,82.92
國3,M,361800,361K+800,22.94719383,120.354777,81.8
國3,M,361900,361K+900,22.94629262,120.3547217,80.6
國3,M,362000,362K+000,22.94539602,120.354609,79.44
國3,M,362100,362K+100,22.94450853,120.3544301,78.26
國3,M,362200,362K+200,22.94363267,120.3541935,77.06
國3,M,362300,362K+300,22.94276545,120.3539221,75.9
國3,M,362400,362K+400,22.94190551,120.3536247,74.78
國3,M,362500,362K+500,22.94104758,120.3533206,73.6
國3,M,362600,362K+600,22.94018965,120.3530166,72.42
國3,M,362700,362K+700,22.93932673,120.3527296,71.24
國3,M,362800,362K+800,22.938457,120.3524677,70.04
國3,M,362900,362K+900,22.93757945,120.3522384,68.87
國3,M,363000,363K+000,22.93669313,120.3520523,67.89
國3,M,363100,363K+100,22.93580079,120.3519036,66.82
國3,M,363200,363K+200,22.93490372,120.3517929,66.04
國3,M,363300,363K+300,22.93400323,120.3517217,65.67
國3,M,363400,363K+400,22.93310121,120.3516754,65.49
國3,M,363500,363K+500,22.93219858,120.3516482,65.96
國3,M,363600,363K+600,22.93129583,120.3516248,66.56
國3,M,363700,363K+700,22.93039334,120.351593,67.45
國3,M,363800,363K+800,22.9294914,120.3515478,68.7
國3,M,363900,363K+900,22.92859158,120.3514683,70.28
國3,M,364000,364K+000,22.92769498,120.3513536,71.72
國3,M,364100,364K+100,22.92680394,120.3511962,73.02
國3,M,364200,364K+200,22.92591872,120.3510041,74.52
國3,M,364300,364K+300,22.9250395,120.3507821,75.55
國3,M,364400,364K+400,22.92416305,120.3505475,76.31
國3,M,364500,364K+500,22.9232874,120.3503093,76.97
國3,M,364600,364K+600,22.92241108,120.3500741,77.54
國3,M,364700,364K+700,22.9215305,120.3498581,77.46
國3,M,364800,364K+800,22.92064327,120.3496769,76.92
國3,M,364900,364K+900,22.91975098,120.349528,76.01
國3,M,365000,365K+000,22.91885342,120.349422,74.89
國3,M,365100,365K+100,22.91795279,120.3493545,73.41
國3,M,365200,365K+200,22.91705034,120.3493255,71.87
國3,M,365300,365K+300,22.91614748,120.349334,70.57
國3,M,365400,365K+400,22.91524582,120.3493842,69.11
國3,M,365500,365K+500,22.91434658,120.3494712,67.82
國3,M,365600,365K+600,22.91345126,120.3495974,67.04
國3,M,365700,365K+700,22.9125615,120.3497632,66.52
國3,M,365800,365K+800,22.91167826,120.3499656,66.27
國3,M,365900,365K+900,22.91080384,120.3502085,66.36
國3,M,366000,366K+000,22.90993812,120.3504854,66.79
國3,M,366100,366K+100,22.90908466,120.3508032,67.45
國3,M,366200,366K+200,22.90824154,120.3511521,68.08
國3,M,366300,366K+300,22.90741349,120.3515405,68.8
國3,M,366400,366K+400,22.90659771,120.3519583,69.55
國3,M,366500,366K+500,22.90579278,120.3524,70.1
國3,M,366600,366K+600,22.90499945,120.3528655,70.61
國3,M,366700,366K+700,22.90421463,120.3533475,71.27
國3,M,366800,366K+800,22.90343658,120.3538422,71.87
國3,M,366900,366K+900,22.90266519,120.3543489,71.69
國3,M,367000,367K+000,22.90189762,120.3548624,70.95
國3,M,367100,367K+100,22.90113006,120.3553759,70.21
國3,M,367200,367K+200,22.90036188,120.3558882,69.37
國3,M,367300,367K+300,22.8995909,120.3563955,68.07
國3,M,367400,367K+400,22.89881571,120.3568952,66.68
國3,M,367500,367K+500,22.89803328,120.3573816,65.18
國3,M,367600,367K+600,22.89724112,120.3578492,63.65
國3,M,367700,367K+700,22.89643638,120.3582911,62.13
國3,M,367800,367K+800,22.89561849,120.3587038,60.59
國3,M,367900,367K+900,22.8947886,120.3590876,59.04
國3,M,368000,368K+000,22.89394377,120.3594313,57.57
國3,M,368100,368K+100,22.8930884,120.3597432,56.05
國3,M,368200,368K+200,22.89222108,120.3600139,54.65
國3,M,368300,368K+300,22.89134479,120.3602487,53.39
國3,M,368400,368K+400,22.89046066,120.3604465,52.7
國3,M,368500,368K+500,22.88956953,120.3606034,52.21
國3,M,368600,368K+600,22.88867352,120.360724,51.98
國3,M,368700,368K+700,22.88777353,120.3608027,51.93
國3,M,368800,368K+800,22.88687137,120.3608419,52.16
國3,M,368900,368K+900,22.8859684,120.360844,52.74
國3,M,369000,369K+000,22.88506592,120.3608124,53.6
國3,M,369100,369K+100,22.88416391,120.3607664,54.33
國3,M,369200,369K+200,22.88326242,120.3607098,54.88
國3,M,369300,369K+300,22.88236098,120.360652,55.42
國3,M,369400,369K+400,22.88145948,120.3605956,55.91
國3,M,369500,369K+500,22.88055704,120.3605616,55.93
國3,M,369600,369K+600,22.87965406,120.3605563,55.75
國3,M,369700,369K+700,22.87875148,120.3605819,55.37
國3,M,369800,369K+800,22.87785082,120.3606514,54.73
國3,M,369900,369K+900,22.87695322,120.3607571,53.88
國3,M,370000,370K+000,22.87606042,120.3609029,52.85
國3,M,370100,370K+100,22.87517356,120.361086,51.86
國3,M,370200,370K+200,22.87429416,120.3613071,50.82
國3,M,370300,370K+300,22.87342431,120.3615685,49.9
國3,M,370400,370K+400,22.87256432,120.3618654,49.36
國3,M,370500,370K+500,22.87171525,120.362197,49.14
國3,M,370600,370K+600,22.87087997,120.3625671,49.22
國3,M,370700,370K+700,22.87005871,120.3629722,49.69
國3,M,370800,370K+800,22.86925502,120.3634163,50.45
國3,M,370900,370K+900,22.86846677,120.3638914,51.53
國3,M,371000,371K+000,22.86769682,120.3644001,52.94
國3,M,371100,371K+100,22.86694483,120.3649392,54.53
國3,M,371200,371K+200,22.8662161,120.3655145,56.11
國3,M,371300,371K+300,22.86550859,120.3661197,57.73
國3,M,371400,371K+400,22.86482131,120.3667514,59.32
國3,M,371500,371K+500,22.86415925,120.3674138,60.89
國3,M,371600,371K+600,22.86351906,120.3681008,62.46
國3,M,371700,371K+700,22.8628902,120.3687999,64.12
國3,M,371800,371K+800,22.86226941,120.3695074,65.76
國3,M,371900,371K+900,22.86165029,120.3702166,67.38
國3,M,372000,372K+000,22.86103095,120.3709256,68.99
國3,M,372100,372K+100,22.86039901,120.3716215,70.34
國3,M,372200,372K+200,22.85978061,120.3723316,70.48
國3,M,372300,372K+300,22.8591622,120.3730417,70.61
國3,M,372400,372K+400,22.85854379,120.3737518,70.75
國3,M,372500,372K+500,22.85792537,120.3744619,70.88
國3,M,372600,372K+600,22.85730695,120.375172,71.02
國3,M,372700,372K+700,22.8566886,120.3758821,71.15
國3,M,372800,372K+800,22.85607547,120.3765975,71.17
國3,M,372900,372K+900,22.85545984,120.3773104,71.39
國3,M,373000,373K+000,22.85483802,120.3780169,72.1
國3,M,373100,373K+100,22.8542136,120.3787208,72.93
國3,M,373200,373K+200,22.85357354,120.3794079,74.41
國3,M,373300,373K+300,22.8529119,120.3800707,76.05
國3,M,373400,373K+400,22.85222692,120.3807054,77.71
國3,M,373500,373K+500,22.85151377,120.3813026,79.34
國3,M,373600,373K+600,22.85077863,120.3818681,80.9
國3,M,373700,373K+700,22.8500227,120.3824008,82.33
國3,M,373800,373K+800,22.84924675,120.3828989,83.79
國3,M,373900,373K+900,22.84845937,120.3833757,85.28
國3,M,374000,374K+000,22.84766891,120.3838466,86.71
國3,M,374100,374K+100,22.84687844,120.3843175,88.15
國3,M,374200,374K+200,22.8460932,120.3847985,89.6
國3,M,374300,374K+300,22.84531921,120.3853002,90.96
國3,M,374400,374K+400,22.84456318,120.3858328,92.24
國3,M,374500,374K+500,22.8438314,120.3864034,93.6
國3,M,374600,374K+600,22.84313114,120.3870182,94.87
國3,M,374700,374K+700,22.84246294,120.3876733,96.17
國3,M,374800,374K+800,22.84182843,120.3883663,97.36
國3,M,374900,374K+900,22.84123509,120.3891005,98.6
國3,M,375000,375K+000,22.84067394,120.3898636,99.77
國3,M,375100,375K+100,22.84015593,120.3906614,100.94
國3,M,375200,375K+200,22.83966839,120.3914813,102.0
國3,M,375300,375K+300,22.83921452,120.3923235,103.1
國3,M,375400,375K+400,22.83878724,120.3931817,104.12
國3,M,375500,375K+500,22.8383855,120.3940541,105.18
國3,M,375600,375K+600,22.83800067,120.3949355,106.2
國3,M,375700,375K+700,22.83763093,120.3958243,107.22
國3,M,375800,375K+800,22.83727043,120.3967175,108.24
國3,M,375900,375K+900,22.83691168,120.3976115,109.26
國3,M,376000,376K+000,22.83655292,120.3985056,110.28
國3,M,376100,376K+100,22.83619415,120.3993996,111.3
國3,M,376200,376K+200,22.83583046,120.4002913,112.31
國3,M,376300,376K+300,22.83545927,120.4011794,113.33
國3,M,376400,376K+400,22.83508202,120.4020645,114.38
國3,M,376500,376K+500,22.83469173,120.402943,115.34
國3,M,376600,376K+600,22.83428514,120.4038129,116.39
國3,M,376700,376K+700,22.83386551,120.4046755,117.39
國3,M,376800,376K+800,22.83342871,120.4055281,118.44
國3,M,376900,376K+900,22.8329741,120.4063697,119.48
國3,M,377000,377K+000,22.83250201,120.4072002,120.49
國3,M,377100,377K+100,22.83201011,120.4080171,121.51
國3,M,377200,377K+200,22.83150194,120.4088224,122.52
國3,M,377300,377K+300,22.83097678,120.4096148,123.53
國3,M,377400,377K+400,22.83043551,120.4103945,124.53
國3,M,377500,377K+500,22.82987842,120.4111611,125.55
國3,M,377600,377K+600,22.82930335,120.4119122,126.54
國3,M,377700,377K+700,22.82871268,120.4126489,127.56
國3,M,377800,377K+800,22.82810657,120.413371,128.57
國3,M,377900,377K+900,22.82748641,120.414079,129.58
國3,M,378000,378K+000,22.82685017,120.4147702,130.58
國3,M,378100,378K+100,22.82619894,120.4154449,131.6
國3,M,378200,378K+200,22.82553329,120.4161031,132.58
國3,M,378300,378K+300,22.8248529,120.4167436,133.47
國3,M,378400,378K+400,22.824157,120.4173644,134.37
國3,M,378500,378K+500,22.82344742,120.4179668,135.54
國3,M,378600,378K+600,22.82272614,120.4185528,136.53
國3,M,378700,378K+700,22.82198963,120.4191162,137.39
國3,M,378800,378K+800,22.82124363,120.419665,138.08
國3,M,378900,378K+900,22.82048375,120.4201914,138.03
國3,M,379000,379K+000,22.81971495,120.4207024,138.27
國3,M,379100,379K+100,22.81893512,120.4211936,138.86
國3,M,379200,379K+200,22.81814259,120.4216605,139.55
國3,M,379300,379K+300,22.81734125,120.4221095,140.24
國3,M,379400,379K+400,22.81652892,120.4225349,140.9
國3,M,379500,379K+500,22.81570842,120.4229416,141.55
國3,M,379600,379K+600,22.81487822,120.4233246,142.21
國3,M,379700,379K+700,22.81404088,120.4236891,142.87
國3,M,379800,379K+800,22.81319468,120.4240292,143.54
國3,M,379900,379K+900,22.81234075,120.4243459,144.13
國3,M,380000,380K+000,22.81148028,120.4246415,144.63
國3,M,380100,380K+100,22.81061327,120.4249139,145.02
國3,M,380200,380K+200,22.8097401,120.4251622,145.23
國3,M,380300,380K+300,22.80886165,120.425388,145.32
國3,M,380400,380K+400,22.80797835,120.4255905,145.24
國3,M,380500,380K+500,22.80709024,120.425767,145.04
國3,M,380600,380K+600,22.80619877,120.4259221,144.73
國3,M,380700,380K+700,22.8053037,120.4260512,144.4
國3,M,380800,380K+800,22.80440617,120.4261588,144.01
國3,M,380900,380K+900,22.80350665,120.4262444,143.57
國3,M,381000,381K+000,22.80260517,120.4263015,143.02
國3,M,381100,381K+100,22.80170279,120.4263391,142.59
國3,M,381200,381K+200,22.80080003,120.4263622,142.15
國3,M,381300,381K+300,22.79989721,120.4263697,141.73
國3,M,381400,381K+400,22.79899465,120.4263583,141.28
國3,M,381500,381K+500,22.79809231,120.4263204,140.78
國3,M,381600,381K+600,22.79719004,120.4262799,140.28
國3,M,381700,381K+700,22.79628867,120.4262207,139.89
國3,M,381800,381K+800,22.79538731,120.4261611,139.51
國3,M,381900,381K+900,22.79448638,120.4260943,139.07
國3,M,382000,382K+000,22.7935855,120.4260268,138.63
國3,M,382100,382K+100,22.79268463,120.4259593,138.19
國3,M,382200,382K+200,22.79178375,120.4258918,137.75
國3,M,382300,382K+300,22.79088214,120.4258369,137.29
國3,M,382400,382K+400,22.78997995,120.4257952,136.82
國3,M,382500,382K+500,22.7890771,120.4257759,136.47
國3,M,382600,382K+600,22.78817409,120.4257802,136.08
國3,M,382700,382K+700,22.78727189,120.4258195,135.65
國3,M,382800,382K+800,22.78637155,120.4258938,135.21
國3,M,382900,382K+900,22.78547518,120.4260109,134.86
國3,M,383000,383K+000,22.78458401,120.4261674,134.57
國3,M,383100,383K+100,22.78370064,120.4263692,134.05
國3,M,383200,383K+200,22.78282582,120.4266103,133.56
國3,M,383300,383K+300,22.78196213,120.4268941,133.13
國3,M,383400,383K+400,22.78111114,120.4272196,132.73
國3,M,383500,383K+500,22.78027832,120.4275957,132.34
國3,M,383600,383K+600,22.77946138,120.4280104,131.86
國3,M,383700,383K+700,22.77866631,120.4284718,131.42
國3,M,383800,383K+800,22.7778926,120.4289737,130.99
國3,M,383900,383K+900,22.77714196,120.4295147,130.55
國3,M,384000,384K+000,22.77641889,120.4300979,130.12
國3,M,384100,384K+100,22.77572255,120.4307177,129.66
國3,M,384200,384K+200,22.77505693,120.4313755,129.11
國3,M,384300,384K+300,22.7744213,120.4320671,128.36
國3,M,384400,384K+400,22.77381746,120.4327909,127.56
國3,M,384500,384K+500,22.77324803,120.4335466,126.54
國3,M,384600,384K+600,22.77271715,120.4343341,125.39
國3,M,384700,384K+700,22.77222145,120.4351478,124.12
國3,M,384800,384K+800,22.77176316,120.4359865,122.64
國3,M,384900,384K+900,22.7713394,120.4368461,121.04
國3,M,385000,385K+000,22.77093784,120.4377182,119.34
國3,M,385100,385K+100,22.77055439,120.4385997,117.65
國3,M,385200,385K+200,22.7701776,120.4394845,115.94
國3,M,385300,385K+300,22.76980081,120.4403694,114.22
國3,M,385400,385K+400,22.76942401,120.4412542,112.51
國3,M,385500,385K+500,22.76904721,120.442139,110.8
國3,M,385600,385K+600,22.7686704,120.4430238,109.08
國3,M,385700,385K+700,22.76829359,120.4439087,107.37
國3,M,385800,385K+800,22.76791677,120.4447935,105.66
國3,M,385900,385K+900,22.76753995,120.4456783,103.94
國3,M,386000,386K+000,22.76716313,120.4465631,102.23
國3,M,386100,386K+100,22.76678629,120.4474479,100.52
國3,M,386200,386K+200,22.76640971,120.4483328,98.8
國3,M,386300,386K+300,22.7660336,120.449218,97.09
國3,M,386400,386K+400,22.76565748,120.4501031,95.38
國3,M,386500,386K+500,22.76528136,120.4509883,93.67
國3,M,386600,386K+600,22.76490523,120.4518734,91.96
國3,M,386700,386K+700,22.7645291,120.4527585,90.24
國3,M,386800,386K+800,22.76415296,120.4536437,88.53
國3,M,386900,386K+900,22.76377681,120.4545288,86.82
國3,M,387000,387K+000,22.76340067,120.4554139,85.11
國3,M,387100,387K+100,22.76302451,120.456299,83.4
國3,M,387200,387K+200,22.76264835,120.4571841,81.69
國3,M,387300,387K+300,22.76227219,120.4580692,79.97
國3,M,387400,387K+400,22.76189602,120.4589543,78.26
國3,M,387500,387K+500,22.76151985,120.4598394,76.55
國3,M,387600,387K+600,22.7611481,120.4607267,74.85
國3,M,387700,387K+700,22.76077851,120.461615,73.15
國3,M,387800,387K+800,22.76041761,120.4625074,71.47
國3,M,387900,387K+900,22.76006923,120.4634056,69.84
國3,M,388000,388K+000,22.75974213,120.4643131,68.37
國3,M,388100,388K+100,22.7594331,120.4652279,67.03
國3,M,388200,388K+200,22.75914568,120.4661509,65.82
國3,M,388300,388K+300,22.7588787,120.467081,64.76
國3,M,388400,388K+400,22.7586347,120.4680184,63.84
國3,M,388500,388K+500,22.75841318,120.4689623,63.06
國3,M,388600,388K+600,22.75821427,120.4699121,62.39
國3,M,388700,388K+700,22.75803368,120.4708661,61.76
國3,M,388800,388K+800,22.75787735,120.4718251,61.42
國3,M,388900,388K+900,22.75773495,120.4727866,61.18
國3,M,389000,389K+000,22.75760731,120.4737505,61.2
國3,M,389100,389K+100,22.75749034,120.474716,61.33
國3,M,389200,389K+200,22.75738045,120.4756825,61.51
國3,M,389300,389K+300,22.75727673,120.4766498,61.78
國3,M,389400,389K+400,22.75717301,120.477617,62.04
國3,M,389500,389K+500,22.75706928,120.4785843,62.3
國3,M,389600,389K+600,22.75696554,120.4795516,62.56
國3,M,389700,389K+700,22.75684884,120.4805171,62.87
國3,M,389800,389K+800,22.75672203,120.4814812,63.09
國3,M,389900,389K+900,22.75657653,120.4824422,63.39
國3,M,390000,390K+000,22.75641058,120.4833992,63.72
國3,M,390100,390K+100,22.75622282,120.4843515,64.03
國3,M,390200,390K+200,22.75600512,120.4852964,64.33
國3,M,390300,390K+300,22.7557597,120.4862334,64.61
國3,M,390400,390K+400,22.75547672,120.487158,64.96
國3,M,390500,390K+500,22.75516073,120.48807,65.29
國3,M,390600,390K+600,22.75481235,120.4889682,65.6
國3,M,390700,390K+700,22.75443434,120.4898525,65.9
國3,M,390800,390K+800,22.7540164,120.4907156,66.17
國3,M,390900,390K+900,22.75357583,120.4915654,66.53
國3,M,391000,391K+000,22.75310504,120.4923963,66.58
國3,M,391100,391K+100,22.75260436,120.4932066,66.71
國3,M,391200,391K+200,22.75207363,120.4939942,66.78
國3,M,391300,391K+300,22.75151707,120.4947609,66.8
國3,M,391400,391K+400,22.75093394,120.4955042,66.79
國3,M,391500,391K+500,22.75032562,120.4962237,66.72
國3,M,391600,391K+600,22.74969096,120.4969163,66.6
國3,M,391700,391K+700,22.74902976,120.4975793,66.72
國3,M,391800,391K+800,22.74834834,120.498218,67.02
國3,M,391900,391K+900,22.74764577,120.4988296,67.38
國3,M,392000,392K+000,22.74692405,120.4994147,67.91
國3,M,392100,392K+100,22.74618579,120.4999753,68.57
國3,M,392200,392K+200,22.74543376,120.5005142,69.22
國3,M,392300,392K+300,22.74467624,120.5010442,69.85
國3,M,392400,392K+400,22.74391253,120.5015638,70.45
國3,M,392500,392K+500,22.74314882,120.5020834,71.04
國3,M,392600,392K+600,22.74238511,120.502603,71.64
國3,M,392700,392K+700,22.741625,120.5031287,71.89
國3,M,392800,392K+800,22.74087334,120.5036683,72.03
國3,M,392900,392K+900,22.74013301,120.5042258,71.96
國3,M,393000,393K+000,22.73940871,120.5048073,71.75
國3,M,393100,393K+100,22.73870208,120.5054134,71.51
國3,M,393200,393K+200,22.73801418,120.506044,71.26
國3,M,393300,393K+300,22.7373434,120.5066957,71.03
國3,M,393400,393K+400,22.73669699,120.5073754,70.79
國3,M,393500,393K+500,22.7360698,120.5080758,70.54
國3,M,393600,393K+600,22.73546742,120.508801,70.3
國3,M,393700,393K+700,22.73488427,120.5095443,70.06
國3,M,393800,393K+800,22.73432108,120.5103052,69.86
國3,M,393900,393K+900,22.73377537,120.5110809,69.83
國3,M,394000,394K+000,22.73323774,120.5118631,69.94
國3,M,394100,394K+100,22.73270726,120.512651,70.2
國3,M,394200,394K+200,22.73217678,120.5134389,70.45
國3,M,394300,394K+300,22.7316463,120.5142267,70.71
國3,M,394400,394K+400,22.73110773,120.5150082,71.0
國3,M,394500,394K+500,22.73055633,120.5157792,71.3
國3,M,394600,394K+600,22.7299907,120.516538,71.57
國3,M,394700,394K+700,22.72940358,120.5172776,71.87
國3,M,394800,394K+800,22.72879575,120.5179974,72.24
國3,M,394900,394K+900,22.72816317,120.5186921,72.44
國3,M,395000,395K+000,22.72750697,120.5193608,72.8
國3,M,395100,395K+100,22.72683231,120.5200077,73.11
國3,M,395200,395K+200,22.72613655,120.5206282,73.39
國3,M,395300,395K+300,22.72542442,120.5212268,73.73
國3,M,395400,395K+400,22.72469583,120.5218019,74.02
國3,M,395500,395K+500,22.72395664,120.5223611,74.34
國3,M,395600,395K+600,22.72321172,120.5229114,74.64
國3,M,395700,395K+700,22.72246449,120.5234581,74.92
國3,M,395800,395K+800,22.72171726,120.5240048,75.2
國3,M,395900,395K+900,22.72097002,120.5245515,75.48
國3,M,396000,396K+000,22.72022451,120.5251008,75.7
國3,M,396100,396K+100,22.71948148,120.5256541,75.81
國3,M,396200,396K+200,22.71873845,120.5262074,75.92
國3,M,396300,396K+300,22.71800396,120.5267738,75.96
國3,M,396400,396K+400,22.71726958,120.5273403,75.99
國3,M,396500,396K+500,22.71654432,120.5279203,76.07
國3,M,396600,396K+600,22.71582479,120.5285086,76.07
國3,M,396700,396K+700,22.71511554,120.5291112,76.19
國3,M,396800,396K+800,22.71441272,120.5297224,76.32
國3,M,396900,396K+900,22.71372004,120.5303469,76.42
國3,M,397000,397K+000,22.7130384,120.5309854,76.55
國3,M,397100,397K+100,22.71236514,120.5316341,76.64
國3,M,397200,397K+200,22.71170233,120.5322952,76.78
國3,M,397300,397K+300,22.71104958,120.5329678,76.93
國3,M,397400,397K+400,22.7104077,120.5336525,76.97
國3,M,397500,397K+500,22.70977809,120.5343503,77.0
國3,M,397600,397K+600,22.70915597,120.5350558,76.98
國3,M,397700,397K+700,22.70854556,120.5357732,76.68
國3,M,397800,397K+800,22.70794599,120.536501,76.33
國3,M,397900,397K+900,22.70735863,120.5372403,76.59
國3,M,398000,398K+000,22.70678658,120.5379935,77.07
國3,M,398100,398K+100,22.70622266,120.5387537,77.5
國3,M,398200,398K+200,22.70567247,120.5395255,77.61
國3,M,398300,398K+300,22.70513404,120.5403069,77.69
國3,M,398400,398K+400,22.70460216,120.5410936,77.81
國3,M,398500,398K+500,22.70408695,120.541893,77.82
國3,M,398600,398K+600,22.70358357,120.5427011,77.82
國3,M,398700,398K+700,22.70309262,120.543518,77.82
國3,M,398800,398K+800,22.70261702,120.5443454,77.87
國3,M,398900,398K+900,22.70214992,120.5451784,77.96
國3,M,399000,399K+000,22.7016904,120.5460163,78.09
國3,M,399100,399K+100,22.70123964,120.5468597,78.35
國3,M,399200,399K+200,22.70079275,120.5477055,78.69
國3,M,399300,399K+300,22.70035001,120.5485539,78.98
國3,M,399400,399K+400,22.69990741,120.5494023,79.28
國3,M,399500,399K+500,22.69946481,120.5502507,79.57
國3,M,399600,399K+600,22.69901214,120.5510929,79.91
國3,M,399700,399K+700,22.69855171,120.5519302,80.19
國3,M,399800,399K+800,22.69807496,120.5527567,80.48
國3,M,399900,399K+900,22.6975751,120.5535673,80.84
國3,M,400000,400K+000,22.69705129,120.55436,81.08
國3,M,400100,400K+100,22.69649738,120.5551286,81.45
國3,M,400200,400K+200,22.69591154,120.5558692,81.77
國3,M,400300,400K+300,22.69529744,120.5565827,82.05
國3,M,400400,400K+400,22.69465321,120.5572646,82.41
國3,M,400500,400K+500,22.69398125,120.5579146,82.69
國3,M,400600,400K+600,22.69328489,120.5585342,82.99
國3,M,400700,400K+700,22.69256262,120.5591182,83.33
國3,M,400800,400K+800,22.69181598,120.5596656,83.62
國3,M,400900,400K+900,22.69105081,120.5601823,83.91
國3,M,401000,401K+000,22.69026208,120.5606561,84.24
國3,M,401100,401K+100,22.68945487,120.5610923,84.55
國3,M,401200,401K+200,22.68863176,120.5614924,84.75
國3,M,401300,401K+300,22.68779121,120.561848,84.78
國3,M,401400,401K+400,22.68693792,120.5621663,84.67
國3,M,401500,401K+500,22.68607215,120.5624429,84.44
國3,M,401600,401K+600,22.68519613,120.562679,84.12
國3,M,401700,401K+700,22.68431128,120.5628733,83.67
國3,M,401800,401K+800,22.68341924,120.5630244,83.15
國3,M,401900,401K+900,22.68252171,120.5631308,82.65
國3,M,402000,402K+000,22.68162074,120.5631954,82.19
國3,M,402100,402K+100,22.68071795,120.5632145,81.72
國3,M,402200,402K+200,22.67981513,120.5631946,81.23
國3,M,402300,402K+300,22.67891413,120.5631298,80.7
國3,M,402400,402K+400,22.67801607,120.5630282,80.19
國3,M,402500,402K+500,22.67712223,120.5628897,79.71
國3,M,402600,402K+600,22.676234,120.5627143,79.2
國3,M,402700,402K+700,22.6753517,120.5625071,78.69
國3,M,402800,402K+800,22.67447577,120.5622705,78.2
國3,M,402900,402K+900,22.67360766,120.5620026,77.68
國3,M,403000,403K+000,22.6727464,120.5617101,77.2
國3,M,403100,403K+100,22.67189301,120.5613919,76.68
國3,M,403200,403K+200,22.67104647,120.5610531,76.19
國3,M,403300,403K+300,22.67020867,120.5606899,75.7
國3,M,403400,403K+400,22.66937793,120.5603084,75.16
國3,M,403500,403K+500,22.6685561,120.5599051,74.69
國3,M,403600,403K+600,22.66774423,120.559479,74.17
國3,M,403700,403K+700,22.66694146,120.5590334,73.66
國3,M,403800,403K+800,22.66614806,120.5585688,73.14
國3,M,403900,403K+900,22.66536559,120.5580831,72.62
國3,M,404000,404K+000,22.6645935,120.5575785,72.12
國3,M,404100,404K+100,22.6638327,120.5570543,71.61
國3,M,404200,404K+200,22.66308288,120.5565121,71.11
國3,M,404300,404K+300,22.66234641,120.5559491,70.58
國3,M,404400,404K+400,22.66162092,120.5553697,70.03
國3,M,404500,404K+500,22.6609093,120.5547707,69.54
國3,M,404600,404K+600,22.66020841,120.5541571,69.05
國3,M,404700,404K+700,22.65951479,120.553534,68.58
國3,M,404800,404K+800,22.65882553,120.5529054,68.11
國3,M,404900,404K+900,22.6581407,120.5522711,67.6
國3,M,405000,405K+000,22.65745587,120.5516368,67.08
國3,M,405100,405K+100,22.65677103,120.5510025,66.57
國3,M,405200,405K+200,22.65608584,120.5503687,66.06
國3,M,405300,405K+300,22.65539795,120.5497383,65.59
國3,M,405400,405K+400,22.65470691,120.5491119,65.08
國3,M,405500,405K+500,22.65401295,120.5484893,64.54
國3,M,405600,405K+600,22.65331328,120.5478741,64.03
國3,M,405700,405K+700,22.6526103,120.5472634,63.54
國3,M,405800,405K+800,22.65190059,120.5466618,63.05
國3,M,405900,405K+900,22.65118637,120.5460663,62.56
國3,M,406000,406K+000,22.65046344,120.5454832,62.06
國3,M,406100,406K+100,22.64973455,120.5449088,61.57
國3,M,406200,406K+200,22.64899616,120.5443487,61.18
國3,M,406300,406K+300,22.64825562,120.5437918,60.82
國3,M,406400,406K+400,22.64750482,120.5432512,60.48
國3,M,406500,406K+500,22.64675189,120.542714,60.15
國3,M,406600,406K+600,22.64599059,120.5421906,59.82
國3,M,406700,406K+700,22.64522331,120.5416775,59.48
國3,M,406800,406K+800,22.64444961,120.5411757,59.16
國3,M,406900,406K+900,22.6436705,120.5406837,58.84
國3,M,407000,407K+000,22.64288559,120.5402026,58.49
國3,M,407100,407K+100,22.64209546,120.5397315,58.15
國3,M,407200,407K+200,22.64130018,120.5392706,57.81
國3,M,407300,407K+300,22.64049966,120.5388202,57.48
國3,M,407400,407K+400,22.63969338,120.538382,57.14
國3,M,407500,407K+500,22.63888266,120.5379534,56.83
國3,M,407600,407K+600,22.63806644,120.5375371,56.5
國3,M,407700,407K+700,22.63724557,120.5371316,56.16
國3,M,407800,407K+800,22.63642038,120.5367364,55.84
國3,M,407900,407K+900,22.63559088,120.5363518,55.48
國3,M,408000,408K+000,22.63475595,120.5359811,55.13
國3,M,408100,408K+100,22.63391642,120.5356227,54.79
國3,M,408200,408K+200,22.63307096,120.5352808,54.44
國3,M,408300,408K+300,22.63222085,120.5349527,54.14
國3,M,408400,408K+400,22.63136383,120.5346461,53.8
國3,M,408500,408K+500,22.63050187,120.534356,53.46
國3,M,408600,408K+600,22.62963463,120.5340849,53.16
國3,M,408700,408K+700,22.62876165,120.533836,52.95
國3,M,408800,408K+800,22.62788392,120.5336073,52.88
國3,M,408900,408K+900,22.62700134,120.5334015,52.94
國3,M,409000,409K+000,22.62611514,120.5332145,53.09
國3,M,409100,409K+100,22.62522516,120.5330495,53.34
國3,M,409200,409K+200,22.62433186,120.5329068,53.51
國3,M,409300,409K+300,22.62343629,120.5327817,53.55
國3,M,409400,409K+400,22.62253925,120.5326692,53.5
國3,M,409500,409K+500,22.62164078,120.5325711,53.22
國3,M,409600,409K+600,22.6207423,120.5324729,52.95
國3,M,409700,409K+700,22.61984381,120.5323748,52.67
國3,M,409800,409K+800,22.61894533,120.5322767,52.39
國3,M,409900,409K+900,22.61804732,120.5321739,52.1
國3,M,410000,410K+000,22.61715073,120.5320576,51.79
國3,M,410100,410K+100,22.61625625,120.5319239,51.49
國3,M,410200,410K+200,22.61536407,120.5317736,51.17
國3,M,410300,410K+300,22.61447558,120.5315997,50.8
國3,M,410400,410K+400,22.61359036,120.5314073,50.54
國3,M,410500,410K+500,22.61271021,120.5311895,50.5
國3,M,410600,410K+600,22.61183383,120.5309548,50.36
國3,M,410700,410K+700,22.61096133,120.5307039,50.28
國3,M,410800,410K+800,22.61009345,120.5304349,50.26
國3,M,410900,410K+900,22.60922779,120.5301578,50.01
國3,M,411000,411K+000,22.60836279,120.5298783,49.69
國3,M,411100,411K+100,22.60749779,120.5295988,49.37
國3,M,411200,411K+200,22.60663279,120.5293193,49.04
國3,M,411300,411K+300,22.60576779,120.5290398,48.72
國3,M,411400,411K+400,22.60490279,120.5287603,48.4
國3,M,411500,411K+500,22.60403779,120.5284809,48.07
國3,M,411600,411K+600,22.60317279,120.5282014,47.75
國3,M,411700,411K+700,22.60230778,120.5279219,47.42
國3,M,411800,411K+800,22.60144334,120.5276404,47.04
國3,M,411900,411K+900,22.60057899,120.5273586,46.66
國3,M,412000,412K+000,22.59971462,120.5270769,46.27
國3,M,412100,412K+100,22.59885026,120.5267951,45.88
國3,M,412200,412K+200,22.5979859,120.5265134,45.49
國3,M,412300,412K+300,22.59712027,120.5262362,45.77
國3,M,412400,412K+400,22.59625324,120.5259641,46.02
國3,M,412500,412K+500,22.59538293,120.5257046,46.27
國3,M,412600,412K+600,22.59450962,120.5254571,46.54
國3,M,412700,412K+700,22.59363089,120.5252327,46.8
國3,M,412800,412K+800,22.59274608,120.5250381,46.92
國3,M,412900,412K+900,22.5918565,120.5248711,46.88
國3,M,413000,413K+000,22.59096122,120.524744,46.64
國3,M,413100,413K+100,22.59006222,120.5246528,46.33
國3,M,413200,413K+200,22.58916038,120.524604,46.02
國3,M,413300,413K+300,22.58825749,120.5245903,45.69
國3,M,413400,413K+400,22.58735484,120.5246174,45.37
國3,M,413500,413K+500,22.58645386,120.5246825,45.08
國3,M,413600,413K+600,22.58555602,120.5247861,44.76
國3,M,413700,413K+700,22.58466273,120.5249286,44.44
國3,M,413800,413K+800,22.58377401,120.5251008,44.14
國3,M,413900,413K+900,22.58289004,120.5252996,43.85
國3,M,414000,414K+000,22.58201016,120.5255185,43.54
國3,M,414100,414K+100,22.58113453,120.5257564,43.22
國3,M,414200,414K+200,22.58026225,120.5260083,42.92
國3,M,414300,414K+300,22.57938996,120.5262601,42.62
國3,M,414400,414K+400,22.57851768,120.526512,42.32
國3,M,414500,414K+500,22.5776454,120.5267638,42.03
國3,M,414600,414K+600,22.57677082,120.5270061,42.42
國3,M,414700,414K+700,22.57589447,120.5272408,43.06
國3,M,414800,414K+800,22.57501432,120.5274583,44.12
國3,M,414900,414K+900,22.57413049,120.5276576,44.84
國3,M,415000,415K+000,22.573242,120.5278315,45.23
國3,M,415100,415K+100,22.57234916,120.5279769,45.82
國3,M,415200,415K+200,22.57145209,120.528088,46.33
國3,M,415300,415K+300,22.57055162,120.5281604,45.92
國3,M,415400,415K+400,22.5696493,120.5281975,45.25
國3,M,415500,415K+500,22.56874631,120.5281959,44.7
國3,M,415600,415K+600,22.56784411,120.5281551,45.05
國3,M,415700,415K+700,22.56694399,120.528077,45.1
國3,M,415800,415K+800,22.56604823,120.5279538,45.11
國3,M,415900,415K+900,22.56515732,120.5277955,45.04
國3,M,416000,416K+000,22.5642729,120.5275995,44.92
國3,M,416100,416K+100,22.56339621,120.5273666,44.76
國3,M,416200,416K+200,22.56252922,120.5270949,44.61
國3,M,416300,416K+300,22.56167286,120.5267864,44.45
國3,M,416400,416K+400,22.56082756,120.5264443,44.27
國3,M,416500,416K+500,22.55999289,120.5260732,44.05
國3,M,416600,416K+600,22.55916958,120.5256738,43.84
國3,M,416700,416K+700,22.5583523,120.5252601,43.75
國3,M,416800,416K+800,22.5575426,120.5248295,43.78
國3,M,416900,416K+900,22.55673686,120.5243904,43.96
國3,M,417000,417K+000,22.55593315,120.523947,44.22
國3,M,417100,417K+100,22.55512943,120.5235035,44.48
國3,M,417200,417K+200,22.55432469,120.5230623,44.74
國3,M,417300,417K+300,22.55351744,120.5226264,45.02
國3,M,417400,417K+400,22.55270437,120.5222033,45.31
國3,M,417500,417K+500,22.55188434,120.521796,45.58
國3,M,417600,417K+600,22.55105677,120.5214069,45.86
國3,M,417700,417K+700,22.55021864,120.521045,46.13
國3,M,417800,417K+800,22.54937432,120.5207001,46.33
國3,M,417900,417K+900,22.54851959,120.5203864,46.4
國3,M,418000,418K+000,22.54765721,120.5200979,46.35
國3,M,418100,418K+100,22.54678674,120.5198391,46.23
國3,M,418200,418K+200,22.54591048,120.519604,46.12
國3,M,418300,418K+300,22.54502819,120.5193968,45.98
國3,M,418400,418K+400,22.54414027,120.5192195,45.9
國3,M,418500,418K+500,22.54324834,120.5190674,45.79
國3,M,418600,418K+600,22.54235256,120.5189444,45.68
國3,M,418700,418K+700,22.54145406,120.5188469,45.55
國3,M,418800,418K+800,22.54055346,120.5187755,45.45
國3,M,418900,418K+900,22.53965115,120.518736,45.33
國3,M,419000,419K+000,22.53874819,120.5187219,45.25
國3,M,419100,419K+100,22.53784523,120.5187345,45.18
國3,M,419200,419K+200,22.53694317,120.5187797,45.06
國3,M,419300,419K+300,22.5360424,120.5188482,44.94
國3,M,419400,419K+400,22.53514378,120.5189441,44.84
國3,M,419500,419K+500,22.53424801,120.5190672,44.71
國3,M,419600,419K+600,22.53335627,120.5192204,44.56
國3,M,419700,419K+700,22.53246861,120.5193991,44.45
國3,M,419800,419K+800,22.53158625,120.5196058,44.34
國3,M,419900,419K+900,22.53070968,120.5198397,44.23
國3,M,420000,420K+000,22.5298401,120.5201019,44.16
國3,M,420100,420K+100,22.52897624,120.5203851,44.11
國3,M,420200,420K+200,22.52811853,120.5206893,44.12
國3,M,420300,420K+300,22.52726612,120.5210103,44.28
國3,M,420400,420K+400,22.52641596,120.5213382,44.53
國3,M,420500,420K+500,22.52556846,120.521674,44.87
國3,M,420600,420K+600,22.52472095,120.5220098,45.21
國3,M,420700,420K+700,22.52387344,120.5223456,45.55
國3,M,420800,420K+800,22.52302593,120.5226814,45.89
國3,M,420900,420K+900,22.52217464,120.5230058,46.1
國3,M,421000,421K+000,22.52131735,120.5233114,46.08
國3,M,421100,421K+100,22.52045387,120.5235961,45.84
國3,M,421200,421K+200,22.51958331,120.5238543,45.49
國3,M,421300,421K+300,22.51870558,120.5240827,45.18
國3,M,421400,421K+400,22.51782136,120.5242797,44.87
國3,M,421500,421K+500,22.51693151,120.5244449,44.57
國3,M,421600,421K+600,22.51603721,120.5245794,44.25
國3,M,421700,421K+700,22.51513915,120.5246806,43.91
國3,M,421800,421K+800,22.51423845,120.5247497,43.59
國3,M,421900,421K+900,22.51333649,120.5247971,43.28
國3,M,422000,422K+000,22.51243378,120.5248244,43.06
國3,M,422100,422K+100,22.51153077,120.5248349,43.05
國3,M,422200,422K+200,22.51062766,120.5248343,43.25
國3,M,422300,422K+300,22.50972456,120.5248337,43.45
國3,M,422400,422K+400,22.50882146,120.5248331,43.65
國3,M,422500,422K+500,22.50791839,120.5248404,43.81
國3,M,422600,422K+600,22.50701561,120.5248632,43.73
國3,M,422700,422K+700,22.50611352,120.5249076,43.34
國3,M,422800,422K+800,22.50521322,120.5249828,42.6
國3,M,422900,422K+900,22.50431638,120.5250958,41.62
國3,M,423000,423K+000,22.50342472,120.5252491,40.58
國3,M,423100,423K+100,22.50253907,120.5254388,39.53
國3,M,423200,423K+200,22.50166157,120.5256681,38.51
國3,M,423300,423K+300,22.50079299,120.5259338,38.0
國3,M,423400,423K+400,22.49993314,120.5262308,38.0
國3,M,423500,423K+500,22.49908151,120.5265539,38.36
國3,M,423600,423K+600,22.49823464,120.5268914,38.83
國3,M,423700,423K+700,22.49739164,120.52724,39.25
國3,M,423800,423K+800,22.49654864,120.5275886,39.67
國3,M,423900,423K+900,22.49570564,120.5279372,40.1
國3,M,424000,424K+000,22.49486189,120.5282837,40.44
國3,M,424100,424K+100,22.49401561,120.528623,40.51
國3,M,424200,424K+200,22.49316594,120.5289523,40.94
國3,M,424300,424K+300,22.49231479,120.5292771,41.52
國3,M,424400,424K+400,22.49145799,120.5295842,42.24
國3,M,424500,424K+500,22.49059766,120.5298796,42.78
國3,M,424600,424K+600,22.48973138,120.5301542,43.18
國3,M,424700,424K+700,22.48886031,120.5304105,43.59
國3,M,424800,424K+800,22.48798316,120.5306416,44.06
國3,M,424900,424K+900,22.48710096,120.5308493,44.5
國3,M,425000,425K+000,22.48621403,120.5310319,44.92
國3,M,425100,425K+100,22.48532198,120.5311834,45.32
國3,M,425200,425K+200,22.48442651,120.5313094,45.62
國3,M,425300,425K+300,22.48352811,120.5314081,45.76
國3,M,425400,425K+400,22.48262726,120.531476,45.75
國3,M,425500,425K+500,22.48172499,120.5315162,45.5
國3,M,425600,425K+600,22.48082214,120.5315363,45.13
國3,M,425700,425K+700,22.47991919,120.5315237,44.91
國3,M,425800,425K+800,22.47901692,120.5314831,44.71
國3,M,425900,425K+900,22.4781161,120.5314142,44.67
國3,M,426000,426K+000,22.47721758,120.5313169,44.47
國3,M,426100,426K+100,22.47632197,120.5311923,44.33
國3,M,426200,426K+200,22.47542987,120.5310414,44.1
國3,M,426300,426K+300,22.47454253,120.5308609,43.87
國3,M,426400,426K+400,22.47365968,120.5306567,43.65
國3,M,426500,426K+500,22.47278226,120.5304269,43.44
國3,M,426600,426K+600,22.47191302,120.5301635,43.18
國3,M,426700,426K+700,22.47104978,120.5298782,42.91
國3,M,426800,426K+800,22.4701943,120.5295669,42.63
國3,M,426900,426K+900,22.46934818,120.5292273,42.43
國3,M,427000,427K+000,22.46851,120.5288656,42.19
國3,M,427100,427K+100,22.46768438,120.528472,41.96
國3,M,427200,427K+200,22.46686766,120.5280576,41.73
國3,M,427300,427K+300,22.46606254,120.5276176,41.48
國3,M,427400,427K+400,22.46526872,120.5271544,41.23
國3,M,427500,427K+500,22.46448827,120.5266655,41.0
國3,M,427600,427K+600,22.46372241,120.5261506,40.77
國3,M,427700,427K+700,22.46296978,120.5256138,40.52
國3,M,427800,427K+800,22.46223152,120.5250543,40.26
國3,M,427900,427K+900,22.46150736,120.5244739,40.03
國3,M,428000,428K+000,22.4608001,120.5238699,39.88
國3,M,428100,428K+100,22.46010652,120.5232477,39.82
國3,M,428200,428K+200,22.45943059,120.5226033,39.8
國3,M,428300,428K+300,22.45876976,120.5219411,39.77
國3,M,428400,428K+400,22.45812351,120.5212625,39.74
國3,M,428500,428K+500,22.45748679,120.5205735,39.7
國3,M,428600,428K+600,22.45685951,120.5198745,39.65
國3,M,428700,428K+700,22.45624386,120.5191637,39.61
國3,M,428800,428K+800,22.45563712,120.518444,39.58
國3,M,428900,428K+900,22.45503237,120.5177224,39.52
國3,M,429000,429K+000,22.45443673,120.5169921,39.23
國3,M,429100,429K+100,22.45384108,120.5162618,38.94
國3,M,429200,429K+200,22.45324544,120.5155315,38.65
國3,M,429300,429K+300,22.45264978,120.5148012,38.36
國3,M,429400,429K+400,22.45205471,120.5140704,38.07
國3,M,429500,429K+500,22.45146036,120.5133389,37.78
國3,M,429600,429K+600,22.450866,120.5126074,37.5
國3,M,429700,429K+700,22.45027164,120.5118759,37.21
國3,M,429800,429K+800,22.44967728,120.5111444,36.93
國3,M,429900,429K+900,22.44908291,120.5104129,36.64
國3,M,430000,430K+000,22.44848854,120.5096814,36.36
國3,M,430100,430K+100,22.44789417,120.5089499,36.07
國3,M,430200,430K+200,22.44729979,120.5082184,35.78
國3,M,430300,430K+300,22.44670541,120.507487,35.5
國3,M,430400,430K+400,22.44611103,120.5067555,35.22
國3,M,430500,430K+500,22.44551664,120.5060241,34.93
國3,M,430600,430K+600,22.44492225,120.5052926,34.64
國3,M,430700,430K+700,22.44432786,120.5045612,34.36
國3,M,430800,430K+800,22.44373346,120.5038298,34.07
國3,M,430900,430K+900,22.4431438,120.5030939,33.97
國3,M,431000,431K+000,22.44260411,120.5023159,34.01
國3,M,431100,431K+100,22.44215411,120.5014745,34.04
國3,M,431200,431K+200,22.441806,120.5005788,33.95
國3,M,431300,431K+300,22.44156583,120.4996431,32.35
國3,M,431400,431K+400,22.44143151,120.4986838,28.34
國3,M,431500,431K+500,22.44140051,120.4977133,27.29
國3,M,431512,431K+512,22.44139788,120.4975981,27.29
國4,M,0,000K+000,24.30439736,120.5912626,0.0
國4,M,100,000K+100,24.30465291,120.5922075,0.0
國4,M,200,000K+200,24.30491436,120.5931503,0.0
國4,M,300,000K+300,24.30515254,120.5940994,0.0
國4,M,400,000K+400,24.30538355,120.5950501,0.0
國4,M,500,000K+500,24.30560568,120.5960032,0.0
國4,M,600,000K+600,24.30581571,120.5969598,0.0
國4,M,700,000K+700,24.3060142,120.5979196,0.0
國4,M,800,000K+800,24.30619999,120.5988832,0.0
國4,M,900,000K+900,24.30637488,120.5998495,0.0
國4,M,1000,001K+000,24.30653468,120.6008191,0.0
國4,M,1100,001K+100,24.30668003,120.6017914,0.0
國4,M,1200,001K+200,24.30681582,120.6027654,0.0
國4,M,1300,001K+300,24.30693816,120.6037414,0.0
國4,M,1400,001K+400,24.30704842,120.6047192,0.0
國4,M,1500,001K+500,24.30714387,120.6056988,0.0
國4,M,1600,001K+600,24.30722781,120.6066797,0.0
國4,M,1700,001K+700,24.30729625,120.607662,0.0
國4,M,1800,001K+800,24.30735853,120.6086448,0.0
國4,M,1900,001K+900,24.30740191,120.6096289,0.0
國4,M,2000,002K+000,24.30743262,120.6106135,0.0
國4,M,2100,002K+100,24.307453,120.6115984,0.0
國4,M,2200,002K+200,24.30746011,120.6125835,0.0
國4,M,2300,002K+300,24.30745338,120.6135687,0.0
國4,M,2400,002K+400,24.30743282,120.6145536,0.0
國4,M,2500,002K+500,24.30740059,120.6155381,0.0
國4,M,2600,002K+600,24.30735279,120.6165219,0.0
國4,M,2700,002K+700,24.30729043,120.6175047,0.0
國4,M,2800,002K+800,24.30720559,120.6184854,0.0
國4,M,2900,002K+900,24.30710149,120.619464,0.0
國4,M,3000,003K+000,24.30697275,120.620439,0.0
國4,M,3100,003K+100,24.3068131,120.6214086,0.0
國4,M,3200,003K+200,24.30662569,120.6223723,0.0
國4,M,3300,003K+300,24.30641397,120.6233299,0.0
國4,M,3400,003K+400,24.30617686,120.6242804,0.0
國4,M,3500,003K+500,24.30591339,120.6252227,0.0
國4,M,3600,003K+600,24.30562516,120.6261563,0.0
國4,M,3700,003K+700,24.30530484,120.6270773,0.0
國4,M,3800,003K+800,24.30496634,120.6279906,0.0
國4,M,3900,003K+900,24.30460869,120.6288952,0.0
國4,M,4000,004K+000,24.30423161,120.6297903,0.0
國4,M,4100,004K+100,24.30383929,120.6306775,0.0
國4,M,4200,004K+200,24.30343558,120.6315587,0.0
國4,M,4300,004K+300,24.30302026,120.6324334,0.0
國4,M,4400,004K+400,24.30259644,120.6333032,0.0
國4,M,4500,004K+500,24.30216341,120.6341676,0.0
國4,M,4600,004K+600,24.30171831,120.6350247,0.0
國4,M,4700,004K+700,24.301271,120.6358804,0.0
國4,M,4800,004K+800,24.30080977,120.6367272,0.0
國4,M,4900,004K+900,24.30034113,120.6375692,0.0
國4,M,5000,005K+000,24.29986076,120.6384033,0.0
國4,M,5100,005K+100,24.29937167,120.6392313,0.0
國4,M,5200,005K+200,24.29886786,120.6400487,0.0
國4,M,5300,005K+300,24.29834303,120.6408502,0.0
國4,M,5400,005K+400,24.29778968,120.6416284,0.0
國4,M,5500,005K+500,24.29720648,120.6423802,0.0
國4,M,5600,005K+600,24.29659652,120.6431064,0.0
國4,M,5700,005K+700,24.29596498,120.6438103,0.0
國4,M,5800,005K+800,24.29532964,120.6445101,0.0
國4,M,5900,005K+900,24.2946943,120.64521,0.0
國4,M,6000,006K+000,24.29406174,120.6459128,0.0
國4,M,6100,006K+100,24.29344581,120.6466325,0.0
國4,M,6200,006K+200,24.29284966,120.647372,0.0
國4,M,6300,006K+300,24.29227504,120.6481316,0.0
國4,M,6400,006K+400,24.29172407,120.6489119,0.0
國4,M,6500,006K+500,24.29119558,120.6497105,0.0
國4,M,6600,006K+600,24.29068455,120.6505224,0.0
國4,M,6700,006K+700,24.29018843,120.6513454,0.0
國4,M,6800,006K+800,24.28970585,120.6521778,0.0
國4,M,6900,006K+900,24.28923032,120.6530151,0.0
國4,M,7000,007K+000,24.28876392,120.6538585,0.0
國4,M,7100,007K+100,24.28829752,120.654702,0.0
國4,M,7200,007K+200,24.28783111,120.6555455,0.0
國4,M,7300,007K+300,24.28736212,120.6563872,0.0
國4,M,7400,007K+400,24.28689121,120.6572277,0.0
國4,M,7500,007K+500,24.28641146,120.6580621,0.0
國4,M,7600,007K+600,24.28592664,120.658893,0.0
國4,M,7700,007K+700,24.28543614,120.65972,0.0
國4,M,7800,007K+800,24.28493341,120.6605381,0.0
國4,M,7900,007K+900,24.28442072,120.6613489,0.0
國4,M,8000,008K+000,24.28389863,120.6621524,0.0
國4,M,8100,008K+100,24.28336153,120.6629441,0.0
國4,M,8200,008K+200,24.28280628,120.6637208,0.0
國4,M,8300,008K+300,24.28223946,120.6644873,0.0
國4,M,8400,008K+400,24.28165527,120.6652382,0.0
國4,M,8500,008K+500,24.28105748,120.6659763,0.0
國4,M,8600,008K+600,24.28044452,120.6666994,0.0
國4,M,8700,008K+700,24.27981588,120.6674063,0.0
國4,M,8800,008K+800,24.27917764,120.6681029,0.0
國4,M,8900,008K+900,24.27853175,120.6687911,0.0
國4,M,9000,009K+000,24.27788072,120.6694735,0.0
國4,M,9100,009K+100,24.2772263,120.6701521,0.0
國4,M,9200,009K+200,24.27657187,120.6708307,0.0
國4,M,9300,009K+300,24.2759186,120.6715106,0.0
國4,M,9400,009K+400,24.27527544,120.6722018,0.0
國4,M,9500,009K+500,24.27464548,120.6729073,0.0
國4,M,9600,009K+600,24.27403725,120.6736349,0.0
國4,M,9700,009K+700,24.27345875,120.6743908,0.0
國4,M,9800,009K+800,24.27290987,120.6751723,0.0
國4,M,9900,009K+900,24.27239975,120.6759844,0.0
國4,M,10000,010K+000,24.271939,120.676831,0.0
國4,M,10100,010K+100,24.27153058,120.6777093,0.0
國4,M,10200,010K+200,24.27117627,120.6786149,0.0
國4,M,10300,010K+300,24.27087954,120.6795449,0.0
國4,M,10400,010K+400,24.27063997,120.6804943,0.0
國4,M,10500,010K+500,24.27045866,120.6814589,0.0
國4,M,10600,010K+600,24.27032444,120.6824328,0.0
國4,M,10700,010K+700,24.27023084,120.6834123,0.0
國4,M,10800,010K+800,24.27016973,120.6843949,0.0
國4,M,10900,010K+900,24.27012999,120.6853787,0.0
國4,M,11000,011K+000,24.2701187,120.6863634,0.0
國4,M,11100,011K+100,24.2701307,120.687348,0.0
國4,M,11200,011K+200,24.27017111,120.6883318,0.0
國4,M,11300,011K+300,24.27023722,120.6893138,0.0
國4,M,11400,011K+400,24.27032719,120.6902937,0.0
國4,M,11500,011K+500,24.27044439,120.6912701,0.0
國4,M,11600,011K+600,24.27058819,120.6922423,0.0
國4,M,11700,011K+700,24.27075494,120.6932102,0.0
國4,M,11800,011K+800,24.27094681,120.6941724,0.0
國4,M,11900,011K+900,24.27116532,120.695128,0.0
國4,M,12000,012K+000,24.27140743,120.6960767,0.0
國4,M,12100,012K+100,24.27167454,120.6970175,0.0
國4,M,12200,012K+200,24.2719663,120.6979495,0.0
國4,M,12300,012K+300,24.27228275,120.6988719,0.0
國4,M,12400,012K+400,24.2726224,120.6997844,0.0
國4,M,12500,012K+500,24.2729895,120.7006842,0.0
國4,M,12600,012K+600,24.27337255,120.701576,0.0
國4,M,12700,012K+700,24.27377792,120.7024561,0.0
國4,M,12800,012K+800,24.27418637,120.7033344,0.0
國4,M,12900,012K+900,24.2746019,120.7042088,0.0
國4,M,13000,013K+000,24.27501324,120.7050856,0.0
國4,M,13100,013K+100,24.27541521,120.7059675,0.0
國4,M,13200,013K+200,24.27579971,120.7068586,0.0
國4,M,13300,013K+300,24.27615746,120.7077628,0.0
國4,M,13400,013K+400,24.27648305,120.7086813,0.0
國4,M,13500,013K+500,24.27678162,120.7096107,0.0
國4,M,13600,013K+600,24.27705338,120.7105498,0.0
國4,M,13700,013K+700,24.27729157,120.7114997,0.0
國4,M,13800,013K+800,24.27749951,120.712458,0.0
國4,M,13900,013K+900,24.27767776,120.7134235,0.0
國4,M,14000,014K+000,24.27782666,120.7143949,0.0
國4,M,14100,014K+100,24.27794466,120.7153712,0.0
國4,M,14200,014K+200,24.27802918,120.7163518,0.0
國4,M,14300,014K+300,24.27808307,120.7173348,0.0
國4,M,14400,014K+400,24.27810863,120.7183192,0.0
國4,M,14500,014K+500,24.27810056,120.719304,0.0
國4,M,14600,014K+600,24.27805864,120.7202877,0.0
國4,M,14700,014K+700,24.27799292,120.7212699,0.0
國4,M,14800,014K+800,24.27788548,120.7222476,0.0
國4,M,14900,014K+900,24.27774737,120.7232208,0.0
國4,M,15000,015K+000,24.27757463,120.7241874,0.0
國4,M,15100,015K+100,24.27737024,120.7251467,0.0
國4,M,15200,015K+200,24.27713306,120.726097,0.0
國4,M,15300,015K+300,24.27686163,120.7270363,0.0
國4,M,15400,015K+400,24.27655511,120.7279627,0.0
國4,M,15500,015K+500,24.27621993,120.7288771,0.0
國4,M,15600,015K+600,24.27585442,120.7297776,0.0
國4,M,15700,015K+700,24.27546348,120.7306654,0.0
國4,M,15800,015K+800,24.27505685,120.7315448,0.0
國4,M,15900,015K+900,24.27464517,120.7324213,0.0
國4,M,16000,016K+000,24.27423348,120.7332979,0.0
國4,M,16100,016K+100,24.27382617,120.7341769,0.0
國4,M,16200,016K+200,24.27342723,120.7350604,0.0
國4,M,16300,016K+300,24.27304193,120.7359511,0.0
國4,M,16400,016K+400,24.27267627,120.7368516,0.0
國4,M,16500,016K+500,24.27233138,120.7377617,0.0
國4,M,16600,016K+600,24.27199952,120.7386775,0.0
國4,M,16700,016K+700,24.27169874,120.739606,0.0
國4,M,16800,016K+800,24.27141887,120.7405415,0.0
國4,M,16900,016K+900,24.27114983,120.7414808,0.0
國4,M,17000,017K+000,24.27089469,120.7424254,0.0
國4,M,17100,017K+100,24.2706474,120.7433726,0.0
國4,M,17157,017K+157,24.27051042,120.7439137,0.0
國5,M,0,000K+000,25.03527135,121.6233414,75.53
國5,M,100,000K+100,25.03498345,121.6242805,76.79
國5,M,200,000K+200,25.03469554,121.6252196,78.04
國5,M,300,000K+300,25.03440763,121.6261587,79.29
國5,M,400,000K+400,25.03411971,121.6270977,80.55
國5,M,500,000K+500,25.03380447,121.6280261,81.39
國5,M,600,000K+600,25.03345367,121.6289389,81.92
國5,M,700,000K+700,25.03307073,121.6298361,82.48
國5,M,800,000K+800,25.03264666,121.6307108,83.0
國5,M,900,000K+900,25.03218773,121.631564,83.51
國5,M,1000,001K+000,25.03169483,121.632394,84.03
國5,M,1100,001K+100,25.03116955,121.6331997,84.5
國5,M,1200,001K+200,25.03061206,121.6339789,84.93
國5,M,1300,001K+300,25.03002451,121.6347311,85.39
國5,M,1400,001K+400,25.02941202,121.6354582,85.87
國5,M,1500,001K+500,25.02876466,121.6361487,86.37
國5,M,1600,001K+600,25.02809027,121.6368072,86.9
國5,M,1700,001K+700,25.0273894,121.6374315,87.43
國5,M,1800,001K+800,25.02666541,121.6380232,87.92
國5,M,1900,001K+900,25.02591628,121.638576,88.32
國5,M,2000,002K+000,25.02514691,121.6390941,88.77
國5,M,2100,002K+100,25.02435701,121.6395736,89.2
國5,M,2200,002K+200,25.02354746,121.6400119,89.76
國5,M,2300,002K+300,25.02272214,121.6404132,90.31
國5,M,2400,002K+400,25.02188024,121.6407706,90.81
國5,M,2500,002K+500,25.02102113,121.6410744,91.3
國5,M,2600,002K+600,25.02015604,121.6413576,91.79
國5,M,2700,002K+700,25.01928922,121.6416344,92.27
國5,M,2800,002K+800,25.0184224,121.6419113,92.76
國5,M,2900,002K+900,25.01755558,121.6421881,93.25
國5,M,3000,003K+000,25.01668877,121.642465,93.74
國5,M,3100,003K+100,25.01582195,121.6427418,94.23
國5,M,3200,003K+200,25.01495513,121.6430187,94.72
國5,M,3300,003K+300,25.01409319,121.6433128,95.22
國5,M,3400,003K+400,25.01325306,121.6436744,95.63
國5,M,3500,003K+500,25.01244795,121.6441216,96.2
國5,M,3600,003K+600,25.01168898,121.6446575,96.68
國5,M,3700,003K+700,25.01097991,121.6452702,97.22
國5,M,3800,003K+800,25.0102931,121.6459132,98.02
國5,M,3900,003K+900,25.00961023,121.6465608,100.2
國5,M,4000,004K+000,25.00892743,121.6472086,102.42
國5,M,4100,004K+100,25.00824462,121.6478563,104.63
國5,M,4200,004K+200,25.00756181,121.6485041,106.84
國5,M,4300,004K+300,25.00687589,121.6491478,109.08
國5,M,4400,004K+400,25.00614881,121.6497333,111.37
國5,M,4500,004K+500,25.00535783,121.650208,113.77
國5,M,4600,004K+600,25.00451307,121.6505534,116.42
國5,M,4700,004K+700,25.00363417,121.6507749,119.38
國5,M,4800,004K+800,25.00274384,121.6509335,123.6
國5,M,4900,004K+900,25.00185351,121.6510921,127.8
國5,M,5000,005K+000,25.00096318,121.6512508,132.01
國5,M,5100,005K+100,25.00007285,121.6514094,136.22
國5,M,5200,005K+200,24.99918252,121.651568,140.43
國5,M,5300,005K+300,24.99829219,121.6517266,144.64
國5,M,5400,005K+400,24.99740186,121.6518853,148.85
國5,M,5500,005K+500,24.99651153,121.6520439,153.06
國5,M,5600,005K+600,24.99562209,121.6522083,157.23
國5,M,5700,005K+700,24.99474224,121.6524248,160.41
國5,M,5800,005K+800,24.99389223,121.6527551,162.09
國5,M,5900,005K+900,24.99308797,121.6532026,163.65
國5,M,6000,006K+000,24.9923456,121.6537647,165.22
國5,M,6100,006K+100,24.99167887,121.654431,166.97
國5,M,6200,006K+200,24.99109619,121.655186,169.84
國5,M,6300,006K+300,24.99060563,121.656016,173.71
國5,M,6400,006K+400,24.99016431,121.6568792,177.73
國5,M,6500,006K+500,24.989678,121.6577109,181.78
國5,M,6600,006K+600,24.98903476,121.6584012,185.79
國5,M,6700,006K+700,24.98826204,121.6589087,189.73
國5,M,6800,006K+800,24.98744565,121.6593308,192.27
國5,M,6900,006K+900,24.9866288,121.6597518,194.78
國5,M,7000,007K+000,24.98581194,121.6601729,197.28
國5,M,7100,007K+100,24.98499508,121.6605939,199.79
國5,M,7200,007K+200,24.98418399,121.6610282,201.66
國5,M,7300,007K+300,24.98341835,121.6615508,203.1
國5,M,7400,007K+400,24.98276574,121.662231,204.51
國5,M,7500,007K+500,24.98228488,121.6630659,205.92
國5,M,7600,007K+600,24.98200924,121.6640059,207.98
國5,M,7700,007K+700,24.9819289,121.6649906,210.49
國5,M,7800,007K+800,24.98197896,121.6659787,213.03
國5,M,7900,007K+900,24.98208607,121.6669619,215.5
國5,M,8000,008K+000,24.98217764,121.6679467,218.0
國5,M,8100,008K+100,24.98218258,121.668936,220.57
國5,M,8200,008K+200,24.98205877,121.6699159,223.07
國5,M,8300,008K+300,24.9818182,121.6708696,225.6
國5,M,8400,008K+400,24.98149207,121.6717924,228.1
國5,M,8500,008K+500,24.98109002,121.6726783,230.58
國5,M,8600,008K+600,24.98061805,121.6735219,233.09
國5,M,8700,008K+700,24.98007633,121.6743133,235.53
國5,M,8800,008K+800,24.9794732,121.6750493,237.8
國5,M,8900,008K+900,24.97880494,121.675714,240.08
國5,M,9000,009K+000,24.97806637,121.6762817,242.25
國5,M,9100,009K+100,24.97726286,121.6767314,244.4
國5,M,9200,009K+200,24.97642395,121.6770965,246.17
國5,M,9300,009K+300,24.9755745,121.6774316,247.53
國5,M,9400,009K+400,24.97473145,121.677785,248.68
國5,M,9500,009K+500,24.97392183,121.678222,249.59
國5,M,9600,009K+600,24.97315418,121.678742,250.42
國5,M,9700,009K+700,24.97243666,121.6793421,251.25
國5,M,9800,009K+800,24.97178042,121.6800214,252.1
國5,M,9900,009K+900,24.97116958,121.6807503,252.94
國5,M,10000,010K+000,24.97056854,121.6814893,253.79
國5,M,10100,010K+100,24.96994993,121.6822104,254.6
國5,M,10200,010K+200,24.96928957,121.6828849,255.42
國5,M,10300,010K+300,24.96858523,121.6835039,256.25
國5,M,10400,010K+400,24.96783633,121.6840565,257.08
國5,M,10500,010K+500,24.96704753,121.6845375,257.9
國5,M,10600,010K+600,24.96622879,121.6849538,258.72
國5,M,10700,010K+700,24.96538081,121.6852922,259.54
國5,M,10800,010K+800,24.96451172,121.6855589,260.36
國5,M,10900,010K+900,24.96362709,121.6857556,261.18
國5,M,11000,011K+000,24.96273667,121.6859187,262.02
國5,M,11100,011K+100,24.96184581,121.6860789,262.86
國5,M,11200,011K+200,24.96096054,121.6862718,263.66
國5,M,11300,011K+300,24.96008807,121.6865251,264.46
國5,M,11400,011K+400,24.95923116,121.686836,265.23
國5,M,11500,011K+500,24.95839453,121.6872073,266.01
國5,M,11600,011K+600,24.95757862,121.6876306,266.78
國5,M,11700,011K+700,24.95678915,121.6881105,267.56
國5,M,11800,011K+800,24.95603074,121.6886472,268.33
國5,M,11900,011K+900,24.95530049,121.6892291,269.11
國5,M,12000,012K+000,24.95460924,121.6898656,269.86
國5,M,12100,012K+100,24.95395335,121.6905456,270.62
國5,M,12200,012K+200,24.95333586,121.6912676,271.38
國5,M,12300,012K+300,24.95276348,121.6920331,272.14
國5,M,12400,012K+400,24.95223192,121.6928332,272.91
國5,M,12500,012K+500,24.95175147,121.6936713,273.67
國5,M,12600,012K+600,24.95131558,121.6945383,274.44
國5,M,12700,012K+700,24.95093417,121.6954355,275.2
國5,M,12800,012K+800,24.95060302,121.6963565,275.97
國5,M,12900,012K+900,24.95032376,121.6972978,276.74
國5,M,13000,013K+000,24.95009794,121.6982564,277.51
國5,M,13100,013K+100,24.94991344,121.6992256,278.3
國5,M,13200,013K+200,24.9497387,121.7001971,279.04
國5,M,13300,013K+300,24.94952829,121.7011598,279.42
國5,M,13400,013K+400,24.94923627,121.7020961,278.14
國5,M,13500,013K+500,24.94885972,121.7029951,275.36
國5,M,13600,013K+600,24.94839918,121.7038458,272.3
國5,M,13700,013K+700,24.94789551,121.704667,269.23
國5,M,13800,013K+800,24.94739813,121.7054924,266.08
國5,M,13900,013K+900,24.94697502,121.7063658,262.64
國5,M,14000,014K+000,24.94663377,121.7072816,259.03
國5,M,14100,014K+100,24.94630118,121.7082014,255.44
國5,M,14200,014K+200,24.9458931,121.7090827,251.82
國5,M,14300,014K+300,24.94535788,121.7098777,248.2
國5,M,14400,014K+400,24.94471477,121.7105698,244.54
國5,M,14500,014K+500,24.94397737,121.7111385,240.99
國5,M,14600,014K+600,24.94319682,121.7116352,238.39
國5,M,14700,014K+700,24.94241185,121.712124,236.83
國5,M,14800,014K+800,24.94162687,121.7126129,235.27
國5,M,14900,014K+900,24.9408419,121.7131017,233.72
國5,M,15000,015K+000,24.94005692,121.7135905,232.16
國5,M,15100,015K+100,24.93927194,121.7140793,230.6
國5,M,15200,015K+200,24.93849509,121.7145834,229.28
國5,M,15300,015K+300,24.93774276,121.7151302,228.06
國5,M,15400,015K+400,24.93702447,121.7157294,226.83
國5,M,15500,015K+500,24.93634649,121.7163826,225.6
國5,M,15600,015K+600,24.93570363,121.7170773,224.38
國5,M,15700,015K+700,24.93507641,121.7177894,223.14
國5,M,15800,015K+800,24.93444383,121.7184956,221.92
國5,M,15900,015K+900,24.93378299,121.7191698,220.7
國5,M,16000,016K+000,24.93308153,121.7197927,219.48
國5,M,16100,016K+100,24.93234388,121.7203631,218.27
國5,M,16200,016K+200,24.93157958,121.7208897,217.02
國5,M,16300,016K+300,24.93080253,121.7213936,215.82
國5,M,16400,016K+400,24.93002549,121.7218975,214.62
國5,M,16500,016K+500,24.92924844,121.7224014,213.42
國5,M,16600,016K+600,24.92847139,121.7229052,212.22
國5,M,16700,016K+700,24.92769433,121.7234091,211.02
國5,M,16800,016K+800,24.92691728,121.723913,209.82
國5,M,16900,016K+900,24.92614023,121.7244168,208.62
國5,M,17000,017K+000,24.9253659,121.7249256,207.42
國5,M,17100,017K+100,24.92459951,121.7254487,206.23
國5,M,17200,017K+200,24.92384224,121.7259875,205.05
國5,M,17300,017K+300,24.92309582,121.7265442,203.85
國5,M,17400,017K+400,24.92236024,121.727118,202.66
國5,M,17500,017K+500,24.92163553,121.7277081,201.47
國5,M,17600,017K+600,24.92091986,121.7283115,200.27
國5,M,17700,017K+700,24.92021734,121.7289331,199.07
國5,M,17800,017K+800,24.91952463,121.7295678,197.86
國5,M,17900,017K+900,24.91884314,121.7302169,196.66
國5,M,18000,018K+000,24.91817461,121.7308821,195.45
國5,M,18100,018K+100,24.91751859,121.731562,194.24
國5,M,18200,018K+200,24.91687565,121.7322569,193.03
國5,M,18300,018K+300,24.9162449,121.732965,191.81
國5,M,18400,018K+400,24.91562719,121.7336868,190.58
國5,M,18500,018K+500,24.9150226,121.7344218,189.36
國5,M,18600,018K+600,24.91443061,121.7351691,188.14
國5,M,18700,018K+700,24.91384892,121.735926,186.88
國5,M,18800,018K+800,24.9132678,121.7366835,185.63
國5,M,18900,018K+900,24.91268669,121.737441,184.37
國5,M,19000,019K+000,24.91210556,121.7381984,183.12
國5,M,19100,019K+100,24.91152444,121.7389559,181.86
國5,M,19200,019K+200,24.91094331,121.7397133,180.6
國5,M,19300,019K+300,24.91036217,121.7404708,179.35
國5,M,19400,019K+400,24.90978104,121.7412282,178.09
國5,M,19500,019K+500,24.90919989,121.7419856,176.84
國5,M,19600,019K+600,24.90861875,121.742743,175.58
國5,M,19700,019K+700,24.9080376,121.7435005,174.32
國5,M,19800,019K+800,24.90745645,121.7442579,173.07
國5,M,19900,019K+900,24.90687529,121.7450153,171.81
國5,M,20000,020K+000,24.90629413,121.7457726,170.55
國5,M,20100,020K+100,24.90571297,121.74653,169.3
國5,M,20200,020K+200,24.9051318,121.7472874,168.04
國5,M,20300,020K+300,24.90455063,121.7480448,166.79
國5,M,20400,020K+400,24.90396945,121.7488021,165.53
國5,M,20500,020K+500,24.90338551,121.7495569,164.27
國5,M,20600,020K+600,24.90279825,121.7503086,163.01
國5,M,20700,020K+700,24.90219658,121.7510464,161.76
國5,M,20800,020K+800,24.90158123,121.7517705,160.5
國5,M,20900,020K+900,24.90095308,121.7524813,159.23
國5,M,21000,021K+000,24.90031192,121.753178,157.99
國5,M,21100,021K+100,24.89965762,121.7538598,156.72
國5,M,21200,021K+200,24.8989921,121.7545285,155.49
國5,M,21300,021K+300,24.8983144,121.7551823,154.24
國5,M,21400,021K+400,24.89762422,121.7558202,153.02
國5,M,21500,021K+500,24.89692272,121.756443,151.78
國5,M,21600,021K+600,24.8962103,121.7570508,150.54
國5,M,21700,021K+700,24.89548687,121.7576428,149.3
國5,M,21800,021K+800,24.89475066,121.7582154,148.08
國5,M,21900,021K+900,24.89400852,121.7587788,146.85
國5,M,22000,022K+000,24.89325331,121.7593209,145.61
國5,M,22100,022K+100,24.89249213,121.7598529,144.36
國5,M,22200,022K+200,24.89172941,121.7603823,143.12
國5,M,22300,022K+300,24.89096668,121.7609116,141.87
國5,M,22400,022K+400,24.89020394,121.761441,140.62
國5,M,22500,022K+500,24.88944121,121.7619703,139.38
國5,M,22600,022K+600,24.88867848,121.7624997,138.13
國5,M,22700,022K+700,24.88791574,121.763029,136.88
國5,M,22800,022K+800,24.887153,121.7635583,135.64
國5,M,22900,022K+900,24.88639026,121.7640876,134.39
國5,M,23000,023K+000,24.88562752,121.7646169,133.15
國5,M,23100,023K+100,24.88486478,121.7651462,131.9
國5,M,23200,023K+200,24.88410203,121.7656755,130.65
國5,M,23300,023K+300,24.88333928,121.7662048,129.41
國5,M,23400,023K+400,24.8825812,121.766742,128.15
國5,M,23500,023K+500,24.88183369,121.7672967,126.88
國5,M,23600,023K+600,24.88109647,121.7678677,125.6
國5,M,23700,023K+700,24.88036979,121.7684547,124.32
國5,M,23800,023K+800,24.87965429,121.769058,123.04
國5,M,23900,023K+900,24.87894833,121.7696747,121.76
國5,M,24000,024K+000,24.87825603,121.7703097,120.48
國5,M,24100,024K+100,24.87757513,121.7709593,119.2
國5,M,24200,024K+200,24.87690576,121.7716232,117.92
國5,M,24300,024K+300,24.87624782,121.7723006,116.64
國5,M,24400,024K+400,24.87559934,121.772989,115.35
國5,M,24500,024K+500,24.87495246,121.7736792,114.05
國5,M,24600,024K+600,24.87430558,121.7743693,112.76
國5,M,24700,024K+700,24.8736587,121.7750595,111.46
國5,M,24800,024K+800,24.87301181,121.7757497,110.16
國5,M,24900,024K+900,24.87236492,121.7764399,108.87
國5,M,25000,025K+000,24.87171803,121.77713,107.57
國5,M,25100,025K+100,24.87107114,121.7778201,106.27
國5,M,25200,025K+200,24.87042424,121.7785103,104.98
國5,M,25300,025K+300,24.86977734,121.7792004,103.68
國5,M,25400,025K+400,24.86913043,121.7798905,102.38
國5,M,25500,025K+500,24.86848353,121.7805807,101.09
國5,M,25600,025K+600,24.86783662,121.7812708,99.79
國5,M,25700,025K+700,24.8671897,121.7819609,98.49
國5,M,25800,025K+800,24.86654279,121.782651,97.2
國5,M,25900,025K+900,24.86589554,121.7833407,95.9
國5,M,26000,026K+000,24.86524256,121.7840239,94.61
國5,M,26100,026K+100,24.86458154,121.7846977,93.31
國5,M,26200,026K+200,24.86390856,121.7853571,92.0
國5,M,26300,026K+300,24.86321718,121.7859931,90.75
國5,M,26400,026K+400,24.86250928,121.7866069,89.47
國5,M,26500,026K+500,24.86178108,121.7871913,88.17
國5,M,26600,026K+600,24.86103322,121.7877452,86.88
國5,M,26700,026K+700,24.8602641,121.788263,85.6
國5,M,26800,026K+800,24.85947688,121.788747,84.3
國5,M,26900,026K+900,24.85867325,121.7891976,83.08
國5,M,27000,027K+000,24.85785291,121.7896103,81.88
國5,M,27100,027K+100,24.85701838,121.7899873,80.58
國5,M,27200,027K+200,24.8561705,121.7903267,79.15
國5,M,27300,027K+300,24.85531092,121.7906286,77.79
國5,M,27400,027K+400,24.85444141,121.7908943,76.47
國5,M,27500,027K+500,24.85356282,121.7911212,75.16
國5,M,27600,027K+600,24.85267584,121.7913044,73.84
國5,M,27700,027K+700,24.85178257,121.7914456,72.54
國5,M,27800,027K+800,24.85088366,121.7915325,71.22
國5,M,27900,027K+900,24.84998141,121.7915513,69.91
國5,M,28000,028K+000,24.84908057,121.7914931,68.61
國5,M,28100,028K+100,24.84818789,121.7913488,67.31
國5,M,28200,028K+200,24.84731202,121.7911116,65.67
國5,M,28300,028K+300,24.84646243,121.7907797,62.58
國5,M,28400,028K+400,24.84564421,121.7903638,58.6
國5,M,28500,028K+500,24.84483375,121.7899297,54.68
國5,M,28600,028K+600,24.84400271,121.789546,51.23
國5,M,28700,028K+700,24.84313498,121.7892783,48.42
國5,M,28800,028K+800,24.84224148,121.7891464,46.22
國5,M,28900,028K+900,24.8413396,121.7891553,44.5
國5,M,29000,029K+000,24.84044594,121.7892922,43.32
國5,M,29100,029K+100,24.83955996,121.789482,42.58
國5,M,29200,029K+200,24.83867489,121.7896769,41.9
國5,M,29300,029K+300,24.83778982,121.7898718,41.21
國5,M,29400,029K+400,24.83690475,121.7900667,40.53
國5,M,29500,029K+500,24.83601968,121.7902616,39.84
國5,M,29600,029K+600,24.8351346,121.7904565,39.16
國5,M,29700,029K+700,24.83424683,121.7906354,38.35
國5,M,29800,029K+800,24.83335212,121.7907649,37.5
國5,M,29900,029K+900,24.83245076,121.7908159,36.78
國5,M,30000,030K+000,24.83154867,121.7907862,36.0
國5,M,30100,030K+100,24.83065153,121.7906786,35.13
國5,M,30200,030K+200,24.8297653,121.7904928,34.5
國5,M,30300,030K+300,24.82889414,121.7902344,34.35
國5,M,30400,030K+400,24.82804744,121.7898919,34.66
國5,M,30500,030K+500,24.82722463,121.7894861,34.9
國5,M,30600,030K+600,24.82643572,121.7890058,35.4
國5,M,30700,030K+700,24.82568565,121.788456,35.76
國5,M,30800,030K+800,24.82497421,121.7878475,36.03
國5,M,30900,030K+900,24.82431251,121.7871749,36.37
國5,M,31000,031K+000,24.82368504,121.7864638,36.66
國5,M,31100,031K+100,24.8230653,121.7857445,36.86
國5,M,31200,031K+200,24.82243267,121.7850391,36.99
國5,M,31300,031K+300,24.82175885,121.784381,37.18
國5,M,31400,031K+400,24.82104518,121.7837757,37.08
國5,M,31500,031K+500,24.82029607,121.7832242,36.79
國5,M,31600,031K+600,24.81951623,121.7827264,36.36
國5,M,31700,031K+700,24.81870873,121.7822848,35.83
國5,M,31800,031K+800,24.81787441,121.7819075,35.36
國5,M,31900,031K+900,24.81701969,121.7815897,34.88
國5,M,32000,032K+000,24.81614669,121.7813388,34.43
國5,M,32100,032K+100,24.8152617,121.7811445,34.09
國5,M,32200,032K+200,24.81436631,121.7810192,33.92
國5,M,32300,032K+300,24.81346527,121.7809612,33.87
國5,M,32400,032K+400,24.81256275,121.7809696,34.0
國5,M,32500,032K+500,24.81166262,121.7810421,34.31
國5,M,32600,032K+600,24.81076898,121.7811802,34.72
國5,M,32700,032K+700,24.8098854,121.7813817,35.16
國5,M,32800,032K+800,24.80901128,121.7816288,35.63
國5,M,32900,032K+900,24.80813798,121.7818794,36.1
國5,M,33000,033K+000,24.80726131,121.7821155,36.62
國5,M,33100,033K+100,24.80637766,121.7823172,37.02
國5,M,33200,033K+200,24.8054861,121.7824718,37.28
國5,M,33300,033K+300,24.80458862,121.7825772,37.33
國5,M,33400,033K+400,24.80368757,121.7826374,37.17
國5,M,33500,033K+500,24.80278507,121.7826574,36.87
國5,M,33600,033K+600,24.8018823,121.7826546,36.39
國5,M,33700,033K+700,24.80097998,121.7826244,35.72
國5,M,33800,033K+800,24.80007826,121.782577,35.31
國5,M,33900,033K+900,24.79917777,121.7825071,35.24
國5,M,34000,034K+000,24.79827877,121.782417,35.27
國5,M,34100,034K+100,24.79738179,121.7823053,35.4
國5,M,34200,034K+200,24.79648745,121.7821704,35.64
國5,M,34300,034K+300,24.79559703,121.7820076,36.02
國5,M,34400,034K+400,24.79471088,121.7818189,36.52
國5,M,34500,034K+500,24.7938295,121.7816051,37.05
國5,M,34600,034K+600,24.79295424,121.781363,37.46
國5,M,34700,034K+700,24.79208552,121.7810941,37.73
國5,M,34800,034K+800,24.79122234,121.7808044,37.86
國5,M,34900,034K+900,24.79036391,121.7804983,37.8
國5,M,35000,035K+000,24.78950742,121.7801856,37.57
國5,M,35100,035K+100,24.78865092,121.779873,37.34
國5,M,35200,035K+200,24.78779443,121.7795604,37.11
國5,M,35300,035K+300,24.78693183,121.7792688,36.86
國5,M,35400,035K+400,24.78605976,121.7790135,36.57
國5,M,35500,035K+500,24.78518071,121.7787887,36.28
國5,M,35600,035K+600,24.78429514,121.7785969,36.07
國5,M,35700,035K+700,24.78340359,121.778442,35.97
國5,M,35800,035K+800,24.78250695,121.7783276,36.0
國5,M,35900,035K+900,24.78160719,121.7782469,36.14
國5,M,36000,036K+000,24.78070536,121.7782021,36.35
國5,M,36100,036K+100,24.77980263,121.7781967,36.67
國5,M,36200,036K+200,24.77890036,121.778227,37.01
國5,M,36300,036K+300,24.77799962,121.7782928,37.43
國5,M,36400,036K+400,24.77710151,121.7783927,37.78
國5,M,36500,036K+500,24.77620628,121.7785202,38.13
國5,M,36600,036K+600,24.77531202,121.7786558,38.43
國5,M,36700,036K+700,24.77441825,121.7787952,38.69
國5,M,36800,036K+800,24.77352314,121.7789237,38.76
國5,M,36900,036K+900,24.77262466,121.7790194,38.67
國5,M,37000,037K+000,24.77172359,121.7790786,38.44
國5,M,37100,037K+100,24.77082102,121.7790958,38.05
國5,M,37200,037K+200,24.76991863,121.7790706,37.59
國5,M,37300,037K+300,24.76901792,121.7790047,37.33
國5,M,37400,037K+400,24.76812031,121.7788998,37.48
國5,M,37500,037K+500,24.76722739,121.7787544,37.98
國5,M,37600,037K+600,24.76633737,121.7785889,38.91
國5,M,37700,037K+700,24.76544784,121.7784203,39.93
國5,M,37800,037K+800,24.76455794,121.7782542,40.98
國5,M,37900,037K+900,24.76366487,121.7781103,42.13
國5,M,38000,038K+000,24.76276805,121.7779985,43.21
國5,M,38100,038K+100,24.76186784,121.7779255,43.98
國5,M,38200,038K+200,24.76096569,121.7778915,44.31
國5,M,38300,038K+300,24.76006305,121.7779011,44.26
國5,M,38400,038K+400,24.75916134,121.7779462,43.78
國5,M,38500,038K+500,24.75826185,121.7780286,42.82
國5,M,38600,038K+600,24.75736658,121.7781549,41.63
國5,M,38700,038K+700,24.75647608,121.7783164,40.0
國5,M,38800,038K+800,24.75559391,121.7785255,38.7
國5,M,38900,038K+900,24.75471842,121.778766,37.78
國5,M,39000,039K+000,24.75385214,121.7790438,37.27
國5,M,39100,039K+100,24.7529944,121.779352,37.17
國5,M,39200,039K+200,24.75214176,121.7796769,37.45
國5,M,39300,039K+300,24.7512897,121.7800037,37.79
國5,M,39400,039K+400,24.75043707,121.7803286,38.13
國5,M,39500,039K+500,24.74957707,121.7806292,38.46
國5,M,39600,039K+600,24.74870773,121.7808955,38.69
國5,M,39700,039K+700,24.74782864,121.78112,38.79
國5,M,39800,039K+800,24.74694281,121.7813101,38.76
國5,M,39900,039K+900,24.74605064,121.7814605,38.59
國5,M,40000,040K+000,24.745154,121.7815745,38.29
國5,M,40100,040K+100,24.7442537,121.7816459,37.87
國5,M,40200,040K+200,24.74335151,121.7816798,37.43
國5,M,40300,040K+300,24.74244876,121.7816803,36.98
國5,M,40400,040K+400,24.7415463,121.7816536,36.62
國5,M,40500,040K+500,24.74064383,121.7816268,36.26
國5,M,40600,040K+600,24.73974131,121.7816033,35.99
國5,M,40700,040K+700,24.73883859,121.7815972,36.04
國5,M,40800,040K+800,24.73793626,121.7816248,36.31
國5,M,40900,040K+900,24.73703563,121.7816913,36.77
國5,M,41000,041K+000,24.73613805,121.781796,37.24
國5,M,41100,041K+100,24.735245,121.7819403,37.54
國5,M,41200,041K+200,24.7343585,121.7821269,37.7
國5,M,41300,041K+300,24.73347882,121.7823484,37.8
國5,M,41400,041K+400,24.73260664,121.7826034,37.68
國5,M,41500,041K+500,24.73174012,121.7828807,37.32
國5,M,41600,041K+600,24.7308771,121.7831709,37.73
國5,M,41700,041K+700,24.73001421,121.7834615,38.18
國5,M,41800,041K+800,24.72915131,121.7837521,38.62
國5,M,41900,041K+900,24.72828842,121.7840427,39.07
國5,M,42000,042K+000,24.72742552,121.7843332,39.52
國5,M,42100,042K+100,24.72656262,121.7846238,39.96
國5,M,42200,042K+200,24.72569972,121.7849144,40.41
國5,M,42300,042K+300,24.72483682,121.785205,40.86
國5,M,42400,042K+400,24.72397392,121.7854956,41.3
國5,M,42500,042K+500,24.72311103,121.7857861,41.75
國5,M,42600,042K+600,24.72224812,121.7860767,42.2
國5,M,42700,042K+700,24.72138522,121.7863672,42.65
國5,M,42800,042K+800,24.72052232,121.7866578,43.09
國5,M,42900,042K+900,24.71965942,121.7869484,43.54
國5,M,43000,043K+000,24.71879652,121.7872389,43.99
國5,M,43100,043K+100,24.71793327,121.7875282,44.47
國5,M,43200,043K+200,24.71706764,121.7878088,45.24
國5,M,43300,043K+300,24.71620201,121.7880894,46.0
國5,M,43400,043K+400,24.71533529,121.7883658,46.58
國5,M,43500,043K+500,24.71446546,121.7886305,46.63
國5,M,43600,043K+600,24.71359389,121.7888881,46.29
國5,M,43700,043K+700,24.7127195,121.789134,45.66
國5,M,43800,043K+800,24.71184223,121.7893671,44.68
國5,M,43900,043K+900,24.71096179,121.7895853,43.5
國5,M,44000,044K+000,24.71007806,121.7897869,42.32
國5,M,44100,044K+100,24.70919144,121.7899727,41.2
國5,M,44200,044K+200,24.70830185,121.7901408,40.27
國5,M,44300,044K+300,24.70740932,121.7902891,39.52
國5,M,44400,044K+400,24.7065147,121.7904216,38.93
國5,M,44500,044K+500,24.70561795,121.7905353,38.53
國5,M,44600,044K+600,24.70471942,121.7906311,38.23
國5,M,44700,044K+700,24.7038196,121.790711,37.95
國5,M,44800,044K+800,24.70291865,121.7907738,37.66
國5,M,44900,044K+900,24.7020166,121.7908134,37.35
國5,M,45000,045K+000,24.70111433,121.7908463,37.04
國5,M,45100,045K+100,24.70021166,121.7908629,36.82
國5,M,45200,045K+200,24.69930891,121.7908718,36.72
國5,M,45300,045K+300,24.69840611,121.7908744,36.7
國5,M,45400,045K+400,24.69750332,121.7908716,36.98
國5,M,45500,045K+500,24.69660052,121.7908683,37.28
國5,M,45600,045K+600,24.69569773,121.7908651,37.58
國5,M,45700,045K+700,24.69479494,121.7908666,37.89
國5,M,45800,045K+800,24.6938922,121.7908758,38.21
國5,M,45900,045K+900,24.69298975,121.7909034,38.37
國5,M,46000,046K+000,24.69208794,121.7909474,38.45
國5,M,46100,046K+100,24.691187,121.7910101,38.45
國5,M,46200,046K+200,24.69028792,121.7910993,38.28
國5,M,46300,046K+300,24.68939098,121.7912113,37.99
國5,M,46400,046K+400,24.68849686,121.7913477,37.7
國5,M,46500,046K+500,24.68760617,121.7915088,37.4
國5,M,46600,046K+600,24.68671859,121.7916893,37.09
國5,M,46700,046K+700,24.68583519,121.7918929,36.8
國5,M,46800,046K+800,24.6849545,121.7921102,36.52
國5,M,46900,046K+900,24.68407654,121.7923404,36.23
國5,M,47000,047K+000,24.68319997,121.7925768,36.11
國5,M,47100,047K+100,24.68232409,121.7928163,36.15
國5,M,47200,047K+200,24.68144821,121.7930558,36.19
國5,M,47300,047K+300,24.68057233,121.7932953,36.23
國5,M,47400,047K+400,24.67969645,121.7935348,36.27
國5,M,47500,047K+500,24.67882057,121.7937743,36.32
國5,M,47600,047K+600,24.67794469,121.7940139,36.36
國5,M,47700,047K+700,24.67706881,121.7942534,36.4
國5,M,47800,047K+800,24.67619293,121.7944929,36.44
國5,M,47900,047K+900,24.67531705,121.7947324,36.48
國5,M,48000,048K+000,24.67444117,121.7949718,36.52
國5,M,48100,048K+100,24.67356529,121.7952113,36.57
國5,M,48200,048K+200,24.67268941,121.7954508,36.61
國5,M,48300,048K+300,24.67181353,121.7956903,36.65
國5,M,48400,048K+400,24.67093875,121.7959345,36.58
國5,M,48500,048K+500,24.67006772,121.7961942,36.3
國5,M,48600,048K+600,24.66920338,121.7964792,36.09
國5,M,48700,048K+700,24.66834832,121.7967958,35.96
國5,M,48800,048K+800,24.66750537,121.7971494,35.95
國5,M,48900,048K+900,24.66667621,121.7975402,36.15
國5,M,49000,049K+000,24.66586241,121.7979679,36.47
國5,M,49100,049K+100,24.66506335,121.7984275,36.91
國5,M,49200,049K+200,24.66428164,121.7989216,38.02
國5,M,49300,049K+300,24.66351138,121.7994365,39.73
國5,M,49400,049K+400,24.66274865,121.7999646,41.94
國5,M,49500,049K+500,24.66198848,121.800497,44.44
國5,M,49600,049K+600,24.6612283,121.8010293,46.95
國5,M,49700,049K+700,24.66046053,121.8015489,48.33
國5,M,49800,049K+800,24.65968205,121.802049,48.79
國5,M,49900,049K+900,24.6588872,121.8025173,48.87
國5,M,50000,050K+000,24.65807533,121.8029489,48.16
國5,M,50100,050K+100,24.65724477,121.8033355,46.62
國5,M,50200,050K+200,24.65639787,121.8036766,44.33
國5,M,50300,050K+300,24.65553646,121.8039706,41.64
國5,M,50400,050K+400,24.65466218,121.8042155,39.46
國5,M,50500,050K+500,24.65377802,121.804414,37.9
國5,M,50600,050K+600,24.65288578,121.8045635,37.01
國5,M,50700,050K+700,24.65198801,121.8046664,36.62
國5,M,50800,050K+800,24.65108658,121.8047194,36.27
國5,M,50900,050K+900,24.65018407,121.8047384,35.92
國5,M,51000,051K+000,24.64928134,121.8047317,35.57
國5,M,51100,051K+100,24.64837879,121.8047091,35.33
國5,M,51200,051K+200,24.64747632,121.8046824,35.16
國5,M,51300,051K+300,24.64657384,121.8046557,34.98
國5,M,51400,051K+400,24.6456712,121.8046371,35.11
國5,M,51500,051K+500,24.64476842,121.8046358,35.39
國5,M,51600,051K+600,24.64386587,121.8046571,35.67
國5,M,51700,051K+700,24.64296411,121.8047041,35.98
國5,M,51800,051K+800,24.64206404,121.8047804,36.27
國5,M,51900,051K+900,24.64116669,121.8048884,36.57
國5,M,52000,052K+000,24.64027215,121.805021,36.87
國5,M,52100,052K+100,24.63938108,121.8051792,37.17
國5,M,52200,052K+200,24.63849449,121.8053653,37.48
國5,M,52300,052K+300,24.63761207,121.8055738,37.78
國5,M,52400,052K+400,24.63673284,121.805798,38.06
國5,M,52500,052K+500,24.63585447,121.8060262,38.33
國5,M,52600,052K+600,24.63497665,121.806257,38.64
國5,M,52700,052K+700,24.63409924,121.8064896,38.98
國5,M,52800,052K+800,24.63322183,121.8067222,39.32
國5,M,52900,052K+900,24.63234475,121.8069562,39.7
國5,M,53000,053K+000,24.63146817,121.8071926,40.14
國5,M,53100,053K+100,24.63059359,121.8074375,40.62
國5,M,53200,053K+200,24.6297214,121.8076924,41.16
國5,M,53300,053K+300,24.62885336,121.8079637,41.77
國5,M,53400,053K+400,24.62799197,121.8082593,42.41
國5,M,53500,053K+500,24.62713538,121.808571,43.02
國5,M,53600,053K+600,24.62628732,121.8089094,43.63
國5,M,53700,053K+700,24.62544737,121.8092713,44.22
國5,M,53729,053K+729,24.62520464,121.8093787,44.39
國6,M,0,000K+000,24.02557643,120.6720775,102.87
國6,M,100,000K+100,24.02515119,120.6729446,104.31
國6,M,200,000K+200,24.02472594,120.6738117,105.75
國6,M,300,000K+300,24.02430068,120.6746788,107.19
國6,M,400,000K+400,24.02387542,120.6755459,108.63
國6,M,500,000K+500,24.02345015,120.6764129,110.07
國6,M,600,000K+600,24.02302488,120.67728,111.5
國6,M,700,000K+700,24.0225996,120.6781471,112.94
國6,M,800,000K+800,24.02217432,120.6790141,114.38
國6,M,900,000K+900,24.02174904,120.6798812,115.82
國6,M,1000,001K+000,24.02132374,120.6807482,117.26
國6,M,1100,001K+100,24.02089845,120.6816153,118.7
國6,M,1200,001K+200,24.02046988,120.6824803,120.26
國6,M,1300,001K+300,24.02002985,120.6833385,122.05
國6,M,1400,001K+400,24.01956023,120.6841778,123.6
國6,M,1500,001K+500,24.01905943,120.6849956,124.87
國6,M,1600,001K+600,24.0185193,120.6857831,125.92
國6,M,1700,001K+700,24.01794894,120.6865451,126.73
國6,M,1800,001K+800,24.01736075,120.6872909,127.23
國6,M,1900,001K+900,24.01677255,120.6880367,127.72
國6,M,2000,002K+000,24.01618855,120.6887863,128.19
國6,M,2100,002K+100,24.0156305,120.689559,128.6
國6,M,2200,002K+200,24.01511152,120.6903631,129.01
國6,M,2300,002K+300,24.01463205,120.6911958,129.45
國6,M,2400,002K+400,24.0141998,120.6920586,129.86
國6,M,2500,002K+500,24.01380842,120.6929443,130.29
國6,M,2600,002K+600,24.01346314,120.6938524,130.68
國6,M,2700,002K+700,24.01316345,120.6947795,131.24
國6,M,2800,002K+800,24.01289276,120.6957172,131.62
國6,M,2900,002K+900,24.01262733,120.6966567,131.97
國6,M,3000,003K+000,24.01235871,120.6975952,132.33
國6,M,3100,003K+100,24.01206827,120.6985258,132.77
國6,M,3200,003K+200,24.0117383,120.6994406,133.37
國6,M,3300,003K+300,24.01136966,120.7003377,134.19
國6,M,3400,003K+400,24.01096263,120.7012149,135.33
國6,M,3500,003K+500,24.01051643,120.7020693,136.78
國6,M,3600,003K+600,24.01005184,120.7029119,138.5
國6,M,3700,003K+700,24.009582,120.7037511,140.32
國6,M,3800,003K+800,24.00911215,120.7045903,142.12
國6,M,3900,003K+900,24.00865558,120.7054381,143.74
國6,M,4000,004K+000,24.00822669,120.7063029,145.16
國6,M,4100,004K+100,24.00782895,120.707185,146.28
國6,M,4200,004K+200,24.00747923,120.708091,147.15
國6,M,4300,004K+300,24.0071787,120.7090177,147.88
國6,M,4400,004K+400,24.00692101,120.7099595,148.43
國6,M,4500,004K+500,24.00672131,120.7109179,148.68
國6,M,4600,004K+600,24.00656588,120.711886,148.75
國6,M,4700,004K+700,24.00646458,120.7128624,148.57
國6,M,4800,004K+800,24.00641161,120.7138435,148.19
國6,M,4900,004K+900,24.00641469,120.7148263,147.69
國6,M,5000,005K+000,24.00645364,120.7158082,147.24
國6,M,5100,005K+100,24.00652666,120.7167878,146.77
國6,M,5200,005K+200,24.00661863,120.7177656,146.28
國6,M,5300,005K+300,24.00671382,120.718743,145.78
國6,M,5400,005K+400,24.0068036,120.719721,145.34
國6,M,5500,005K+500,24.00686497,120.7207015,145.12
國6,M,5600,005K+600,24.00687602,120.7216842,145.21
國6,M,5700,005K+700,24.00684075,120.7226661,145.54
國6,M,5800,005K+800,24.00675437,120.7236444,146.2
國6,M,5900,005K+900,24.00661628,120.7246155,147.12
國6,M,6000,006K+000,24.00642904,120.7255769,148.36
國6,M,6100,006K+100,24.00619295,120.7265254,149.88
國6,M,6200,006K+200,24.00592173,120.7274627,151.45
國6,M,6300,006K+300,24.00563444,120.7283944,153.01
國6,M,6400,006K+400,24.0053303,120.7293197,154.54
國6,M,6500,006K+500,24.00501398,120.7302403,155.95
國6,M,6600,006K+600,24.00468127,120.7311539,157.14
國6,M,6700,006K+700,24.00433354,120.7320609,158.15
國6,M,6800,006K+800,24.00397412,120.7329625,159.04
國6,M,6900,006K+900,24.00360555,120.7338597,159.85
國6,M,7000,007K+000,24.00321529,120.7347461,160.47
國6,M,7100,007K+100,24.00281191,120.7356253,161.0
國6,M,7200,007K+200,24.00237654,120.7364861,161.61
國6,M,7300,007K+300,24.00188859,120.7373128,162.51
國6,M,7400,007K+400,24.00135491,120.7381053,163.77
國6,M,7500,007K+500,24.00077449,120.7388578,165.35
國6,M,7600,007K+600,24.00015517,120.7395726,167.25
國6,M,7700,007K+700,23.99951888,120.7402697,169.24
國6,M,7800,007K+800,23.99888428,120.7409686,171.25
國6,M,7900,007K+900,23.99827421,120.7416926,173.26
國6,M,8000,008K+000,23.99771062,120.7424598,175.26
國6,M,8100,008K+100,23.99720872,120.7432762,177.02
國6,M,8200,008K+200,23.99676893,120.7441341,178.45
國6,M,8300,008K+300,23.9963961,120.7450289,179.56
國6,M,8400,008K+400,23.9960535,120.7459381,180.4
國6,M,8500,008K+500,23.99571878,120.7468509,181.1
國6,M,8600,008K+600,23.99537906,120.7477614,181.8
國6,M,8700,008K+700,23.99500348,120.748655,182.46
國6,M,8800,008K+800,23.99456623,120.7495144,183.16
國6,M,8900,008K+900,23.99406822,120.7503337,183.84
國6,M,9000,009K+000,23.99351043,120.7511062,184.55
國6,M,9100,009K+100,23.99289119,120.7518209,185.25
國6,M,9200,009K+200,23.99222246,120.7524804,185.89
國6,M,9300,009K+300,23.99150845,120.7530816,186.58
國6,M,9400,009K+400,23.99076419,120.7536379,187.23
國6,M,9500,009K+500,23.99000938,120.7541772,187.93
國6,M,9600,009K+600,23.98925456,120.7547165,188.63
國6,M,9700,009K+700,23.98850684,120.7552674,189.3
國6,M,9800,009K+800,23.98777813,120.7558476,189.98
國6,M,9900,009K+900,23.98708012,120.7564708,190.69
國6,M,10000,010K+000,23.98642097,120.757142,191.87
國6,M,10100,010K+100,23.98580958,120.7578649,193.24
國6,M,10200,010K+200,23.98524732,120.7586334,194.63
國6,M,10300,010K+300,23.98473632,120.7594432,196.0
國6,M,10400,010K+400,23.98427864,120.7602899,197.4
國6,M,10500,010K+500,23.98387884,120.7611707,198.77
國6,M,10600,010K+600,23.98353319,120.7620783,200.17
國6,M,10700,010K+700,23.98322508,120.7630018,201.56
國6,M,10800,010K+800,23.98295624,120.7639398,202.95
國6,M,10900,010K+900,23.98272577,120.7648897,204.34
國6,M,11000,011K+000,23.98253289,120.7658496,205.72
國6,M,11100,011K+100,23.98237805,120.7668175,207.1
國6,M,11200,011K+200,23.98226351,120.7677922,208.49
國6,M,11300,011K+300,23.98218907,120.7687713,209.87
國6,M,11400,011K+400,23.98216625,120.7697534,211.25
國6,M,11500,011K+500,23.98220901,120.7707346,212.63
國6,M,11600,011K+600,23.98231871,120.7717097,213.99
國6,M,11700,011K+700,23.98249214,120.7726737,215.4
國6,M,11800,011K+800,23.98273311,120.7736205,216.76
國6,M,11900,011K+900,23.98303745,120.7745454,218.13
國6,M,12000,012K+000,23.983402,120.7754442,219.06
國6,M,12100,012K+100,23.9838292,120.7763097,219.42
國6,M,12200,012K+200,23.98432253,120.7771323,219.32
國6,M,12300,012K+300,23.98488904,120.7778969,219.28
國6,M,12400,012K+400,23.98552043,120.778599,219.18
國6,M,12500,012K+500,23.9861873,120.7792616,219.12
國6,M,12600,012K+600,23.98684699,120.7799325,219.06
國6,M,12700,012K+700,23.98743811,120.7806741,218.91
國6,M,12800,012K+800,23.98792736,120.7814988,218.97
國6,M,12900,012K+900,23.98830384,120.782391,218.93
國6,M,13000,013K+000,23.98856164,120.783332,218.65
國6,M,13100,013K+100,23.98868928,120.784304,218.71
國6,M,13200,013K+200,23.98868961,120.7852855,218.59
國6,M,13300,013K+300,23.98856711,120.7862583,218.6
國6,M,13400,013K+400,23.988312,120.7872001,218.39
國6,M,13500,013K+500,23.98797061,120.7881096,218.38
國6,M,13600,013K+600,23.9876078,120.7890096,218.32
國6,M,13700,013K+700,23.98728388,120.7899263,218.07
國6,M,13800,013K+800,23.98707087,120.7908804,218.12
國6,M,13900,013K+900,23.98698847,120.7918581,218.05
國6,M,14000,014K+000,23.98703273,120.7928387,218.18
國6,M,14100,014K+100,23.98720743,120.7938015,219.18
國6,M,14200,014K+200,23.98747189,120.7947407,221.2
國6,M,14300,014K+300,23.98777109,120.7956674,224.0
國6,M,14400,014K+400,23.98811474,120.7965756,227.16
國6,M,14500,014K+500,23.98849248,120.7974676,230.35
國6,M,14600,014K+600,23.98892648,120.7983281,233.54
國6,M,14700,014K+700,23.98946411,120.7991151,236.68
國6,M,14800,014K+800,23.99011911,120.7997891,240.0
國6,M,14900,014K+900,23.9908661,120.8003385,242.94
國6,M,15000,015K+000,23.99168688,120.8007446,246.23
國6,M,15100,015K+100,23.99255741,120.8009992,249.25
國6,M,15200,015K+200,23.9934549,120.8010906,252.36
國6,M,15300,015K+300,23.9943573,120.801107,255.41
國6,M,15400,015K+400,23.99525699,120.8011744,258.61
國6,M,15500,015K+500,23.99613405,120.8014001,261.79
國6,M,15600,015K+600,23.99696518,120.8017799,264.91
國6,M,15700,015K+700,23.99772664,120.8023049,268.06
國6,M,15800,015K+800,23.99839889,120.8029583,271.14
國6,M,15900,015K+900,23.99899271,120.803698,274.07
國6,M,16000,016K+000,23.9995703,120.8044531,276.63
國6,M,16100,016K+100,24.00014169,120.8052137,279.04
國6,M,16200,016K+200,24.00070288,120.8059834,281.22
國6,M,16300,016K+300,24.00125048,120.8067647,283.07
國6,M,16400,016K+400,24.00179147,120.8075514,284.74
國6,M,16500,016K+500,24.00232157,120.808347,286.11
國6,M,16600,016K+600,24.00283791,120.8091532,287.26
國6,M,16700,016K+700,24.00334202,120.8099684,288.26
國6,M,16800,016K+800,24.00379152,120.8108206,288.77
國6,M,16900,016K+900,24.00417787,120.8117087,289.14
國6,M,17000,017K+000,24.0045023,120.8126257,289.22
國6,M,17100,017K+100,24.00476384,120.8135663,289.09
國6,M,17200,017K+200,24.00495938,120.8145256,288.58
國6,M,17300,017K+300,24.00508773,120.8154982,287.98
國6,M,17400,017K+400,24.00515156,120.8164784,287.22
國6,M,17500,017K+500,24.00514739,120.8174609,286.82
國6,M,17600,017K+600,24.00507483,120.8184404,287.64
國6,M,17700,017K+700,24.00493896,120.8194116,289.41
國6,M,17800,017K+800,24.00475171,120.8203728,291.45
國6,M,17900,017K+900,24.00453955,120.821328,293.47
國6,M,18000,018K+000,24.00432888,120.8222836,295.49
國6,M,18100,018K+100,24.00413418,120.8232431,297.53
國6,M,18200,018K+200,24.00397568,120.8242104,299.54
國6,M,18300,018K+300,24.00385978,120.8251849,301.58
國6,M,18400,018K+400,24.00378293,120.8261638,303.6
國6,M,18500,018K+500,24.00374267,120.8271454,305.63
國6,M,18600,018K+600,24.00372487,120.8281279,307.66
國6,M,18700,018K+700,24.00371152,120.8291105,309.66
國6,M,18800,018K+800,24.00369817,120.8300931,311.67
國6,M,18900,018K+900,24.00366362,120.8310751,313.69
國6,M,19000,019K+000,24.00360353,120.8320555,315.69
國6,M,19100,019K+100,24.00350996,120.8330328,317.69
國6,M,19200,019K+200,24.0033825,120.8340056,319.59
國6,M,19300,019K+300,24.00322011,120.8349722,321.39
國6,M,19400,019K+400,24.00302063,120.8359306,323.18
國6,M,19500,019K+500,24.00278535,120.8368793,324.95
國6,M,19600,019K+600,24.00251617,120.8378172,326.71
國6,M,19700,019K+700,24.00221226,120.8387425,328.51
國6,M,19800,019K+800,24.00187661,120.8396547,330.28
國6,M,19900,019K+900,24.00150695,120.8405512,332.03
國6,M,20000,020K+000,24.00111752,120.8414377,333.8
國6,M,20100,020K+100,24.00070862,120.8423138,335.57
國6,M,20200,020K+200,24.00027823,120.8431777,337.29
國6,M,20300,020K+300,23.99983418,120.8440333,338.8
國6,M,20400,020K+400,23.99938251,120.8448842,340.2
國6,M,20500,020K+500,23.99891252,120.8457234,341.43
國6,M,20600,020K+600,23.99842903,120.8465533,342.67
國6,M,20700,020K+700,23.99793816,120.8473781,343.92
國6,M,20800,020K+800,23.99743102,120.8481913,345.15
國6,M,20900,020K+900,23.99690708,120.8489916,346.39
國6,M,21000,021K+000,23.99636435,120.8497768,347.55
國6,M,21100,021K+100,23.9957991,120.850543,348.42
國6,M,21200,021K+200,23.99520008,120.8512783,348.95
國6,M,21300,021K+300,23.99456709,120.851979,349.46
國6,M,21400,021K+400,23.99390745,120.8526499,349.98
國6,M,21500,021K+500,23.99321672,120.8532827,350.48
國6,M,21600,021K+600,23.99249638,120.8538752,350.99
國6,M,21700,021K+700,23.99175283,120.8544326,351.49
國6,M,21800,021K+800,23.99099474,120.8549664,351.99
國6,M,21900,021K+900,23.99022887,120.855487,352.5
國6,M,22000,022K+000,23.98946252,120.8560067,353.02
國6,M,22100,022K+100,23.98870258,120.8565374,353.43
國6,M,22200,022K+200,23.98796257,120.8571001,354.01
國6,M,22300,022K+300,23.98725589,120.8577115,354.44
國6,M,22400,022K+400,23.98658579,120.8583699,354.98
國6,M,22500,022K+500,23.98595663,120.8590746,355.55
國6,M,22600,022K+600,23.98537013,120.8598216,356.21
國6,M,22700,022K+700,23.98481509,120.8605965,357.64
國6,M,22800,022K+800,23.98427144,120.861381,359.4
國6,M,22900,022K+900,23.98372199,120.8621607,361.25
國6,M,23000,023K+000,23.98314507,120.8629161,363.0
國6,M,23100,023K+100,23.98252303,120.8636279,364.82
國6,M,23200,023K+200,23.98186034,120.8642946,366.68
國6,M,23300,023K+300,23.9811706,120.8649286,368.41
國6,M,23400,023K+400,23.98047485,120.8655547,370.22
國6,M,23500,023K+500,23.97979409,120.8661999,372.08
國6,M,23600,023K+600,23.97915628,120.8668948,373.71
國6,M,23700,023K+700,23.97856879,120.8676403,375.19
國6,M,23800,023K+800,23.97804833,120.8684426,376.54
國6,M,23900,023K+900,23.97759004,120.8692886,377.96
國6,M,24000,024K+000,23.97720948,120.8701792,379.43
國6,M,24100,024K+100,23.97690851,120.8711051,380.86
國6,M,24200,024K+200,23.97669561,120.8720594,382.28
國6,M,24300,024K+300,23.97657049,120.8730321,383.71
國6,M,24400,024K+400,23.97653657,120.8740136,385.11
國6,M,24500,024K+500,23.97659561,120.8749936,386.54
國6,M,24600,024K+600,23.97674315,120.8759622,387.96
國6,M,24700,024K+700,23.97697083,120.8769126,389.37
國6,M,24800,024K+800,23.977284,120.8778337,390.76
國6,M,24900,024K+900,23.97767048,120.8787214,392.16
國6,M,25000,025K+000,23.97809834,120.8795867,393.55
國6,M,25100,025K+100,23.97853798,120.8804449,394.97
國6,M,25200,025K+200,23.97897845,120.8813027,396.39
國6,M,25300,025K+300,23.97941891,120.8821605,397.81
國6,M,25400,025K+400,23.97985482,120.883021,399.26
國6,M,25500,025K+500,23.98026875,120.8838941,400.57
國6,M,25600,025K+600,23.98062583,120.8847963,402.11
國6,M,25700,025K+700,23.98090853,120.8857292,403.52
國6,M,25800,025K+800,23.98111293,120.886686,404.93
國6,M,25900,025K+900,23.9812367,120.887659,406.39
國6,M,26000,026K+000,23.98128129,120.88864,407.75
國6,M,26100,026K+100,23.98123689,120.8896212,408.5
國6,M,26200,026K+200,23.98111922,120.890595,408.98
國6,M,26300,026K+300,23.9809248,120.8915544,409.56
國6,M,26400,026K+400,23.9806908,120.8925036,410.06
國6,M,26500,026K+500,23.9804568,120.8934527,410.57
國6,M,26600,026K+600,23.98022278,120.8944019,411.08
國6,M,26700,026K+700,23.97999839,120.8953537,411.55
國6,M,26800,026K+800,23.97978667,120.896309,412.04
國6,M,26900,026K+900,23.97959515,120.8972693,412.55
國6,M,27000,027K+000,23.97942046,120.8982334,413.07
國6,M,27100,027K+100,23.97926983,120.8992022,414.15
國6,M,27200,027K+200,23.97913888,120.9001744,415.51
國6,M,27300,027K+300,23.97902264,120.9011489,416.88
國6,M,27400,027K+400,23.9788915,120.902121,418.24
國6,M,27500,027K+500,23.97873998,120.9030897,419.62
國6,M,27600,027K+600,23.97858844,120.9040584,421.0
國6,M,27700,027K+700,23.97845866,120.9050308,422.4
國6,M,27800,027K+800,23.97836049,120.9060074,423.78
國6,M,27900,027K+900,23.97829228,120.9069872,425.16
國6,M,28000,028K+000,23.9782564,120.9079689,426.57
國6,M,28100,028K+100,23.97825417,120.9089515,427.95
國6,M,28200,028K+200,23.97828248,120.9099336,429.32
國6,M,28300,028K+300,23.97834573,120.9109137,430.69
國6,M,28400,028K+400,23.9784322,120.9118917,432.06
國6,M,28500,028K+500,23.97855553,120.912865,433.43
國6,M,28600,028K+600,23.97869188,120.9138364,434.8
國6,M,28700,028K+700,23.97882805,120.9148078,436.18
國6,M,28800,028K+800,23.97895139,120.9157812,437.3
國6,M,28900,028K+900,23.9790672,120.9167558,437.78
國6,M,29000,029K+000,23.97920419,120.9177271,437.46
國6,M,29100,029K+100,23.97935303,120.9186963,436.64
國6,M,29200,029K+200,23.97951905,120.9196621,435.11
國6,M,29300,029K+300,23.97970342,120.9206238,432.7
國6,M,29400,029K+400,23.97990531,120.9215812,429.87
國6,M,29500,029K+500,23.98012591,120.9225338,427.2
國6,M,29600,029K+600,23.98035991,120.9234827,425.14
國6,M,29700,029K+700,23.98061385,120.9244256,424.22
國6,M,29800,029K+800,23.98087695,120.9253657,423.8
國6,M,29900,029K+900,23.9811569,120.9263,424.52
國6,M,30000,030K+000,23.98145512,120.9272274,426.16
國6,M,30100,030K+100,23.98176639,120.9281496,428.59
國6,M,30200,030K+200,23.98209663,120.9290637,431.47
國6,M,30300,030K+300,23.9824523,120.9299665,434.41
國6,M,30400,030K+400,23.98284796,120.9308493,437.25
國6,M,30500,030K+500,23.98328294,120.93171,439.56
國6,M,30600,030K+600,23.98377192,120.9325357,441.2
國6,M,30700,030K+700,23.98430539,120.9333282,442.46
國6,M,30800,030K+800,23.98488858,120.9340782,443.66
國6,M,30900,030K+900,23.98548952,120.9348116,444.87
國6,M,31000,031K+000,23.98609046,120.935545,446.08
國6,M,31100,031K+100,23.9866766,120.9362924,447.3
國6,M,31200,031K+200,23.98722917,120.9370694,448.51
國6,M,31300,031K+300,23.98774524,120.9378756,449.71
國6,M,31400,031K+400,23.98822214,120.9387099,450.92
國6,M,31500,031K+500,23.98866188,120.9395681,452.11
國6,M,31600,031K+600,23.98907354,120.9404427,453.3
國6,M,31700,031K+700,23.98945431,120.9413336,454.49
國6,M,31800,031K+800,23.98981136,120.9422362,455.67
國6,M,31900,031K+900,23.9901298,120.9431557,456.88
國6,M,32000,032K+000,23.99042023,120.9440861,458.07
國6,M,32100,032K+100,23.990671,120.94503,459.26
國6,M,32200,032K+200,23.99089072,120.9459831,460.45
國6,M,32300,032K+300,23.99106985,120.9469463,461.63
國6,M,32400,032K+400,23.99121188,120.9479168,462.82
國6,M,32500,032K+500,23.99131648,120.9488928,464.01
國6,M,32600,032K+600,23.99138439,120.9498727,465.2
國6,M,32700,032K+700,23.99141807,120.9508546,466.39
國6,M,32800,032K+800,23.99143057,120.9518373,467.56
國6,M,32900,032K+900,23.99143772,120.95282,468.72
國6,M,33000,033K+000,23.99145255,120.9538026,469.94
國6,M,33100,033K+100,23.99150738,120.9547834,471.14
國6,M,33200,033K+200,23.99161469,120.955759,472.34
國6,M,33300,033K+300,23.99177755,120.9567255,473.55
國6,M,33400,033K+400,23.9919733,120.9576848,474.76
國6,M,33500,033K+500,23.99217652,120.9586423,476.0
國6,M,33600,033K+600,23.99235881,120.9596048,476.87
國6,M,33700,033K+700,23.99247984,120.9605782,477.22
國6,M,33800,033K+800,23.99251285,120.9615599,476.97
國6,M,33900,033K+900,23.99245597,120.9625403,476.76
國6,M,34000,034K+000,23.99230697,120.9635091,476.42
國6,M,34100,034K+100,23.99207255,120.9644575,476.22
國6,M,34200,034K+200,23.99175162,120.9653756,476.76
國6,M,34300,034K+300,23.99135045,120.9662555,478.31
國6,M,34400,034K+400,23.99088186,120.9670952,480.56
國6,M,34500,034K+500,23.99038948,120.9679186,482.88
國6,M,34600,034K+600,23.98989395,120.9687399,485.2
國6,M,34700,034K+700,23.98940687,120.9695671,487.52
國6,M,34800,034K+800,23.98895074,120.9704148,489.8
國6,M,34900,034K+900,23.988532,120.9712851,492.1
國6,M,35000,035K+000,23.98815732,120.9721789,494.35
國6,M,35100,035K+100,23.98782692,120.9730932,496.02
國6,M,35200,035K+200,23.98753967,120.9740247,497.11
國6,M,35300,035K+300,23.98728994,120.9749691,497.72
國6,M,35400,035K+400,23.98706127,120.9759198,498.27
國6,M,35500,035K+500,23.98683259,120.9768706,498.82
國6,M,35600,035K+600,23.98659256,120.9778179,499.82
國6,M,35700,035K+700,23.98631522,120.9787528,501.49
國6,M,35800,035K+800,23.98598877,120.9796687,503.25
國6,M,35900,035K+900,23.98561814,120.9805645,505.05
國6,M,36000,036K+000,23.9852091,120.9814403,506.88
國6,M,36100,036K+100,23.98478269,120.9823064,508.67
國6,M,36200,036K+200,23.98435763,120.9831733,510.45
國6,M,36300,036K+300,23.98395594,120.9840532,512.01
國6,M,36400,036K+400,23.98359706,120.9849548,513.0
國6,M,36500,036K+500,23.98328583,120.9858771,513.44
國6,M,36600,036K+600,23.98299684,120.9868082,513.47
國6,M,36700,036K+700,23.98272886,120.9877466,513.2
國6,M,36800,036K+800,23.98247399,120.9886893,512.98
國6,M,36900,036K+900,23.98233353,120.9896564,513.74
國6,M,37000,037K+000,23.98245018,120.9906286,515.84
國6,M,37100,037K+100,23.98251926,120.9916005,518.14
國6,M,37200,037K+200,23.98207433,120.9924252,520.35
國6,M,37300,037K+300,23.98120054,120.9925577,521.99
國6,M,37400,037K+400,23.98030084,120.9924759,520.27
國6,M,37500,037K+500,23.97940095,120.9924,518.17
國6,M,37558,037K+558,23.97887809,120.9924123,516.47
國8,M,0,000K+000,23.08046593,120.1954306,27.58
國8,M,100,000K+100,23.08121092,120.195982,27.61
國8,M,200,000K+200,23.08193893,120.1965592,27.65
國8,M,300,000K+300,23.08264953,120.1971613,27.64
國8,M,400,000K+400,23.08334199,120.1977876,27.64
國8,M,500,000K+500,23.08401396,120.1984394,27.65
國8,M,600,000K+600,23.08466274,120.1991181,27.63
國8,M,700,000K+700,23.08527862,120.1998318,27.62
國8,M,800,000K+800,23.08586473,120.2005741,27.62
國8,M,900,000K+900,23.08641547,120.2013473,27.57
國8,M,1000,001K+000,23.08692911,120.2021499,27.58
國8,M,1100,001K+100,23.08740426,120.2029796,27.63
國8,M,1200,001K+200,23.0878458,120.2038309,27.47
國8,M,1300,001K+300,23.08824069,120.2047085,27.03
國8,M,1400,001K+400,23.08859647,120.2056054,27.28
國8,M,1500,001K+500,23.08891135,120.2065199,28.62
國8,M,1600,001K+600,23.08918104,120.207451,30.71
國8,M,1700,001K+700,23.08941044,120.2083946,33.18
國8,M,1800,001K+800,23.08959592,120.2093496,35.05
國8,M,1900,001K+900,23.08973312,120.2103141,36.11
國8,M,2000,002K+000,23.08982802,120.2112845,36.5
國8,M,2100,002K+100,23.08988204,120.2122587,36.28
國8,M,2200,002K+200,23.0898829,120.2132346,35.98
國8,M,2300,002K+300,23.0898458,120.2142096,35.69
國8,M,2400,002K+400,23.08976092,120.2151812,35.38
國8,M,2500,002K+500,23.08962922,120.2161466,35.05
國8,M,2600,002K+600,23.08945292,120.2171037,34.75
國8,M,2700,002K+700,23.08923734,120.2180514,34.5
國8,M,2800,002K+800,23.08897541,120.2189854,34.58
國8,M,2900,002K+900,23.08867112,120.2199042,34.92
國8,M,3000,003K+000,23.08832169,120.220804,35.25
國8,M,3100,003K+100,23.08793289,120.2216848,35.59
國8,M,3200,003K+200,23.08750711,120.2225454,35.96
國8,M,3300,003K+300,23.08704599,120.2233845,36.22
國8,M,3400,003K+400,23.08656104,120.2242078,36.17
國8,M,3500,003K+500,23.08605861,120.2250187,35.69
國8,M,3600,003K+600,23.08554781,120.2258235,34.71
國8,M,3700,003K+700,23.08503701,120.2266283,33.73
國8,M,3800,003K+800,23.08453266,120.2274378,32.12
國8,M,3900,003K+900,23.08403653,120.228253,30.32
國8,M,4000,004K+000,23.08356439,120.2290847,28.55
國8,M,4100,004K+100,23.08311839,120.2299333,27.39
國8,M,4200,004K+200,23.08269843,120.2307972,26.95
國8,M,4300,004K+300,23.08230305,120.2316746,27.13
國8,M,4400,004K+400,23.08193443,120.2325655,27.89
國8,M,4500,004K+500,23.08159683,120.2334707,28.4
國8,M,4600,004K+600,23.08128621,120.234387,28.62
國8,M,4700,004K+700,23.08100454,120.2353142,28.61
國8,M,4800,004K+800,23.08075302,120.2362516,28.28
國8,M,4900,004K+900,23.08052563,120.237196,27.95
國8,M,5000,005K+000,23.08033228,120.2381493,27.7
國8,M,5100,005K+100,23.08016642,120.2391086,27.62
國8,M,5200,005K+200,23.08003042,120.2400734,27.73
國8,M,5300,005K+300,23.07991925,120.2410419,28.01
國8,M,5400,005K+400,23.07983058,120.2420132,28.51
國8,M,5500,005K+500,23.07975995,120.2429861,29.21
國8,M,5600,005K+600,23.07970046,120.2439599,30.06
國8,M,5700,005K+700,23.07965239,120.2449345,31.11
國8,M,5800,005K+800,23.07960921,120.2459093,32.3
國8,M,5900,005K+900,23.07956603,120.2468841,33.49
國8,M,6000,006K+000,23.07952284,120.2478589,34.68
國8,M,6100,006K+100,23.07947399,120.2488334,35.86
國8,M,6200,006K+200,23.07941376,120.2498071,36.98
國8,M,6300,006K+300,23.07933823,120.2507796,37.89
國8,M,6400,006K+400,23.07924704,120.2517505,38.54
國8,M,6500,006K+500,23.07913291,120.2527186,38.96
國8,M,6600,006K+600,23.07899437,120.253683,39.16
國8,M,6700,006K+700,23.07882376,120.2546414,39.05
國8,M,6800,006K+800,23.07862457,120.2555933,38.7
國8,M,6900,006K+900,23.07839651,120.2565376,38.28
國8,M,7000,007K+000,23.07813843,120.2574728,37.88
國8,M,7100,007K+100,23.07785112,120.2583979,37.45
國8,M,7200,007K+200,23.0775376,120.2593131,37.02
國8,M,7300,007K+300,23.07719472,120.2602158,36.59
國8,M,7400,007K+400,23.07682385,120.2611056,36.17
國8,M,7500,007K+500,23.07642856,120.2619829,35.86
國8,M,7600,007K+600,23.07600322,120.2628437,35.73
國8,M,7700,007K+700,23.07555457,120.2636906,35.7
國8,M,7800,007K+800,23.0750779,120.2645194,35.76
國8,M,7900,007K+900,23.07457707,120.2653313,35.87
國8,M,8000,008K+000,23.07405376,120.2661266,35.97
國8,M,8100,008K+100,23.07351055,120.2669061,36.07
國8,M,8200,008K+200,23.07295063,120.2676717,36.17
國8,M,8300,008K+300,23.07237517,120.2684238,36.26
國8,M,8400,008K+400,23.07178564,120.2691631,36.35
國8,M,8500,008K+500,23.07118809,120.2698948,36.39
國8,M,8600,008K+600,23.07058007,120.2706163,36.4
國8,M,8700,008K+700,23.0699672,120.2713331,36.38
國8,M,8800,008K+800,23.06935147,120.2720469,36.33
國8,M,8900,008K+900,23.06873573,120.2727608,36.27
國8,M,9000,009K+000,23.06811999,120.2734746,36.22
國8,M,9100,009K+100,23.06750424,120.2741885,36.17
國8,M,9200,009K+200,23.0668921,120.2749059,36.13
國8,M,9300,009K+300,23.0662852,120.2756285,36.13
國8,M,9400,009K+400,23.06568863,120.2763611,36.65
國8,M,9500,009K+500,23.06509788,120.2770991,37.52
國8,M,9600,009K+600,23.06452202,120.2778506,39.01
國8,M,9700,009K+700,23.06395939,120.2786138,40.6
國8,M,9800,009K+800,23.06341412,120.2793915,42.12
國8,M,9900,009K+900,23.06288519,120.2801822,43.28
國8,M,10000,010K+000,23.06237535,120.2809876,43.91
國8,M,10100,010K+100,23.0618913,120.2818113,43.97
國8,M,10200,010K+200,23.06143152,120.2826511,43.43
國8,M,10300,010K+300,23.06099968,120.283508,42.12
國8,M,10400,010K+400,23.06059902,120.2843823,40.33
國8,M,10500,010K+500,23.06022546,120.2852705,38.36
國8,M,10600,010K+600,23.0598813,120.2861724,36.51
國8,M,10700,010K+700,23.05956829,120.2870876,35.15
國8,M,10800,010K+800,23.05928617,120.2880145,34.31
國8,M,10900,010K+900,23.05903409,120.2889515,34.18
國8,M,11000,011K+000,23.05881065,120.2898969,34.53
國8,M,11100,011K+100,23.05862154,120.290851,35.12
國8,M,11200,011K+200,23.05846391,120.2918117,35.73
國8,M,11300,011K+300,23.05833795,120.2927779,36.35
國8,M,11400,011K+400,23.05824106,120.293748,37.17
國8,M,11500,011K+500,23.05817835,120.2947214,37.61
國8,M,11600,011K+600,23.05815065,120.2956967,38.15
國8,M,11700,011K+700,23.05815317,120.2966724,38.6
國8,M,11800,011K+800,23.05818666,120.2976475,39.07
國8,M,11900,011K+900,23.05825134,120.2986208,38.58
國8,M,12000,012K+000,23.05835107,120.2995907,38.2
國8,M,12100,012K+100,23.05848377,120.3005558,37.82
國8,M,12200,012K+200,23.05864485,120.3015159,37.53
國8,M,12300,012K+300,23.05884025,120.3024686,37.58
國8,M,12400,012K+400,23.05906406,120.3034139,37.91
國8,M,12500,012K+500,23.05932179,120.3043491,38.48
國8,M,12600,012K+600,23.059609,120.3052742,38.97
國8,M,12700,012K+700,23.05992766,120.3061872,39.48
國8,M,12800,012K+800,23.06027526,120.3070878,39.98
國8,M,12900,012K+900,23.06064769,120.3079767,40.5
國8,M,13000,013K+000,23.0610356,120.3088579,40.94
國8,M,13100,013K+100,23.06143618,120.3097324,41.09
國8,M,13200,013K+200,23.06184189,120.3106043,41.04
國8,M,13300,013K+300,23.06224758,120.3114761,40.98
國8,M,13400,013K+400,23.0626469,120.3123514,40.92
國8,M,13500,013K+500,23.06302919,120.3132354,40.9
國8,M,13600,013K+600,23.06338219,120.3141335,41.06
國8,M,13700,013K+700,23.06369603,120.3150484,41.15
國8,M,13800,013K+800,23.06396587,120.3159795,41.31
國8,M,13900,013K+900,23.06418841,120.3169252,41.58
國8,M,14000,014K+000,23.06436725,120.3178816,42.37
國8,M,14100,014K+100,23.0644946,120.3188475,43.76
國8,M,14200,014K+200,23.06457898,120.3198188,45.58
國8,M,14300,014K+300,23.06461345,120.3207937,47.5
國8,M,14400,014K+400,23.06459926,120.3217691,49.36
國8,M,14500,014K+500,23.06454095,120.3227426,50.7
國8,M,14600,014K+600,23.06443542,120.3237117,51.47
國8,M,14700,014K+700,23.06427957,120.3246727,51.41
國8,M,14800,014K+800,23.06407883,120.3256239,50.62
國8,M,14900,014K+900,23.06383178,120.3265622,49.47
國8,M,15000,015K+000,23.06354295,120.3274867,48.38
國8,M,15100,015K+100,23.06320438,120.3283912,47.66
國8,M,15200,015K+200,23.06282248,120.3292753,47.38
國8,M,15300,015K+300,23.06239939,120.3301372,47.25
國8,M,15400,015K+400,23.06193787,120.3309756,46.94
國8,M,15496,015K+496,23.0614572,120.3317548,46.05
國4,M,16600,016K+600,24.272,120.73868,0.0
國4,M,16700,016K+700,24.2717,120.73961,0.0
國4,M,16800,016K+800,24.27142,120.74054,0.0
國4,M,16900,016K+900,24.27115,120.74148,0.0
國4,M,17000,017K+000,24.27089,120.74243,0.0
國4,M,17100,017K+100,24.27064,120.74337,0.0
國4,M,17200,017K+200,24.27039,120.74432,0.0
國4,M,17300,017K+300,24.27014,120.74526,0.0
國4,M,17400,017K+400,24.26987,120.7462,0.0
國4,M,17500,017K+500,24.26957,120.74713,0.0
國4,M,17600,017K+600,24.26924,120.74805,0.0
國4,M,17700,017K+700,24.26887,120.74895,0.0
國4,M,17800,017K+800,24.26847,120.74983,0.0
國4,M,17900,017K+900,24.26803,120.75069,0.0
國4,M,18000,018K+000,24.26756,120.75153,0.0
國4,M,18100,018K+100,24.26705,120.75234,0.0
國4,M,18200,018K+200,24.26648,120.75311,0.0
國4,M,18300,018K+300,24.26585,120.75381,0.0
國4,M,18400,018K+400,24.26516,120.75444,0.0
國4,M,18500,018K+500,24.26441,120.755,0.0
國4,M,18600,018K+600,24.26362,120.75548,0.0
國4,M,18700,018K+700,24.2628,120.75588,0.0
國4,M,18800,018K+800,24.26194,120.75618,0.0
國4,M,18900,018K+900,24.26106,120.7564,0.0
國4,M,19000,019K+000,24.26016,120.75652,0.0
國4,M,19100,019K+100,24.25926,120.75655,0.0
國4,M,19200,019K+200,24.25836,120.75648,0.0
國4,M,19300,019K+300,24.25747,120.7563,0.0
國4,M,19400,019K+400,24.2566,120.75606,0.0
國4,M,19500,019K+500,24.25575,120.75572,0.0
國4,M,19600,019K+600,24.25494,120.75529,0.0
國4,M,19700,019K+700,24.25417,120.75477,0.0
國4,M,19800,019K+800,24.25345,120.75419,0.0
國4,M,19900,019K+900,24.25278,120.75353,0.0
國4,M,20000,020K+000,24.25214,120.75283,0.0
國4,M,20100,020K+100,24.25153,120.7521,0.0
國4,M,20200,020K+200,24.25093,120.75137,0.0
國4,M,20300,020K+300,24.25031,120.75065,0.0
國4,M,20400,020K+400,24.24967,120.74996,0.0
國4,M,20500,020K+500,24.24899,120.74931,0.0
國4,M,20600,020K+600,24.24828,120.7487,0.0
國4,M,20700,020K+700,24.24755,120.74813,0.0
國4,M,20800,020K+800,24.24678,120.74761,0.0
國4,M,20900,020K+900,24.246,120.74711,0.0
國4,M,21000,021K+000,24.24522,120.74662,0.0
國4,M,21100,021K+100,24.24445,120.74611,0.0
國4,M,21200,021K+200,24.2437,120.74556,0.0
國4,M,21300,021K+300,24.24299,120.74495,0.0
國4,M,21400,021K+400,24.24232,120.7443,0.0
國4,M,21500,021K+500,24.24168,120.74359,0.0
國4,M,21600,021K+600,24.2411,120.74285,0.0
國4,M,21700,021K+700,24.24055,120.74206,0.0
國4,M,21800,021K+800,24.24005,120.74125,0.0
國4,M,21900,021K+900,24.23956,120.74042,0.0
國4,M,22000,022K+000,24.23907,120.73959,0.0
國4,M,22100,022K+100,24.23857,120.73877,0.0
國4,M,22200,022K+200,24.23804,120.73797,0.0
國4,M,22300,022K+300,24.23748,120.7372,0.0
國4,M,22400,022K+400,24.23689,120.73646,0.0
國4,M,22500,022K+500,24.23627,120.73574,0.0
國4,M,22600,022K+600,24.23562,120.73506,0.0
國4,M,22700,022K+700,24.23494,120.73442,0.0
國4,M,22800,022K+800,24.23421,120.73383,0.0
國4,M,22900,022K+900,24.23344,120.73332,0.0
國4,M,23000,023K+000,24.2326,120.73296,0.0
國4,M,23100,023K+100,24.23173,120.7327,0.0
國4,M,23200,023K+200,24.23084,120.73256,0.0
國4,M,23300,023K+300,24.22994,120.73246,0.0
國4,M,23400,023K+400,24.22904,120.73237,0.0
國4,M,23500,023K+500,24.22814,120.73227,0.0
國4,M,23600,023K+600,24.22724,120.73218,0.0
國4,M,23700,023K+700,24.22635,120.73209,0.0
國4,M,23800,023K+800,24.22545,120.73199,0.0
國4,M,23900,023K+900,24.22456,120.73185,0.0
國4,M,24000,024K+000,24.22368,120.7316,0.0
國4,M,24100,024K+100,24.22285,120.73122,0.0
國4,M,24200,024K+200,24.22208,120.73071,0.0
國4,M,24300,024K+300,24.2214,120.73007,0.0
國4,M,24400,024K+400,24.22087,120.72928,0.0
國4,M,24500,024K+500,24.22054,120.72838,0.0
國4,M,24600,024K+600,24.22041,120.72741,0.0
國4,M,24700,024K+700,24.22048,120.72643,0.0
國4,M,24800,024K+800,24.22066,120.72547,0.0
國4,M,24900,024K+900,24.22085,120.7245,0.0
國4,M,25000,025K+000,24.22094,120.72353,0.0
國4,M,25100,025K+100,24.22086,120.72255,0.0
國4,M,25200,025K+200,24.22055,120.72163,0.0
國4,M,25300,025K+300,24.22006,120.72082,0.0
國4,M,25400,025K+400,24.21943,120.72011,0.0
國4,M,25500,025K+500,24.21874,120.71948,0.0
國4,M,25600,025K+600,24.21799,120.71893,0.0
國4,M,25700,025K+700,24.2172,120.71847,0.0
國4,M,25800,025K+800,24.21637,120.71808,0.0
國4,M,25900,025K+900,24.21551,120.71776,0.0
國4,M,26000,026K+000,24.21465,120.71749,0.0
國4,M,26100,026K+100,24.21377,120.71727,0.0
國4,M,26200,026K+200,24.21288,120.71709,0.0
國4,M,26300,026K+300,24.21198,120.71697,0.0
國4,M,26400,026K+400,24.21108,120.71689,0.0
國4,M,26500,026K+500,24.21018,120.71687,0.0
國4,M,26600,026K+600,24.20928,120.7169,0.0
國4,M,26700,026K+700,24.20838,120.71697,0.0
國4,M,26800,026K+800,24.20748,120.71708,0.0
國4,M,26839,026K+839,24.20713,120.71712,0.0
國2甲,M,0,000K+0,25.07348,121.20059,0.0
國2甲,M,100,000K+100,25.07268,121.20105,0.0
國2甲,M,200,000K+200,25.07184,121.20142,0.0
國2甲,M,300,000K+300,25.07111,121.202,0.0
國2甲,M,400,000K+400,25.0706,121.20282,0.0
國2甲,M,500,000K+500,25.07018,121.20369,0.0
國2甲,M,600,000K+600,25.06968,121.20452,0.0
國2甲,M,700,000K+700,25.06916,121.20533,0.0
國2甲,M,800,000K+800,25.06858,121.20609,0.0
國2甲,M,900,000K+900,25.06794,121.20679,0.0
國2甲,M,1000,001K+000,25.06726,121.20744,0.0
國2甲,M,1100,001K+100,25.06656,121.20806,0.0
國2甲,M,1200,001K+200,25.06585,121.20867,0.0
國2甲,M,1300,001K+300,25.06513,121.20928,0.0
國2甲,M,1400,001K+400,25.06443,121.2099,0.0
國2甲,M,1500,001K+500,25.06372,121.21051,0.0
國2甲,M,1600,001K+600,25.06298,121.21109,0.0
國2甲,M,1700,001K+700,25.06223,121.21164,0.0
國2甲,M,1800,001K+800,25.06148,121.21218,0.0
國2甲,M,1900,001K+900,25.06068,121.21264,0.0
國2甲,M,2000,002K+000,25.05985,121.21304,0.0
國2甲,M,2100,002K+100,25.05899,121.21333,0.0
國2甲,M,2200,002K+200,25.05812,121.21362,0.0
國2甲,M,2274,002K+274,25.05749,121.21385,0.0
